"id","name","lat","long",".cluster"
"1","River Street , Clerkenwell","51.52916347","-0.109970527",2
"2","Phillimore Gardens, Kensington","51.49960695","-0.197574246",2
"3","Christopher Street, Liverpool Street","51.52128377","-0.084605692",3
"4","St. Chad's Street, King's Cross","51.53005939","-0.120973687",2
"5","Sedding Street, Sloane Square","51.49313","-0.156876",2
"6","Broadcasting House, Marylebone","51.51811784","-0.144228881",4
"7","Charlbert Street, St. John's Wood","51.53430039","-0.1680743",2
"8","Maida Vale, Maida Vale","51.529857","-0.18348604",2
"9","New Globe Walk, Bankside","51.5073853","-0.096440751",4
"10","Park Street, Bankside","51.50597426","-0.092754157",4
"11","Brunswick Square, Bloomsbury","51.52395143","-0.122502346",1
"12","Malet Street, Bloomsbury","51.52168078","-0.130431727",5
"13","Scala Street, Fitzrovia","51.51991453","-0.136039674",3
"14","Belgrove Street , King's Cross","51.52994371","-0.123616824",4
"15","Great Russell Street, Bloomsbury","51.51772703","-0.127854211",5
"16","Cartwright Gardens , Bloomsbury","51.52635795","-0.125979294",4
"17","Hatton Wall, Holborn","51.5216612","-0.109006325",3
"18","Drury Lane, Covent Garden","51.51477076","-0.12221963",1
"19","Taviton Street, Bloomsbury","51.52505093","-0.131161087",5
"20","Drummond Street , Euston","51.527326","-0.13605286",3
"22","Northington Street , Holborn","51.5222641","-0.114079481",4
"23","Red Lion Square, Holborn","51.51943538","-0.119123345",4
"24","British Museum, Bloomsbury","51.51908011","-0.124678402",5
"25","Doric Way , Somers Town","51.5288338","-0.132250369",3
"26","Ampton Street , Clerkenwell","51.52728093","-0.11829517",2
"27","Bouverie Street, Temple","51.51382102","-0.107927706",3
"28","Bolsover Street, Fitzrovia","51.52351808","-0.143613641",4
"29","Hereford Road, Bayswater","51.513735","-0.193487",2
"30","Windsor Terrace, Hoxton","51.52915444","-0.093421615",2
"31","Fanshaw Street, Hoxton","51.52953709","-0.083353323",5
"32","Leonard Circus , Shoreditch","51.52469624","-0.084439283",3
"33","Central House, Aldgate","51.515231","-0.07015",2
"34","Pancras Road, King's Cross","51.5341235","-0.129386874",5
"36","De Vere Gardens, Kensington","51.50173726","-0.184980612",1
"37","Penywern Road, Earl's Court","51.49159394","-0.192369256",2
"38","Abingdon Villas, Kensington","51.4973875","-0.197245586",2
"39","Shoreditch High Street, Shoreditch","51.5263778","-0.078130921",4
"40","Commercial Street, Shoreditch","51.52127071","-0.0755789",6
"41","Pindar Street, Liverpool Street","51.520955","-0.083493552",3
"42","Wenlock Road , Hoxton","51.53099181","-0.093903825",2
"43","Crawford Street, Marylebone","51.52026","-0.157183945",2
"44","Bruton Street, Mayfair","51.51073687","-0.144165239",6
"45","Boston Place, Marylebone","51.522511","-0.162298",2
"46","Nesham Street, Wapping","51.507131","-0.06691",2
"47","Warwick Avenue Station, Maida Vale","51.52334476","-0.183846408",2
"48","Godliman Street, St. Paul's","51.51248445","-0.099141408",3
"49","Curzon Street, Mayfair","51.50706909","-0.145904427",4
"50","East Road, Hoxton","51.52867339","-0.087459376",2
"51","Finsbury Library , Finsbury","51.52671796","-0.104298194",5
"52","Roscoe Street, St. Luke's","51.52295439","-0.094934859",4
"53","Grafton Street, Mayfair","51.5099923","-0.143495266",6
"54","Golden Lane, Barbican","51.52174785","-0.094475072",4
"55","Finsbury Circus, Liverpool Street","51.51707521","-0.086685542",3
"56","Paddington Street, Marylebone","51.52058381","-0.154701411",2
"57","Guilford Street , Bloomsbury","51.52334672","-0.120202614",1
"58","New Inn Yard, Shoreditch","51.52452699","-0.079248081",3
"60","Lisson Grove, St. John's Wood","51.52644828","-0.172190727",2
"61","Great Dover Street, The Borough","51.49738251","-0.089446947",4
"62","Cotton Garden Estate, Kennington","51.4907579","-0.106323685",2
"63","Murray Grove , Hoxton","51.53089041","-0.089782579",2
"64","William IV Street, Strand","51.50946212","-0.124749274",1
"66","Holborn Circus, Holborn","51.51795029","-0.108657431",3
"67","Hatton Garden, Holborn","51.51882555","-0.108028472",3
"68","Theobald's Road , Holborn","51.52059681","-0.116688468",4
"69","Euston Road, Euston","51.5262363","-0.134407652",5
"70","Calshot Street , King's Cross","51.53136059","-0.117069978",4
"71","Newgate Street , St. Paul's","51.5154186","-0.098850915",3
"72","Farringdon Lane, Clerkenwell","51.52352001","-0.108340165",4
"73","Old Street Station, St. Luke's","51.52548","-0.089659871",4
"74","Vauxhall Cross, Vauxhall","51.48591714","-0.124469948",3
"75","Torrens Street, Angel","51.53219984","-0.105480698",6
"76","Longford Street, The Regent's Park","51.52559505","-0.144083893",1
"77","Russell Square Station, Bloomsbury","51.52341837","-0.124121774",4
"78","Sadlers Sports Centre, Finsbury","51.52486887","-0.099489485",4
"79","Arundel Street, Temple","51.511726","-0.11385596",5
"80","Webber Street , Southwark","51.50069361","-0.102091246",2
"81","Great Titchfield Street, Fitzrovia","51.52025302","-0.141327271",2
"82","Chancery Lane, Holborn","51.514274","-0.111257",1
"83","Panton Street, West End","51.50963938","-0.131510949",1
"84","Breams Buildings, Holborn","51.51593725","-0.111778348",1
"85","Tanner Street, Bermondsey","51.50064702","-0.078600401",4
"86","Sancroft Street, Vauxhall","51.48947903","-0.115156562",4
"87","Devonshire Square, Liverpool Street","51.51646835","-0.079684557",3
"88","Bayley Street , Bloomsbury","51.51858757","-0.132053392",6
"89","Tavistock Place, Bloomsbury","51.5262503","-0.123509611",4
"90","Harrington Square 1, Camden Town","51.53301907","-0.139174593",1
"91","Walnut Tree Walk, Vauxhall","51.49368637","-0.111014912",4
"92","Borough Road, Elephant & Castle","51.49889832","-0.100440521",5
"93","Cloudesley Road, Angel","51.53440868","-0.109025404",6
"94","Bricklayers Arms, Borough","51.49506109","-0.085814489",5
"95","Aldersgate Street, Barbican","51.5208417","-0.097340162",4
"96","Falkirk Street, Hoxton","51.53095071","-0.078505384",5
"97","Gloucester Road (North), Kensington","51.49792478","-0.183834706",2
"98","Hampstead Road, Euston","51.52554222","-0.138231303",3
"99","Old Quebec Street, Marylebone","51.51457763","-0.158264483",2
"100","Albert Embankment, Vauxhall","51.49043573","-0.122806861",3
"101","Queen Street 1, Bank","51.51155322","-0.0929401",3
"102","Jewry Street, Aldgate","51.51340693","-0.076793375",3
"103","Vicarage Gate, Kensington","51.50472376","-0.192538767",2
"104","Crosswall, Tower","51.51159481","-0.077121322",3
"105","Westbourne Grove, Bayswater","51.51552971","-0.190240716",2
"106","Woodstock Street, Mayfair","51.51410514","-0.147301667",6
"107","Finsbury Leisure Centre, St. Luke's","51.52600832","-0.096317627",4
"108","Abbey Orchard Street, Westminster","51.49812559","-0.132102166",3
"109","Soho Square , Soho","51.51563144","-0.132328837",6
"110","Wellington Road, St. John's Wood","51.53304322","-0.172528678",2
"111","Park Lane , Hyde Park","51.5100172","-0.157275636",1
"112","Stonecutter Street, Holborn","51.51580998","-0.105270275",3
"113","Gloucester Road (Central), South Kensington","51.49646288","-0.183289032",2
"114","Park Road (Baker Street), The Regent's Park","51.52451738","-0.158963647",4
"115","Braham Street, Aldgate","51.51423368","-0.073537654",3
"116","Little Argyll Street, West End","51.51449962","-0.141423695",6
"117","Lollard Street, Vauxhall","51.49288067","-0.114934001",4
"118","Rochester Row, Westminster","51.49582705","-0.13547809",4
"119","Bath Street, St. Luke's","51.52589324","-0.090847761",4
"120","The Guildhall, Guildhall","51.51573534","-0.093080779",3
"121","Baker Street, Marylebone","51.51891348","-0.156166631",2
"122","Norton Folgate, Liverpool Street","51.52111369","-0.078869751",3
"123","St. John Street, Finsbury","51.52836014","-0.104724625",5
"124","Eaton Square, Belgravia","51.49654462","-0.150905245",2
"125","Borough High Street, The Borough","51.50069491","-0.094524319",4
"126","Museum of London, Barbican","51.51782144","-0.096496865",4
"127","Wood Street, Guildhall","51.51700801","-0.09388536",3
"128","Emperor's Gate, South Kensington","51.49536226","-0.185296516",2
"129","Golden Square, Soho","51.5118973","-0.137043852",6
"130","Tower Gardens , Tower","51.50950627","-0.075459482",1
"131","Eversholt Street , Camden Town","51.53300545","-0.136792671",1
"132","Bethnal Green Road, Shoreditch","51.52364804","-0.074754872",4
"133","Derry Street, Kensington","51.50136494","-0.191462381",2
"134","Wapping High Street, Wapping","51.504904","-0.06797",4
"135","Clerkenwell Green, Clerkenwell","51.52326004","-0.104708922",3
"136","Queen Victoria Street, St. Paul's","51.51196176","-0.097441687",3
"138","Green Street, Mayfair","51.51227622","-0.157436972",1
"139","Lambeth Road, Vauxhall","51.49488108","-0.117974901",1
"140","Finsbury Square , Moorgate","51.52096262","-0.085634242",3
"141","Chapel Place, Marylebone","51.51530805","-0.147203711",6
"142","West Cromwell Road, Earl's Court","51.49372451","-0.198286569",2
"143","Pont Street, Knightsbridge","51.4968865","-0.161203828",2
"144","Kennington Cross, Kennington","51.48894022","-0.111435796",2
"145","Ilchester Place, Kensington","51.50074359","-0.202759212",1
"146","Vauxhall Bridge , Pimlico","51.48836528","-0.129361842",5
"148","Tachbrook Street, Victoria","51.49211134","-0.138364847",2
"149","Kennington Road Post Office, Oval","51.48478899","-0.110683213",1
"150","Holy Trinity Brompton, Knightsbridge","51.49705603","-0.168917077",2
"151","Chepstow Villas, Notting Hill","51.51213691","-0.201554966",4
"152","Hampton Street, Walworth","51.49217002","-0.101536865",4
"153","Bayswater Road, Hyde Park","51.511933","-0.174411",1
"154","Waterloo Station 3, Waterloo","51.50379168","-0.11282408",5
"155","Lexham Gardens, Kensington","51.49586666","-0.191933711",2
"156","New Kent Road, The Borough","51.49443626","-0.092921165",5
"157","Wright's Lane, Kensington","51.50039792","-0.193068385",2
"158","Trebovir Road, Earl's Court","51.49085368","-0.196170309",2
"160","Waterloo Place, St. James's","51.50663341","-0.131773845",1
"161","Guildhouse Street, Victoria","51.49234577","-0.141334487",4
"162","Southampton Place, Holborn","51.51760685","-0.121328408",1
"163","Sloane Avenue, Knightsbridge","51.4931848","-0.167894973",2
"164","Cleveland Gardens, Bayswater","51.515607","-0.183118788",2
"165","Orsett Terrace, Bayswater","51.517932","-0.183716959",2
"166","Seville Street, Knightsbridge","51.50185512","-0.159237081",1
"167","Eccleston Place, Victoria","51.49395092","-0.147624377",2
"168","Argyll Road, Kensington","51.50040123","-0.195455928",2
"169","Porchester Place, Paddington","51.51474612","-0.165164288",2
"170","Hardwick Street, Clerkenwell","51.52784273","-0.108068155",4
"171","Collingham Gardens, Earl's Court","51.4916156","-0.186753859",2
"172","Sumner Place, South Kensington","51.49121192","-0.173715911",2
"173","Waterloo Road, South Bank","51.50486","-0.113001",1
"175","Worship Street, Shoreditch","51.521668","-0.079608554",3
"176","Gloucester Terrace, Bayswater","51.51791921","-0.188098863",2
"177","Ashley Place, Victoria","51.49616092","-0.140947636",4
"178","Warwick Square, Pimlico","51.48985626","-0.141923621",4
"180","North Audley Street, Mayfair","51.5129118","-0.153645496",6
"181","Belgrave Square, Belgravia","51.49941247","-0.152317537",2
"182","Bell Street , Marylebone","51.52202903","-0.165842551",2
"183","Riverlight North, Nine Elms","51.482362","-0.13612398",2
"184","Portland Place, Marylebone","51.52071513","-0.14521173",2
"185","Alderney Street, Pimlico","51.48805753","-0.140741432",5
"186","South Wharf Road, Paddington","51.51733558","-0.175810943",4
"187","Queen's Gate (South), South Kensington","51.49247977","-0.178433004",2
"188","Nutford Place, Marylebone","51.5165179","-0.164393768",2
"189","Claremont Square, Angel","51.53166681","-0.109914711",3
"190","Rampayne Street, Pimlico","51.48997562","-0.132845681",2
"191","Hyde Park Corner, Hyde Park","51.50311799","-0.153520935",1
"192","Wardour Street, Soho","51.51251523","-0.133201961",6
"193","Bankside Mix, Bankside","51.50581776","-0.100186337",4
"194","Hop Exchange, The Borough","51.50462759","-0.091773776",5
"195","Milroy Walk, South Bank","51.50724437","-0.106237501",3
"196","Union Street, The Borough","51.50368837","-0.098497684",4
"197","Stamford Street, South Bank","51.50556905","-0.111606696",4
"199","Great Tower Street, Monument","51.51048489","-0.082989638",3
"200","LMU Commercial Road, Whitechapel","51.51492456","-0.066078037",2
"201","Dorset Square, Marylebone","51.5225965","-0.161113413",2
"202","Leman Street, Aldgate","51.51236389","-0.06954201",2
"203","West Smithfield Rotunda, Farringdon","51.51821864","-0.100791005",3
"204","Margery Street, Clerkenwell","51.52659961","-0.112432615",2
"206","New Road 1 , Whitechapel","51.518154","-0.062697",4
"207","Grosvenor Crescent, Belgravia","51.50135267","-0.153194766",4
"208","Mallory Street, Marylebone","51.52505151","-0.166304359",2
"209","Denyer Street, Knightsbridge","51.49358391","-0.165101392",2
"210","Hinde Street, Marylebone","51.51681444","-0.151926305",2
"211","Cadogan Place, Knightsbridge","51.49464523","-0.158105512",2
"213","Wellington Arch, Hyde Park","51.50274025","-0.149569201",1
"214","Endsleigh Gardens, Euston","51.52683806","-0.130504336",4
"215","Moorfields, Moorgate","51.51906932","-0.088285377",3
"216","Old Brompton Road, South Kensington","51.49094565","-0.181190899",2
"217","Wormwood Street, Liverpool Street","51.51615461","-0.082422399",3
"218","St. Luke's Church, Chelsea","51.48971651","-0.170194408",4
"219","Bramham Gardens, Earl's Court","51.49016361","-0.19039362",2
"220","Chelsea Green, Chelsea","51.49066456","-0.166485083",2
"221","Horseferry Road, Westminster","51.49481649","-0.13045856",2
"222","Knightsbridge, Hyde Park","51.50275704","-0.155349725",1
"223","Rodney Road , Walworth","51.49148474","-0.090220911",4
"224","Queensway, Kensington Gardens","51.51031","-0.18740235",1
"225","Notting Hill Gate Station, Notting Hill","51.50935342","-0.196422",2
"226","Charles II Street, West End","51.50844614","-0.131961389",1
"227","Great Percy Street, Clerkenwell","51.52891573","-0.115480888",2
"228","St. James's Square, St. James's","51.50742485","-0.134621209",1
"229","Whitehall Place, Strand","51.50654321","-0.123179697",1
"230","Poured Lines, Bankside","51.50669284","-0.103137426",4
"231","Queen's Gate (Central), South Kensington","51.49396755","-0.17873226",5
"232","Carey Street, Holborn","51.51501025","-0.112753217",5
"233","Pall Mall East, West End","51.50777049","-0.130699733",1
"234","Liverpool Road (N1 Centre), Angel","51.53450449","-0.106992706",6
"235","Kennington Road  , Vauxhall","51.49571828","-0.110889274",1
"236","Fashion Street, Whitechapel","51.51838043","-0.073438925",4
"237","Dock Street, Wapping","51.5097860151","-0.0681619805156",2
"238","Frampton Street, Paddington","51.5233534","-0.175116099",4
"239","Warren Street Station, Euston","51.52443845","-0.138019439",5
"240","Colombo Street, Southwark","51.50545935","-0.10569204",4
"242","Beaumont Street, Marylebone","51.52200801","-0.151359288",2
"243","Gloucester Street, Pimlico","51.49096258","-0.139625122",4
"244","Earnshaw Street , Covent Garden","51.51611887","-0.128585022",6
"245","Grosvenor Road, Pimlico","51.4853572","-0.142207481",4
"246","Berry Street, Clerkenwell","51.52285301","-0.099994052",5
"247","St. John's Wood Church, The Regent's Park","51.530529","-0.167515",4
"248","Triangle Car Park, Hyde Park","51.50645179","-0.170279555",1
"249","Harper Road, The Borough","51.49859784","-0.096191134",4
"250","Royal Avenue 1, Chelsea","51.489932","-0.162727",4
"251","Brushfield Street, Liverpool Street","51.518908","-0.079249",6
"252","Jubilee Gardens, South Bank","51.5046364","-0.116542278",1
"253","Shoreditch Park, Hoxton","51.53404294","-0.086379717",1
"254","Chadwell Street, Angel","51.53051587","-0.106408455",4
"255","Clifton Road, Maida Vale","51.52557531","-0.179592915",2
"256","Houghton Street, Strand","51.51362054","-0.116764211",5
"257","Westminster University, Marylebone","51.52248185","-0.154907218",4
"258","Kensington Gore, Knightsbridge","51.50143293","-0.178656971",1
"259","Bourne Street, Belgravia","51.490959","-0.1532331",2
"260","Broadwick Street, Soho","51.5136846","-0.135580879",6
"261","Princes Square, Bayswater","51.5134891","-0.191351186",2
"262","LSBU (Borough Road), Elephant & Castle","51.49874469","-0.103132904",5
"263","St. Mary Axe, Aldgate","51.51422502","-0.080660083",3
"264","Tysoe Street, Clerkenwell","51.52644342","-0.109256828",4
"265","Southwick Street, Paddington","51.51595344","-0.169249375",2
"266","Queen's Gate (North), Kensington","51.50102668","-0.180246101",1
"267","Regency Street, Westminster","51.49206037","-0.132224622",2
"268","Belgrave Road, Victoria","51.49320445","-0.144132875",4
"269","Empire Square, The Borough","51.50082346","-0.089740764",5
"270","Kennington Lane Rail Bridge, Vauxhall","51.4863434","-0.122492418",1
"271","London Zoo,  The Regent's Park","51.53583617","-0.156285395",1
"272","Baylis Road, Waterloo","51.50144456","-0.110699309",5
"273","Belvedere Road 1, South Bank","51.50613324","-0.114686385",1
"274","Warwick Road, Olympia","51.49671237","-0.20528437",2
"275","Barbican Centre, Barbican","51.52004497","-0.092176447",4
"276","Lower Thames Street, Monument","51.50930161","-0.084985356",3
"277","Kensington Church Street, Kensington","51.50315739","-0.191496313",2
"278","Tooley Street, Bermondsey","51.5034938","-0.07962099",1
"279","North Wharf Road, Paddington","51.51862243","-0.176645823",2
"280","Royal Avenue 2, Chelsea","51.490083","-0.162418",4
"281","Smith Square, Westminster","51.49580589","-0.127575233",4
"282","Royal London Hospital, Whitechapel","51.518675","-0.06111",4
"283","Kingsway, Covent Garden","51.51440928","-0.118478757",5
"284","Lambeth North Station, Waterloo","51.49914063","-0.112031483",5
"286","St. John's Wood Road, St. John's Wood","51.5272947","-0.174653609",2
"287","Bedford Way, Bloomsbury","51.52367314","-0.128377673",5
"288","Elizabeth Bridge, Victoria","51.49236962","-0.147478734",2
"289","South Audley Street, Mayfair","51.50923022","-0.151296092",2
"290","St Mary's Hospital, Paddington","51.518268","-0.17110323",2
"291","Claverton Street, Pimlico","51.48483991","-0.138089062",2
"292","Montpelier Street, Knightsbridge","51.49888404","-0.165471605",4
"293","Kensington Olympia Station, Olympia","51.49815779","-0.209494128",2
"294","St. George's Square, Pimlico","51.488226","-0.135635511",4
"295","Swan Street, The Borough","51.50029631","-0.092762704",4
"296","Knaresborough Place, Earl's Court","51.49363156","-0.190603326",2
"297","Geraldine Street, Elephant & Castle","51.49612799","-0.106000855",1
"298","Curlew Street, Shad Thames","51.50227992","-0.074189225",2
"299","Vincent Square, Westminster","51.49398524","-0.136928582",2
"300","Serpentine Car Park, Hyde Park","51.505014","-0.17306032",1
"301","Marylebone Lane, Marylebone","51.51475963","-0.148105415",6
"302","Putney Pier, Wandsworth","51.466907","-0.216573",1
"303","Albert Gate, Hyde Park","51.50295379","-0.158456089",1
"306","Rathbone Street, Fitzrovia","51.51816295","-0.135025698",4
"307","Black Lion Gate, Kensington Gardens","51.50990837","-0.187842717",1
"308","Long Lane , Bermondsey","51.49907558","-0.085666316",4
"309","Embankment (Savoy), Strand","51.50963123","-0.119047563",1
"310","Black Prince Road, Vauxhall","51.4908679","-0.116911864",4
"311","Foley Street, Fitzrovia","51.51918144","-0.140485596",4
"312","Grove End Road, St. John's Wood","51.53088935","-0.176770502",2
"313","Wells Street, Fitzrovia","51.51734403","-0.138072691",6
"314","Tyers Gate, Bermondsey","51.50088934","-0.083159352",4
"315","The Tennis Courts, The Regent's Park","51.52536703","-0.153463612",1
"316","Warwick Row, Westminster","51.497998","-0.14296064",4
"317","Dickens Square, Borough","51.49679128","-0.093913472",4
"318","Sackville Street, Mayfair","51.51004801","-0.138846453",6
"319","Baldwin Street, St. Luke's","51.52702563","-0.088542771",2
"320","Queen Mother Sports Centre, Victoria","51.49357351","-0.139956043",2
"321","Bermondsey Street, Bermondsey","51.49785559","-0.081608045",2
"322","Palissy Street, Shoreditch","51.526293","-0.073955",4
"323","Clifton Street, Shoreditch","51.523196","-0.083067",3
"324","Ontario Street, Elephant & Castle","51.49652013","-0.101384068",5
"325","St. Martin's Street, West End","51.50908747","-0.129697889",1
"326","Graham Street, Angel","51.53266186","-0.099981142",4
"327","New North Road 1, Hoxton","51.53095","-0.085603",2
"328","New North Road 2, Hoxton","51.53114","-0.086016",2
"329","Prince Albert Road, The Regent's Park","51.53589283","-0.160854428",1
"330","Eastbourne Mews, Paddington","51.51641749","-0.179135079",2
"331","Bunhill Row, Moorgate","51.52085887","-0.089887855",3
"332","Nevern Place, Earl's Court","51.49334336","-0.194757949",2
"333","Palace Gardens Terrace, Notting Hill","51.50860544","-0.193764092",2
"334","Concert Hall Approach 1, South Bank","51.505044","-0.115851",1
"335","Tavistock Street, Covent Garden","51.51196803","-0.120718759",1
"336","Concert Hall Approach 2, South Bank","51.504942","-0.115533",1
"337","Pembridge Villas, Notting Hill","51.51108452","-0.197524944",2
"338","Wellington Street , Strand","51.51175646","-0.119643424",1
"339","Risinghill Street, Angel","51.5333196","-0.1117812",5
"340","Bank of England Museum, Bank","51.51444134","-0.087587447",1
"341","Craven Street, Strand","51.50810309","-0.12602103",1
"343","London Zoo Car Park, The Regent's Park","51.53692216","-0.150181444",1
"344","Goswell Road (City Uni), Finsbury","51.528246","-0.10102611",5
"345","Flood Street, Chelsea","51.48802358","-0.166878535",4
"347","Lower Marsh, Waterloo","51.50013942","-0.113936001",5
"348","Grosvenor Square, Mayfair","51.51217033","-0.150481272",4
"349","St. George Street, Mayfair","51.51196","-0.142783033",6
"350","Queen's Gate, Kensington Gardens","51.5017154373867","-0.1798541843891",1
"351","Macclesfield Rd, St Lukes","51.529423","-0.097122",4
"352","Vauxhall Street, Vauxhall","51.486965","-0.116625",5
"353","Greycoat Street , Westminster","51.49459148","-0.134234258",5
"354","Northumberland Avenue, Strand","51.506767","-0.123702",1
"355","Clapham Common Station, Clapham Common","51.461388","-0.13922146",1
"356","South Kensington Station, South Kensington","51.494412","-0.173881",5
"357","Howland Street, Fitzrovia","51.520994","-0.139016",4
"358","High Holborn , Covent Garden","51.516226","-0.124826",4
"359","Butler Place, Westminster","51.49782999","-0.135440826",5
"360","Howick Place, Westminster","51.49675303","-0.138733562",4
"361","Waterloo Station 2, Waterloo","51.50391973","-0.11342629",5
"362","Royal College Street, Camden Town","51.536264","-0.133952",5
"363","Lord's, St. John's Wood","51.5291212008901","-0.171185284853",2
"364","Store Street, Bloomsbury","51.519572","-0.13214036",4
"365","City Road, Angel","51.530344","-0.100168",4
"366","Millennium Hotel, Mayfair","51.5109192966489","-0.1511263847351",4
"367","Harrowby Street, Marylebone","51.5173721","-0.1642075",2
"368","Harriet Street, Knightsbridge","51.50024195","-0.15934065",2
"370","Paddington Green, Paddington","51.520205","-0.174593",4
"371","King Edward Walk, Waterloo","51.49775","-0.10988",1
"372","Sardinia Street, Holborn","51.515208","-0.117863",5
"373","Prince Consort Road, Knightsbridge","51.49980661","-0.176415994",5
"374","Waterloo Station 1, Waterloo","51.50402794","-0.11386436",5
"375","Kensington Town Hall, Kensington","51.50194596","-0.194392952",2
"376","Millbank Tower, Pimlico","51.49188409","-0.125674815",3
"377","Waterloo Bridge, South Bank","51.50535447","-0.113656543",1
"378","Natural History Museum, South Kensington","51.49559291","-0.179077626",5
"379","Turquoise Island, Notting Hill","51.51431171","-0.200838199",2
"380","Stanhope Gate, Mayfair","51.50686435","-0.150666888",4
"381","Charlotte Street, Fitzrovia","51.51953043","-0.13577731",3
"382","Farm Street, Mayfair","51.50935171","-0.14744969",4
"383","Frith Street, Soho","51.51310333","-0.13121385",4
"384","Marloes Road, Kensington","51.496481","-0.192404",2
"386","Moor Street, Soho","51.51352755","-0.130110822",4
"387","Fire Brigade Pier, Vauxhall","51.49369988","-0.121394101",5
"388","Southampton Street, Strand","51.51070161","-0.121723604",1
"389","Upper Grosvenor Street, Mayfair","51.51013066","-0.155757901",1
"390","Buxton Street 1, Shoreditch","51.521776","-0.068856",4
"391","Clifford Street, Mayfair","51.51066202","-0.142345694",6
"392","Imperial College, Knightsbridge","51.49942855","-0.179702476",5
"393","Snow Hill, Farringdon","51.51733427","-0.103604248",3
"394","Aberdeen Place, St. John's Wood","51.524826","-0.176268",2
"395","Cadogan Gardens, Chelsea","51.492462","-0.159919",2
"396","Shouldham Street, Marylebone","51.51809","-0.163609",2
"397","Devonshire Terrace, Bayswater","51.51348","-0.17977",2
"398","Holland Park, Kensington","51.502319","-0.200742",1
"399","Brick Lane Market, Shoreditch","51.52261762","-0.071653961",1
"400","George Street, Marylebone","51.517703","-0.154106",2
"401","Columbia Road, Shoreditch","51.528187","-0.075375",4
"402","Penfold Street, Marylebone","51.52289229","-0.171681991",2
"403","George Place Mews, Marylebone","51.51689296","-0.158249929",2
"404","Palace Gate, Kensington Gardens","51.50204238","-0.184400221",1
"405","Gloucester Road Station, South Kensington","51.49418566","-0.18267094",2
"409","Strata, Elephant & Castle","51.493146","-0.099828",4
"410","Edgware Road Station, Marylebone","51.519968","-0.169774",2
"411","Rotherhithe Roundabout, Rotherhithe","51.499169","-0.055846029",1
"412","Cleaver Street, Kennington","51.488105","-0.110121",2
"419","Chelsea Bridge, Pimlico","51.485821","-0.149004",4
"420","Southwark Station 1, Southwark","51.504043","-0.105312",4
"421","Southwark Station 2, Southwark","51.504044","-0.104778",4
"423","Eaton Square (South), Belgravia","51.49456127","-0.15393398",2
"424","Ebury Bridge, Pimlico","51.490491","-0.149186",2
"425","Harrington Square 2, Camden Town","51.533379","-0.139159",1
"426","Vincent Street, Pimlico","51.493072","-0.129925",4
"427","Cheapside, Bank","51.51397065","-0.09294031",6
"428","Exhibition Road, Knightsbridge","51.499917","-0.174554",5
"430","South Parade, Chelsea","51.48902","-0.17524",2
"431","Crinan Street, King's Cross","51.534474","-0.122203",4
"432","Exhibition Road Museums 1, South Kensington","51.496468","-0.17379696",5
"433","Wren Street, Holborn","51.524564","-0.116279",4
"435","Kennington Station, Kennington","51.488852","-0.105593",4
"436","Red Lion Street, Holborn","51.51824","-0.11655",1
"437","Vauxhall Walk, Vauxhall","51.488124","-0.120903",1
"439","Killick Street, King's Cross","51.5338","-0.118677",4
"440","Kennington Oval, Oval","51.483145","-0.113134",4
"441","Sail Street, Vauxhall","51.495656","-0.114605",1
"442","Walmer Road, Avondale","51.510101","-0.211358",4
"443","Philpot Street, Whitechapel","51.515256","-0.058641",5
"444","Bethnal Green Garden, Bethnal Green","51.52568","-0.055312",1
"445","Cheshire Street, Bethnal Green","51.52388","-0.065076",1
"446","York Hall, Bethnal Green","51.528936","-0.055894",4
"447","Jubilee Crescent, Cubitt Town","51.493381","-0.007542",1
"448","Fisherman's Walk West, Canary Wharf","51.50623","-0.02296",3
"449","Shadwell Station, Shadwell","51.511088","-0.057159",4
"450","Jubilee Street, Stepney","51.515975","-0.053177",2
"451","Hermitage Court, Wapping","51.504719","-0.063531",4
"452","St. Katharine's Way, Tower","51.505697","-0.070542",2
"453","Garnet Street, Shadwell","51.508447","-0.055167",4
"454","Napier Avenue, Millwall","51.487679","-0.021582",4
"455","East Ferry Road, Cubitt Town","51.49447","-0.014409",1
"456","Parkway, Camden Town","51.538071","-0.144664",4
"457","Castlehaven Road, Camden Town","51.542138","-0.145393",4
"458","Wapping Lane, Wapping","51.504749","-0.057544",4
"459","Gunmakers Lane, Old Ford","51.535179","-0.03338",1
"460","Burdett Road, Mile End","51.516196","-0.029138",1
"461","Aston Street, Stepney","51.516","-0.038775",4
"462","Bonny Street, Camden Town","51.541603","-0.138853",2
"463","Thurtle Road, Haggerston","51.534776","-0.071881",4
"464","St. Mary & St. Michael Church, Stepney","51.51417","-0.052099",5
"465","Pitfield Street North,Hoxton","51.53558","-0.08249",4
"466","Whiston Road, Haggerston","51.534464","-0.076341",2
"467","Southern Grove, Bow","51.523538","-0.030556",2
"468","Cantrell Road, Bow","51.521564","-0.022694",2
"469","Lindfield Street, Poplar","51.513757","-0.020467",1
"470","Mostyn Grove, Bow","51.530535","-0.025492",2
"471","Hewison Street, Old Ford","51.533283","-0.028155",2
"472","Malmesbury Road, Bow","51.529452","-0.027616",5
"473","Millharbour, Millwall","51.496137","-0.019355",2
"474","Gascoyne Road, Victoria Park","51.541515","-0.038557746",1
"475","Lightermans Road, Millwall","51.499041","-0.020157",2
"476","Stebondale Street, Cubitt Town","51.489096","-0.009205",1
"477","Spindrift Avenue, Millwall","51.49109","-0.018716",2
"478","Stepney Green Station, Stepney","51.521889","-0.04667",4
"479","Pott Street, Bethnal Green","51.527152","-0.058005",1
"480","Flamborough Street, Limehouse","51.5128711","-0.0389866",2
"481","Saunders Ness Road, Cubitt Town","51.487129","-0.0090011",4
"482","Exhibition Road Museums 2, South Kensington","51.495947","-0.17368958",5
"483","Albert Gardens, Stepney","51.51328","-0.047784",5
"484","Bromley High Street, Bow","51.528828","-0.013258",2
"485","Old Ford Road, Bethnal Green","51.531127","-0.048017",4
"486","Granby Street, Shoreditch","51.525645","-0.069543",5
"487","Canton Street, Poplar","51.511811","-0.025626",2
"488","Reardon Street, Wapping","51.506946","-0.058681",4
"489","Christian Street, Whitechapel","51.513074","-0.064094",2
"490","Pennington Street, Wapping","51.508622","-0.065006",4
"491","Queen Mary's, Mile End","51.522507","-0.041378",5
"492","Maplin Street, Mile End","51.525501","-0.032267204",4
"494","South Quay East, Canary Wharf","51.50196","-0.016251",3
"495","Bow Church Station, Bow","51.528169","-0.018703",4
"496","Devons Road, Bow","51.52512","-0.015578",2
"497","Merchant Street, Bow","51.526578","-0.027581",5
"498","Bow Road Station, Bow","51.527058","-0.025296",5
"499","Furze Green, Bow","51.519265","-0.021345",4
"500","Ansell House, Stepney","51.520019","-0.05438",2
"501","Cephas Street, Bethnal Green","51.522561","-0.054883",2
"502","Bonner Gate, Victoria Park","51.53341","-0.049591815",1
"503","Cleveland Way, Stepney","51.520893","-0.051394",4
"504","St. John's Park, Cubitt Town","51.496454","-0.009506",4
"505","Ackroyd Drive, Bow","51.520398","-0.026768",5
"506","Bell Lane, Liverpool Street","51.517475","-0.075855",4
"507","Clarkson Street, Bethnal Green","51.528692","-0.059091",4
"508","Fournier Street, Whitechapel","51.519362","-0.074431",6
"509","Fore Street, Guildhall","51.517842","-0.090075",4
"510","Westferry DLR, Limehouse","51.509303","-0.025996",4
"511","Sutton Street, Shadwell","51.511066","-0.053558",2
"512","Pritchard's Road, Bethnal Green","51.532091","-0.06142",2
"513","Watney Market, Stepney","51.5142228","-0.055656",2
"514","Portman Square, Marylebone","51.516204","-0.155525",2
"515","Russell Gardens, Olympia","51.500088","-0.211316",2
"516","Chrisp Street Market, Poplar","51.5112","-0.014438",1
"517","Ford Road, Old Ford","51.532513","-0.033085",2
"518","Antill Road, Mile End","51.528224","-0.037471",1
"519","Teviot Street, Poplar","51.518811","-0.011662",2
"520","Bancroft Road, Bethnal Green","51.526041","-0.047218",5
"521","Driffield Road, Old Ford","51.534137","-0.037366",1
"522","Clinton Road, Mile End","51.525941","-0.036017",1
"523","Langdon Park, Poplar","51.51549","-0.013475",5
"524","Lancaster Gate , Bayswater","51.511654","-0.179668",4
"526","Lancaster Drive, Blackwall","51.503143","-0.008428",2
"527","Hansard Mews, Holland Park","51.503802","-0.215808",6
"528","Clarges Street, Mayfair","51.507326","-0.145827",4
"529","Manresa Road, Chelsea","51.486892","-0.170983",2
"530","Newby Place, Poplar","51.508896","-0.012413",4
"531","Twig Folly Bridge, Mile End","51.530326","-0.042744",1
"532","Jubilee Plaza, Canary Wharf","51.50357","-0.020068",3
"533","Wellington Row, Bethnal Green","51.528222","-0.069743",4
"534","Goldsmith's Row, Haggerston","51.531864","-0.066035",1
"535","Gloucester Avenue, Camden Town","51.537349","-0.147154",1
"536","Queensbridge Road, Haggerston","51.53385","-0.06992",1
"537","Old Montague Street, Whitechapel","51.51793","-0.067937",2
"538","Naval Row, Blackwall","51.508981","-0.00699",4
"539","Hoxton Station, Hoxton","51.531091","-0.075901",5
"540","Albany Street, The Regent's Park","51.528302","-0.144466",1
"541","Green Park Station, Mayfair","51.506613","-0.142844",1
"542","Salmon Lane, Limehouse","51.514115","-0.033828",4
"543","Lansdowne Walk, Ladbroke Grove","51.509591","-0.204666",4
"544","Percival Street, Finsbury","51.526153","-0.102208",5
"545","Arlington Road, Camden Town","51.539957","-0.145246",4
"546","New Fetter Lane, Holborn","51.517428","-0.107987",3
"547","East India DLR, Blackwall","51.509474","-0.002275",2
"548","Westminster Bridge Road, Elephant & Castle","51.498386","-0.107913",1
"549","Gaywood  Street, Elephant & Castle","51.49605","-0.104193",5
"550","Harford Street, Mile End","51.521564","-0.039264",5
"551","Import Dock, Canary Wharf","51.505772","-0.016460175",3
"552","Watney Street, Shadwell","51.511542","-0.056667",4
"553","Regent's Row , Haggerston","51.535678","-0.062546",2
"554","Aberfeldy Street, Poplar","51.513548","-0.005659",4
"556","Heron Quays DLR, Canary Wharf","51.502661","-0.021596",3
"557","King Edward Street, St Pauls","51.51601","-0.0985",3
"558","Page Street, Westminster","51.493978","-0.127554",4
"559","Abbotsbury Road, Holland Park","51.501391","-0.205991",1
"560","Ladbroke Grove Central, Ladbroke Grove","51.511624","-0.205921",4
"561","Rectory Square, Stepney","51.518369","-0.043371",4
"562","Bury Place, Holborn","51.51746","-0.12335",4
"563","Preston's Road, Cubitt Town","51.499286","-0.009152",2
"564","Somerset House, Strand","51.509943","-0.117619",1
"565","Selby Street, Whitechapel","51.521905","-0.063386",5
"566","Westfield Ariel Way, White City","51.509158","-0.224103",6
"568","Bishop's Bridge Road West, Bayswater","51.51616","-0.18697",2
"569","Pitfield Street Central, Hoxton","51.53213","-0.08299",4
"570","Upper Bank Street, Canary Wharf","51.503083","-0.017676",3
"571","Westfield Southern Terrace ,Shepherd's Bush","51.506256","-0.218337",6
"572","Greenland Road, Camden Town","51.539099","-0.141728",6
"573","Limerston Street, West Chelsea","51.485587","-0.18119",2
"574","Eagle Wharf Road, Hoxton","51.53356","-0.09315",4
"576","Alpha Grove, Millwall","51.497304","-0.022793",2
"577","Globe Town Market, Bethnal Green","51.528869","-0.047548",4
"578","Hollybush Gardens, Bethnal Green","51.527607","-0.057133",1
"579","Queen Street 2, Bank","51.511246","-0.093051",3
"580","Doddington Grove, Kennington","51.48692917","-0.102996299",1
"581","New Cavendish Street, Marylebone","51.519167","-0.147983",2
"584","Ilchester Gardens, Bayswater","51.51244","-0.19096",2
"586","Mudchute DLR, Cubitt Town","51.490645","-0.014582",1
"587","Monument Street, Monument","51.50964","-0.08497",3
"588","Hoxton Street, Hoxton","51.52959","-0.0801",5
"589","Drayton Gardens, West Chelsea","51.487196","-0.179369",2
"590","Greenberry Street, St.John's Wood","51.53256","-0.16862",2
"592","Bishop's Bridge Road East, Bayswater","51.5171","-0.18377",2
"593","Northdown Street, King's Cross","51.531066","-0.11934",2
"594","Kingsway Southbound, Strand","51.513875","-0.117774",5
"595","Hammersmith Road, Hammersmith","51.493267","-0.21985",5
"596","Parson's Green , Parson's Green","51.472817","-0.199783",4
"597","Fulham Park Road, Fulham","51.473471","-0.20782",5
"598","Southerton Road, Hammersmith","51.494499","-0.228188",5
"599","Manbre Road, Hammersmith","51.485743","-0.223616",2
"600","South Lambeth Road, Vauxhall","51.481747","-0.124642",1
"601","BBC White City, White City","51.514767","-0.225787",5
"602","Union Grove, Wandsworth Road","51.472993","-0.133972",4
"603","Caldwell Street, Stockwell","51.477839","-0.116493",2
"604","St Martins Close, Camden Town","51.538792","-0.138535",4
"605","Seymour Place, Marylebone","51.520331","-0.163667",2
"606","Addison Road, Holland Park","51.504199","-0.210941",4
"607","Putney Bridge Station, Fulham","51.468814","-0.210279",1
"608","Colet Gardens, Hammersmith","51.491093","-0.216493",5
"609","Sugden Road, Clapham","51.46512358","-0.157788279",2
"610","Danvers Street, West Chelsea","51.48256792","-0.172078187",2
"611","Princedale Road , Holland Park","51.50646524","-0.208486599",2
"612","Wandsworth Rd, Isley Court, Wandsworth Road","51.46925984","-0.141812513",1
"613","Woodstock Grove, Shepherd's Bush","51.50403821","-0.217400093",6
"614","London Fields, Hackney Central","51.54119","-0.058826101",1
"615","Finlay Street, Fulham","51.4768851","-0.215895601",5
"616","Aintree Street, Fulham","51.48102131","-0.209973497",5
"617","Elysium Place, Fulham","51.47107905","-0.207842908",5
"618","Eel Brook Common, Walham Green","51.47625965","-0.193254007",1
"619","Irene Road, Parsons Green","51.4737636","-0.197010096",4
"620","Surrey Lane, Battersea","51.47518024","-0.167160736",2
"621","Wandsworth Town Station, Wandsworth","51.46086446","-0.187427294",4
"622","Lansdowne Road, Ladbroke Grove","51.50748124","-0.205535908",2
"623","Nantes Close, Wandsworth","51.46193072","-0.180791784",4
"624","Courland Grove, Wandsworth Road","51.4729184","-0.132102704",1
"625","Queen's Circus, Battersea Park","51.47761941","-0.149551631",1
"626","Normand Park, West Kensington","51.48438657","-0.20481514",1
"627","Holden Street, Battersea","51.4687905","-0.158230901",5
"628","William Morris Way, Sands End","51.46881971","-0.184318843",1
"629","Morie Street, Wandsworth","51.45995384","-0.190184054",2
"630","Clarence Walk, Stockwell","51.47073264","-0.126994068",5
"631","Battersea Park Road, Nine Elms","51.4795017","-0.141770709",2
"632","Sheepcote Lane, Battersea","51.47053858","-0.163041605",1
"633","Vereker Road, West Kensington","51.48959104","-0.209378594",2
"634","Brook Green South, Brook Green","51.49434708","-0.215804559",5
"635","Greyhound Road, Hammersmith","51.48606206","-0.214428378",1
"636","South Park, Sands End","51.46706414","-0.193502076",1
"637","Spencer Park, Wandsworth Common","51.45787019","-0.174691623",5
"638","Falcon Road, Clapham Junction","51.46663393","-0.169821175",4
"639","Coomer Place, West Kensington","51.48357068","-0.202038682",5
"640","Silverthorne Road, Battersea","51.47286577","-0.148059277",2
"641","Archbishop's Park, Waterloo","51.49824168","-0.117495865",1
"642","Fawcett Close, Battersea","51.46916161","-0.174485792",1
"643","All Saints' Road, Portobello","51.5190427","-0.204764421",2
"644","Rainville Road, Hammersmith","51.48373225","-0.223852256",2
"645","Great Suffolk Street, The Borough","51.50173215","-0.100292412",4
"646","Buckingham Gate, Westminster","51.49886563","-0.137424571",4
"647","Richmond Way, Shepherd's Bush","51.50035306","-0.217515071",2
"648","Peterborough Road, Sands End","51.46904022","-0.19627483",1
"649","World's End Place, West Chelsea","51.48180515","-0.18027465",2
"650","St. Mark's Road, North Kensington","51.51687069","-0.213872396",2
"651","Thorndike Close, West Chelsea","51.48089844","-0.183853573",2
"652","Evesham Street, Avondale","51.51148696","-0.218190203",2
"653","Simpson Street, Clapham Junction","51.47084722","-0.17070367",1
"654","Ashmole Estate, Oval","51.48267821","-0.117661574",4
"655","Crabtree Lane, Fulham","51.48294452","-0.219346128",1
"656","Broomhouse Lane, Parsons Green","51.46841875","-0.199135704",1
"657","Blythe Road West, Shepherd's Bush","51.4996806","-0.221791552",2
"658","Ethelburga Estate, Battersea Park","51.47729232","-0.16478637",1
"659","Blackfriars Station, St. Paul's","51.511934","-0.10307894",3
"660","West Kensington Station, West Kensington","51.49087074","-0.206029743",4
"661","All Saints Church, Portobello","51.51632095","-0.202608612",2
"662","Phene Street, Chelsea","51.48498496","-0.167919869",2
"663","Clarendon Road, Avondale","51.51323001","-0.211593602",2
"664","Austin Road, Battersea Park","51.474376","-0.155442787",4
"665","Smugglers Way, Wandsworth","51.46108367","-0.191722864",2
"667","Shepherd's Bush Road North, Shepherd's Bush","51.5015946","-0.222293381",2
"668","Ravenscourt Park Station, Hammersmith","51.49422354","-0.236769936",1
"669","Teversham Lane, Stockwell","51.47614939","-0.1232585",2
"670","Ashley Crescent, Battersea","51.46718562","-0.152248582",4
"671","Parsons Green Station, Parsons Green","51.475089","-0.201968",4
"673","Hibbert Street, Battersea","51.46517078","-0.18038939",2
"674","Carnegie Street, King's Cross","51.53546778","-0.11619105",4
"675","Usk Road, Clapham Junction","51.46348914","-0.182126248",4
"676","Hartington Road, Stockwell","51.47787084","-0.126874471",5
"677","Heath Road, Battersea","51.46866929","-0.146544642",1
"678","Esmond Street, Putney","51.46231278","-0.211468596",2
"679","Orbel Street, Battersea","51.47453545","-0.170210533",5
"680","Westbridge Road, Battersea","51.47768469","-0.170329317",5
"681","Bishop's Avenue, Fulham","51.47303687","-0.214749808",1
"682","Crisp Road, Hammersmith","51.48810829","-0.22660621",4
"683","Dorothy Road, Clapham Junction","51.46506424","-0.163750945",6
"684","Neville Gill Close, Wandsworth","51.45475251","-0.195197203",6
"685","Osiers Road, Wandsworth","51.46067005","-0.198735357",4
"686","Beryl Road, Hammersmith","51.48814438","-0.222456468",1
"688","Northfields, Wandsworth","51.46095151","-0.20066766",4
"689","Spanish Road, Clapham Junction","51.45922541","-0.180884959",4
"690","Stanley Grove, Battersea","51.47047503","-0.152130083",5
"691","Erin Close, Walham Green","51.47946386","-0.195777222",1
"692","Cadogan Close, Victoria Park","51.54211855","-0.028941601",1
"693","Felsham Road, Putney","51.464786","-0.215618902",4
"694","Putney Rail Station, Putney","51.46071722","-0.216526155",6
"695","Islington Green, Angel","51.53638435","-0.102757578",4
"696","Charing Cross Hospital, Hammersmith","51.48728535","-0.217995921",5
"697","Charlotte Terrace, Angel","51.53639219","-0.112721065",1
"698","Shoreditch Court, Haggerston","51.53908372","-0.070329419",2
"699","Belford House, Haggerston","51.5366541","-0.07023031",2
"700","Battersea Church Road, Battersea","51.47696496","-0.174347066",2
"701","Vicarage Crescent, Battersea","51.47287627","-0.176267008",4
"702","Durant Street, Bethnal Green","51.52868155","-0.065550321",4
"703","St. Bride Street, Holborn","51.51505991","-0.10534448",3
"704","Mexfield Road, East Putney","51.45682071","-0.202802098",2
"705","Upper Richmond Road, Putney","51.45971528","-0.212145939",2
"706","Snowsfields, London Bridge","51.50215353","-0.083632928",4
"707","Barons Court Station, West Kensington","51.49021762","-0.215087092",5
"708","Disraeli Road, Putney","51.46161068","-0.21614583",6
"709","Montserrat Road , Putney","51.46321128","-0.215550761",6
"710","Albert Bridge Road, Battersea Park","51.47439218","-0.163347594",1
"711","Everington Street, Fulham","51.48335692","-0.216305546",1
"712","Mile End Stadium, Mile End","51.51854104","-0.034903714",1
"713","Hawley Crescent, Camden Town","51.54100708","-0.14326094",4
"714","Stewart's Road, Wandsworth Road","51.47311696","-0.137235175",4
"715","Aylward Street, Stepney","51.51563007","-0.049067243",2
"716","Stainsby Road , Poplar","51.51542791","-0.02356501",4
"717","Dunston Road , Haggerston","51.53658514","-0.075885686",2
"718","Ada Street, Hackney Central","51.53571683","-0.060291813",4
"719","Victoria Park Road, Hackney Central","51.53642464","-0.054162264",4
"720","Star Road, West Kensington","51.48724429","-0.205279052",5
"721","Wendon Street, Old Ford","51.53603947","-0.026262677",4
"722","Finnis Street, Bethnal Green","51.52458353","-0.058631453",1
"723","Stephendale Road, Sands End","51.46822047","-0.190346493",1
"724","Alma Road, Wandsworth","51.45799126","-0.184806157",2
"725","Walworth Square, Walworth","51.491327","-0.096518684",2
"726","Alfreda Street, Battersea Park","51.47505096","-0.150908371",4
"727","Chesilton Road, Fulham","51.47569809","-0.20587627",2
"728","Putney Bridge Road, East Putney","51.46199911","-0.206240805",1
"729","St. Peter's Terrace, Fulham","51.47893931","-0.208485293",5
"730","Bridge Avenue, Hammersmith","51.49208492","-0.229116862",6
"732","Duke Street Hill, London Bridge","51.50630441","-0.087262995",1
"733","Park Lane, Mayfair","51.50542628","-0.150817316",1
"734","Plough Terrace, Clapham Junction","51.46230566","-0.175407201",5
"735","Grant Road East, Clapham Junction","51.46489445","-0.17302926",2
"736","Queensdale Road, Shepherd's Bush","51.50659035","-0.216104479",6
"737","Fulham Broadway, Walham Green","51.47993289","-0.19411695",5
"738","Imperial Road, Sands End","51.47514228","-0.187278987",4
"740","Sirdar Road, Avondale","51.51092871","-0.214594781",4
"741","Freston Road, Avondale","51.5129814","-0.219486603",2
"742","Blenheim Crescent, Ladbroke Grove","51.51510818","-0.208565479",2
"743","Oxford Road, Putney","51.46079243","-0.212607684",2
"744","Ingrave Street, Clapham Junction","51.46745485","-0.172293499",5
"745","Upcerne Road, West Chelsea","51.47816972","-0.18243547",4
"746","Lots Road, West Chelsea","51.4795738","-0.17903854",2
"747","Ormonde Gate, Chelsea","51.48796408","-0.161765173",1
"748","Hertford Road, De Beauvoir Town","51.53727795","-0.079201849",2
"749","Haggerston Road, Haggerston","51.53932857","-0.074284675",4
"750","Culvert Road, Battersea","51.4710956","-0.157850096",5
"751","Newton Street, Covent Garden","51.51612862","-0.120909408",5
"754","Grenfell Road, Avondale","51.5129006","-0.214762686",2
"755","The Vale, Chelsea","51.48512191","-0.174971902",2
"756","Prince of Wales Drive, Battersea Park","51.47515398","-0.159169801",1
"757","Harcourt Terrace, West Brompton","51.48795853","-0.187404506",2
"758","Westbourne Park Road, Portobello","51.51787005","-0.201005397",2
"759","Broadley Terrace, Marylebone","51.52456169","-0.165668686",2
"761","Humbolt Road, Fulham","51.48321729","-0.211860644",5
"762","Storey's Gate, Westminster","51.50070305","-0.129698963",1
"763","Mile End Park Leisure Centre, Mile End","51.52059714","-0.032566533",1
"764","St. John's Road, Clapham Junction","51.46239255","-0.16829214",3
"765","Ranelagh Gardens, Fulham","51.46760141","-0.20682737",1
"766","Ram Street, Wandsworth","51.45752945","-0.192165613",4
"767","Santos Road, Wandsworth","51.45705988","-0.200806304",2
"768","Clapham Common North Side, Clapham Common","51.46134382","-0.159322467",1
"769","Sandilands Road, Walham Green","51.473611","-0.191803",1
"770","Gwendwr Road, West Kensington","51.491026","-0.209121",2
"771","Rifle Place, Avondale","51.509224","-0.216016",4
"772","Binfield Road, Stockwell","51.47250956","-0.122831913",5
"773","Tallis Street, Temple","51.511891","-0.107349",3
"774","Hurlingham Park, Parsons Green","51.470131","-0.20464",1
"775","Little Brook Green, Brook Green","51.496664","-0.223868",1
"776","Abyssinia Close, Clapham Junction","51.460333","-0.167029",1
"777","Limburg Road, Clapham Junction","51.4619230679","-0.165297856693",5
"779","Houndsditch, Aldgate","51.514449","-0.077178979",3
"780","Imperial Wharf Station, Sands End","51.474665","-0.18316517",2
"781","Victoria & Albert Museum, South Kensington","51.495898","-0.173009",5
"782","Halford Road, West Kensington","51.483911","-0.19760944",5
"783","Monier Road, Hackney Wick","51.5403115","-0.021630359",1
"784","East Village, Queen Elizabeth Olympic Park","51.546326","-0.00993526",4
"785","Aquatic Centre, Queen Elizabeth Olympic Park","51.54094","-0.010510565",1
"786","Lee Valley VeloPark, Queen Elizabeth Olympic Park","51.549369","-0.015717614",1
"787","Timber Lodge, Queen Elizabeth Olympic Park","51.546805","-0.01469126",1
"789","Podium, Queen Elizabeth Olympic Park","51.538718","-0.011889482",1
"790","Stratford Station, Stratford","51.541793","-0.00481",6
"792","Blackfriars Road, Southwark","51.505461","-0.10454093",4
"793","Cromer Street, Bloomsbury","51.528279","-0.11955857",2
"794","Victoria Rise, Clapham Common","51.461376","-0.14780467",1
"795","Euston Square Gardens, Euston","51.527068","-0.13186102",5
"796","Coram Street, Bloomsbury","51.524","-0.12640984",5
"797","Ossulston Street, Somers Town","51.5293","-0.12827903",5
"798","Birkenhead Street, King's Cross","51.5301998755","-0.122299440803",2
"799","Kings Gate House, Westminster","51.4976984561","-0.137598896295",6
"800","Sopwith Way, Battersea Park","51.4811219398","-0.149035374873",1
"801","Lavington Street, Bankside","51.5052241745","-0.0980318118664",2
"802","Albert Square, Stockwell","51.4765900593","-0.118256789081",2
"803","Southwark Street, Bankside","51.5054099403","-0.0983410884509",4
"804","Good's Way, King's Cross","51.5346677396","-0.125078652873",6
"805","The Metropolitan, Portobello","51.520509","-0.20080483",2
"806","Handyside Street, King's Cross","51.5372405623","-0.124807385707",6
"807","Bevington Road West, North Kensington","51.5212","-0.208888173",5
"808","Gauden Road, Clapham","51.464995","-0.13090885",2
"809","Lincoln's Inn Fields, Holborn","51.5162778834","-0.118272991635",5
"810","Tate Modern, Bankside","51.5067252868","-0.0988072461627",4
"811","Westferry Circus, Canary Wharf","51.5057030357","-0.0277727426235",4
"812","Here East North, Queen Elizabeth Olympic Park","51.5487311915","-0.0226065549321",1
"813","New Spring Gardens Walk, Vauxhall","51.4878074485","-0.122759625866",1
"814","Clapham Road, Lingham Street, Stockwell","51.4714330677","-0.123670735702",4
"815","Lambeth Palace Road, Waterloo","51.5000891978","-0.116628700672",1
"816","Here East South, Queen Elizabeth Olympic Park","51.5465327935","-0.0205975904647",1
"817","Riverlight South, Nine Elms","51.4813354746","-0.138212295869",2
"818","Westminster Pier, Westminster","51.501513","-0.12382322",1
"819","Belvedere Road 2, South Bank","51.50621","-0.114842",1
"820","Victory Place, Walworth","51.492807","-0.091938",4
"821","Battersea Power Station, Battersea Park","51.4835074867","-0.147714557371",4
"826","Allington Street, Victoria","51.496863","-0.1429434",4
"827","Cranmer Road, Stockwell","51.479601","-0.11147178",4
"828","Normandy Road, Stockwell","51.473874","-0.11258096",4
"829","Wynne Road, Stockwell","51.469217","-0.11268674",1
"830","Sidney Road, Stockwell","51.469202","-0.11902256",2
"831","St John's Crescent, Brixton","51.466232","-0.11317995",1
"832","Ferndale Road, Brixton","51.464019","-0.11578197",1
"833","Saltoun Road, Brixton","51.460232","-0.11537509",1
"834","Gas Holders, Battersea Park","51.477966","-0.14785703",1
"835","Farringdon Street, Holborn","51.516785","-0.10494775",3
"836","York Way, Kings Cross","51.541596","-0.12544145",2
"838","Fore Street Avenue, Guildhall","51.518093","-0.0914017",4
"839","Sea Containers, South Bank","51.508033","-0.10682363",3
"840","George Row, Bermondsey","51.498585","-0.068981764",5
"841","Tower Wharf, Bermondsey","51.500845","-0.074704305",2
"842","Temple Gardens, Temple","51.510981","-0.10832249",3
"844","Canada Water Station, Rotherhithe","51.498439","-0.049150215",2
"845","Bermondsey Station, Bermondsey","51.497995","-0.063471392",5
