"id","trip","duration","name","lat","long","nbDocks"
40,18,1970,"Commercial Street, Shoreditch",51.52127071,-0.0755789,16
44,8,1170,"Bruton Street, Mayfair",51.51073687,-0.144165239,21
53,8,1290,"Grafton Street, Mayfair",51.5099923,-0.143495266,18
75,15,2024,"Torrens Street, Angel",51.53219984,-0.105480698,19
88,20,1089,"Bayley Street , Bloomsbury",51.51858757,-0.132053392,25
93,17,2456.47058823529,"Cloudesley Road, Angel",51.53440868,-0.109025404,37
106,4,900,"Woodstock Street, Mayfair",51.51410514,-0.147301667,21
109,13,1232.30769230769,"Soho Square , Soho",51.51563144,-0.132328837,57
116,25,1440,"Little Argyll Street, West End",51.51449962,-0.141423695,21
129,16,1462.5,"Golden Square, Soho",51.5118973,-0.137043852,18
141,8,690,"Chapel Place, Marylebone",51.51530805,-0.147203711,29
180,27,1648.88888888889,"North Audley Street, Mayfair",51.5129118,-0.153645496,17
192,37,4232.43243243243,"Wardour Street, Soho",51.51251523,-0.133201961,16
234,49,2428.16326530612,"Liverpool Road (N1 Centre), Angel",51.53450449,-0.106992706,24
244,14,1542.85714285714,"Earnshaw Street , Covent Garden",51.51611887,-0.128585022,18
251,33,1181.81818181818,"Brushfield Street, Liverpool Street",51.518908,-0.079249,34
260,10,1644,"Broadwick Street, Soho",51.5136846,-0.135580879,18
301,10,1362,"Marylebone Lane, Marylebone",51.51475963,-0.148105415,24
313,11,889.090909090909,"Wells Street, Fitzrovia",51.51734403,-0.138072691,38
318,15,2952,"Sackville Street, Mayfair",51.51004801,-0.138846453,18
349,5,1764,"St. George Street, Mayfair",51.51196,-0.142783033,18
427,27,4028.88888888889,"Cheapside, Bank",51.51397065,-0.09294031,43
508,18,1460,"Fournier Street, Whitechapel",51.519362,-0.074431,18
527,21,1528.57142857143,"Hansard Mews, Holland Park",51.503802,-0.215808,20
566,25,1948.8,"Westfield Ariel Way, White City",51.509158,-0.224103,42
571,8,1290,"Westfield Southern Terrace ,Shepherd's Bush",51.506256,-0.218337,29
572,42,1520,"Greenland Road, Camden Town",51.539099,-0.141728,36
613,28,2442.85714285714,"Woodstock Grove, Shepherd's Bush",51.50403821,-0.217400093,24
683,20,2271,"Dorothy Road, Clapham Junction",51.46506424,-0.163750945,28
684,58,2576.89655172414,"Neville Gill Close, Wandsworth",51.45475251,-0.195197203,32
694,24,2532.5,"Putney Rail Station, Putney",51.46071722,-0.216526155,20
708,19,1335.78947368421,"Disraeli Road, Putney",51.46161068,-0.21614583,33
709,17,2657.64705882353,"Montserrat Road , Putney",51.46321128,-0.215550761,23
730,40,3109.5,"Bridge Avenue, Hammersmith",51.49208492,-0.229116862,18
736,10,1050,"Queensdale Road, Shepherd's Bush",51.50659035,-0.216104479,28
790,31,1747.74193548387,"Stratford Station, Stratford",51.541793,-0.00481,28
799,7,900,"Kings Gate House, Westminster",51.4976984561,-0.137598896295,24
804,24,1097.5,"Good's Way, King's Cross",51.5346677396,-0.125078652873,27
806,9,2926.66666666667,"Handyside Street, King's Cross",51.5372405623,-0.124807385707,27
