"id","trip","duration","name","lat","long","nbDocks"
3,5,1452,"Christopher Street, Liverpool Street",51.52128377,-0.084605692,32
13,5,912,"Scala Street, Fitzrovia",51.51991453,-0.136039674,21
17,17,1567.05882352941,"Hatton Wall, Holborn",51.5216612,-0.109006325,26
20,1,600,"Drummond Street , Euston",51.527326,-0.13605286,28
25,6,840,"Doric Way , Somers Town",51.5288338,-0.132250369,50
27,6,1040,"Bouverie Street, Temple",51.51382102,-0.107927706,33
32,24,1997.5,"Leonard Circus , Shoreditch",51.52469624,-0.084439283,43
48,17,1380,"Godliman Street, St. Paul's",51.51248445,-0.099141408,25
55,8,562.5,"Finsbury Circus, Liverpool Street",51.51707521,-0.086685542,33
58,19,770.526315789474,"New Inn Yard, Shoreditch",51.52452699,-0.079248081,20
66,24,1312.5,"Holborn Circus, Holborn",51.51795029,-0.108657431,40
67,8,967.5,"Hatton Garden, Holborn",51.51882555,-0.108028472,28
71,15,2012,"Newgate Street , St. Paul's",51.5154186,-0.098850915,34
74,60,1190,"Vauxhall Cross, Vauxhall",51.48591714,-0.124469948,17
87,8,607.5,"Devonshire Square, Liverpool Street",51.51646835,-0.079684557,16
98,22,1036.36363636364,"Hampstead Road, Euston",51.52554222,-0.138231303,53
100,19,1342.10526315789,"Albert Embankment, Vauxhall",51.49043573,-0.122806861,24
101,28,1309.28571428571,"Queen Street 1, Bank",51.51155322,-0.0929401,22
102,21,2431.42857142857,"Jewry Street, Aldgate",51.51340693,-0.076793375,17
104,14,2048.57142857143,"Crosswall, Tower",51.51159481,-0.077121322,34
108,17,1521.17647058824,"Abbey Orchard Street, Westminster",51.49812559,-0.132102166,29
112,4,2010,"Stonecutter Street, Holborn",51.51580998,-0.105270275,21
115,24,1532.5,"Braham Street, Aldgate",51.51423368,-0.073537654,34
120,5,1440,"The Guildhall, Guildhall",51.51573534,-0.093080779,17
122,17,1669.41176470588,"Norton Folgate, Liverpool Street",51.52111369,-0.078869751,23
127,6,1110,"Wood Street, Guildhall",51.51700801,-0.09388536,17
135,29,1663.44827586207,"Clerkenwell Green, Clerkenwell",51.52326004,-0.104708922,21
136,23,1904.34782608696,"Queen Victoria Street, St. Paul's",51.51196176,-0.097441687,32
140,14,1161.42857142857,"Finsbury Square , Moorgate",51.52096262,-0.085634242,33
175,9,600,"Worship Street, Shoreditch",51.521668,-0.079608554,51
189,9,1560,"Claremont Square, Angel",51.53166681,-0.109914711,18
195,29,1781.37931034483,"Milroy Walk, South Bank",51.50724437,-0.106237501,28
199,29,1125.51724137931,"Great Tower Street, Monument",51.51048489,-0.082989638,24
203,16,1297.5,"West Smithfield Rotunda, Farringdon",51.51821864,-0.100791005,15
215,7,891.428571428571,"Moorfields, Moorgate",51.51906932,-0.088285377,54
217,22,1401.81818181818,"Wormwood Street, Liverpool Street",51.51615461,-0.082422399,16
263,7,1045.71428571429,"St. Mary Axe, Aldgate",51.51422502,-0.080660083,21
276,5,1260,"Lower Thames Street, Monument",51.50930161,-0.084985356,24
323,2,720,"Clifton Street, Shoreditch",51.523196,-0.083067,24
331,30,954,"Bunhill Row, Moorgate",51.52085887,-0.089887855,30
376,24,1147.5,"Millbank Tower, Pimlico",51.49188409,-0.125674815,24
381,18,1223.33333333333,"Charlotte Street, Fitzrovia",51.51953043,-0.13577731,14
393,4,1800,"Snow Hill, Farringdon",51.51733427,-0.103604248,15
448,19,1395.78947368421,"Fisherman's Walk West, Canary Wharf",51.50623,-0.02296,36
494,3,1760,"South Quay East, Canary Wharf",51.50196,-0.016251,36
532,22,2203.63636363636,"Jubilee Plaza, Canary Wharf",51.50357,-0.020068,63
546,15,1032,"New Fetter Lane, Holborn",51.517428,-0.107987,21
551,11,1150.90909090909,"Import Dock, Canary Wharf",51.505772,-0.016460175,39
556,19,2460,"Heron Quays DLR, Canary Wharf",51.502661,-0.021596,27
557,10,906,"King Edward Street, St Pauls",51.51601,-0.0985,20
570,52,1475.76923076923,"Upper Bank Street, Canary Wharf",51.503083,-0.017676,36
579,37,1003.78378378378,"Queen Street 2, Bank",51.511246,-0.093051,36
587,33,1449.09090909091,"Monument Street, Monument",51.50964,-0.08497,22
659,12,1945,"Blackfriars Station, St. Paul's",51.511934,-0.10307894,35
703,6,1360,"St. Bride Street, Holborn",51.51505991,-0.10534448,25
764,30,1234,"St. John's Road, Clapham Junction",51.46239255,-0.16829214,33
773,13,1384.61538461538,"Tallis Street, Temple",51.511891,-0.107349,24
779,11,3747.27272727273,"Houndsditch, Aldgate",51.514449,-0.077178979,28
835,18,1030,"Farringdon Street, Holborn",51.516785,-0.10494775,25
839,37,2695.13513513513,"Sea Containers, South Bank",51.508033,-0.10682363,30
