"name","lat","long","k"
"River Street , Clerkenwell",51.52916347,-0.109970527,2477.2
"Phillimore Gardens, Kensington",51.49960695,-0.197574246,6470.7
"Christopher Street, Liverpool Street",51.52128377,-0.084605692,1363.9
"St. Chad's Street, King's Cross",51.53005939,-0.120973687,1606.2
"Sedding Street, Sloane Square",51.49313,-0.156876,5182.3
"Broadcasting House, Marylebone",51.51811784,-0.144228881,4522.7
"Charlbert Street, St. John's Wood",51.53430039,-0.1680743,4296.2
"Maida Vale, Maida Vale",51.529857,-0.18348604,7656.6
"New Globe Walk, Bankside",51.5073853,-0.096440751,4849.9
"Park Street, Bankside",51.50597426,-0.092754157,3094.7
"Brunswick Square, Bloomsbury",51.52395143,-0.122502346,3595
"Malet Street, Bloomsbury",51.52168078,-0.130431727,2382.8
"Scala Street, Fitzrovia",51.51991453,-0.136039674,1252.1
"Belgrove Street , King's Cross",51.52994371,-0.123616824,5749.9
"Great Russell Street, Bloomsbury",51.51772703,-0.127854211,2455
"Cartwright Gardens , Bloomsbury",51.52635795,-0.125979294,3049.1
"Hatton Wall, Holborn",51.5216612,-0.109006325,5864.4
"Drury Lane, Covent Garden",51.51477076,-0.12221963,5204
"Taviton Street, Bloomsbury",51.52505093,-0.131161087,1618.6
"Drummond Street , Euston",51.527326,-0.13605286,1063.8
"Northington Street , Holborn",51.5222641,-0.114079481,4212
"Red Lion Square, Holborn",51.51943538,-0.119123345,2577.9
"British Museum, Bloomsbury",51.51908011,-0.124678402,3136.3
"Doric Way , Somers Town",51.5288338,-0.132250369,2247.9
"Ampton Street , Clerkenwell",51.52728093,-0.11829517,2628.7
"Bouverie Street, Temple",51.51382102,-0.107927706,2378.3
"Bolsover Street, Fitzrovia",51.52351808,-0.143613641,6812.2
"Hereford Road, Bayswater",51.513735,-0.193487,4144.7
"Windsor Terrace, Hoxton",51.52915444,-0.093421615,3126.2
"Fanshaw Street, Hoxton",51.52953709,-0.083353323,3695.7
"Leonard Circus , Shoreditch",51.52469624,-0.084439283,5170.6
"Central House, Aldgate",51.515231,-0.07015,5123.2
"Pancras Road, King's Cross",51.5341235,-0.129386874,2954.2
"De Vere Gardens, Kensington",51.50173726,-0.184980612,7793.9
"Penywern Road, Earl's Court",51.49159394,-0.192369256,5615.3
"Abingdon Villas, Kensington",51.4973875,-0.197245586,4311.5
"Shoreditch High Street, Shoreditch",51.5263778,-0.078130921,6922.7
"Commercial Street, Shoreditch",51.52127071,-0.0755789,4088
"Pindar Street, Liverpool Street",51.520955,-0.083493552,1120.2
"Wenlock Road , Hoxton",51.53099181,-0.093903825,2859.1
"Crawford Street, Marylebone",51.52026,-0.157183945,5958.7
"Bruton Street, Mayfair",51.51073687,-0.144165239,3300.2
"Boston Place, Marylebone",51.522511,-0.162298,3161.9
"Nesham Street, Wapping",51.507131,-0.06691,4817.6
"Warwick Avenue Station, Maida Vale",51.52334476,-0.183846408,7650
"Godliman Street, St. Paul's",51.51248445,-0.099141408,5507.8
"Curzon Street, Mayfair",51.50706909,-0.145904427,4017.5
"East Road, Hoxton",51.52867339,-0.087459376,2935.2
"Finsbury Library , Finsbury",51.52671796,-0.104298194,2432.6
"Roscoe Street, St. Luke's",51.52295439,-0.094934859,3658.6
"Grafton Street, Mayfair",51.5099923,-0.143495266,2775.2
"Golden Lane, Barbican",51.52174785,-0.094475072,3155.2
"Finsbury Circus, Liverpool Street",51.51707521,-0.086685542,4760.8
"Paddington Street, Marylebone",51.52058381,-0.154701411,5517
"Guilford Street , Bloomsbury",51.52334672,-0.120202614,4456.7
"New Inn Yard, Shoreditch",51.52452699,-0.079248081,4238.8
"Lisson Grove, St. John's Wood",51.52644828,-0.172190727,2916.7
"Great Dover Street, The Borough",51.49738251,-0.089446947,4154.2
"Cotton Garden Estate, Kennington",51.4907579,-0.106323685,3953.1
"Murray Grove , Hoxton",51.53089041,-0.089782579,2441.5
"William IV Street, Strand",51.50946212,-0.124749274,6484.3
"Holborn Circus, Holborn",51.51795029,-0.108657431,4852.1
"Hatton Garden, Holborn",51.51882555,-0.108028472,3342.4
"Theobald's Road , Holborn",51.52059681,-0.116688468,4753.2
"Euston Road, Euston",51.5262363,-0.134407652,2852.9
"Calshot Street , King's Cross",51.53136059,-0.117069978,2613.2
"Newgate Street , St. Paul's",51.5154186,-0.098850915,5936.5
"Farringdon Lane, Clerkenwell",51.52352001,-0.108340165,2989.2
"Old Street Station, St. Luke's",51.52548,-0.089659871,6170.2
"Vauxhall Cross, Vauxhall",51.48591714,-0.124469948,12021
"Torrens Street, Angel",51.53219984,-0.105480698,3659.1
"Longford Street, The Regent's Park",51.52559505,-0.144083893,4073.4
"Russell Square Station, Bloomsbury",51.52341837,-0.124121774,5205.5
"Sadlers Sports Centre, Finsbury",51.52486887,-0.099489485,3542.1
"Arundel Street, Temple",51.511726,-0.11385596,2651.1
"Webber Street , Southwark",51.50069361,-0.102091246,4694.7
"Great Titchfield Street, Fitzrovia",51.52025302,-0.141327271,3889.3
"Chancery Lane, Holborn",51.514274,-0.111257,1588.5
"Panton Street, West End",51.50963938,-0.131510949,6335.5
"Breams Buildings, Holborn",51.51593725,-0.111778348,1874.3
"Tanner Street, Bermondsey",51.50064702,-0.078600401,10247.2
"Sancroft Street, Vauxhall",51.48947903,-0.115156562,2884
"Devonshire Square, Liverpool Street",51.51646835,-0.079684557,2077.9
"Bayley Street , Bloomsbury",51.51858757,-0.132053392,6558.7
"Tavistock Place, Bloomsbury",51.5262503,-0.123509611,3547.2
"Harrington Square 1, Camden Town",51.53301907,-0.139174593,1841.6
"Walnut Tree Walk, Vauxhall",51.49368637,-0.111014912,5105.9
"Borough Road, Elephant & Castle",51.49889832,-0.100440521,4885.8
"Cloudesley Road, Angel",51.53440868,-0.109025404,5579.2
"Bricklayers Arms, Borough",51.49506109,-0.085814489,8576.7
"Aldersgate Street, Barbican",51.5208417,-0.097340162,5433.8
"Falkirk Street, Hoxton",51.53095071,-0.078505384,2778.2
"Gloucester Road (North), Kensington",51.49792478,-0.183834706,6562.9
"Hampstead Road, Euston",51.52554222,-0.138231303,6030
"Old Quebec Street, Marylebone",51.51457763,-0.158264483,10048
"Albert Embankment, Vauxhall",51.49043573,-0.122806861,6400.8
"Queen Street 1, Bank",51.51155322,-0.0929401,6982.9
"Jewry Street, Aldgate",51.51340693,-0.076793375,5462.9
"Vicarage Gate, Kensington",51.50472376,-0.192538767,3982
"Crosswall, Tower",51.51159481,-0.077121322,6296.7
"Westbourne Grove, Bayswater",51.51552971,-0.190240716,6534.9
"Woodstock Street, Mayfair",51.51410514,-0.147301667,4249.2
"Finsbury Leisure Centre, St. Luke's",51.52600832,-0.096317627,4673.3
"Abbey Orchard Street, Westminster",51.49812559,-0.132102166,5416.3
"Soho Square , Soho",51.51563144,-0.132328837,7490.1
"Wellington Road, St. John's Wood",51.53304322,-0.172528678,6315.8
"Park Lane , Hyde Park",51.5100172,-0.157275636,14780
"Stonecutter Street, Holborn",51.51580998,-0.105270275,1267.6
"Gloucester Road (Central), South Kensington",51.49646288,-0.183289032,6792.9
"Park Road (Baker Street), The Regent's Park",51.52451738,-0.158963647,12479.4
"Braham Street, Aldgate",51.51423368,-0.073537654,8657.1
"Little Argyll Street, West End",51.51449962,-0.141423695,7968.5
"Lollard Street, Vauxhall",51.49288067,-0.114934001,3579.6
"Rochester Row, Westminster",51.49582705,-0.13547809,4251.8
"Bath Street, St. Luke's",51.52589324,-0.090847761,6420.2
"The Guildhall, Guildhall",51.51573534,-0.093080779,2507.1
"Baker Street, Marylebone",51.51891348,-0.156166631,3073.8
"Norton Folgate, Liverpool Street",51.52111369,-0.078869751,3857.8
"St. John Street, Finsbury",51.52836014,-0.104724625,2382.5
"Eaton Square, Belgravia",51.49654462,-0.150905245,1690.2
"Borough High Street, The Borough",51.50069491,-0.094524319,6029.5
"Museum of London, Barbican",51.51782144,-0.096496865,2574.9
"Wood Street, Guildhall",51.51700801,-0.09388536,2770.8
"Emperor's Gate, South Kensington",51.49536226,-0.185296516,5859.3
"Golden Square, Soho",51.5118973,-0.137043852,5753.8
"Tower Gardens , Tower",51.50950627,-0.075459482,13832.9
"Eversholt Street , Camden Town",51.53300545,-0.136792671,3709.9
"Bethnal Green Road, Shoreditch",51.52364804,-0.074754872,9586.4
"Derry Street, Kensington",51.50136494,-0.191462381,NA
"Wapping High Street, Wapping",51.504904,-0.06797,8136.4
"Clerkenwell Green, Clerkenwell",51.52326004,-0.104708922,5940.6
"Queen Victoria Street, St. Paul's",51.51196176,-0.097441687,7453.7
"Green Street, Mayfair",51.51227622,-0.157436972,10382.1
"Lambeth Road, Vauxhall",51.49488108,-0.117974901,4810.4
"Finsbury Square , Moorgate",51.52096262,-0.085634242,3953.9
"Chapel Place, Marylebone",51.51530805,-0.147203711,3901.4
"West Cromwell Road, Earl's Court",51.49372451,-0.198286569,5982.5
"Pont Street, Knightsbridge",51.4968865,-0.161203828,6780.5
"Kennington Cross, Kennington",51.48894022,-0.111435796,7998.7
"Ilchester Place, Kensington",51.50074359,-0.202759212,4653.4
"Vauxhall Bridge , Pimlico",51.48836528,-0.129361842,8012
"Tachbrook Street, Victoria",51.49211134,-0.138364847,8008.7
"Kennington Road Post Office, Oval",51.48478899,-0.110683213,9446.6
"Holy Trinity Brompton, Knightsbridge",51.49705603,-0.168917077,5502.8
"Chepstow Villas, Notting Hill",51.51213691,-0.201554966,4625.3
"Hampton Street, Walworth",51.49217002,-0.101536865,8103.2
"Bayswater Road, Hyde Park",51.511933,-0.174411,14977.5
"Waterloo Station 3, Waterloo",51.50379168,-0.11282408,3883.2
"Lexham Gardens, Kensington",51.49586666,-0.191933711,6238.6
"New Kent Road, The Borough",51.49443626,-0.092921165,4669.2
"Wright's Lane, Kensington",51.50039792,-0.193068385,9065.8
"Trebovir Road, Earl's Court",51.49085368,-0.196170309,8241.8
"Waterloo Place, St. James's",51.50663341,-0.131773845,9228.7
"Guildhouse Street, Victoria",51.49234577,-0.141334487,3608.5
"Southampton Place, Holborn",51.51760685,-0.121328408,6516.5
"Sloane Avenue, Knightsbridge",51.4931848,-0.167894973,8383.2
"Cleveland Gardens, Bayswater",51.515607,-0.183118788,5039.2
"Orsett Terrace, Bayswater",51.517932,-0.183716959,1978.9
"Seville Street, Knightsbridge",51.50185512,-0.159237081,8566.6
"Eccleston Place, Victoria",51.49395092,-0.147624377,6018.2
"Argyll Road, Kensington",51.50040123,-0.195455928,7323
"Porchester Place, Paddington",51.51474612,-0.165164288,9318.2
"Hardwick Street, Clerkenwell",51.52784273,-0.108068155,2521
"Collingham Gardens, Earl's Court",51.4916156,-0.186753859,6546.1
"Sumner Place, South Kensington",51.49121192,-0.173715911,6985.2
"Waterloo Road, South Bank",51.50486,-0.113001,4712
"Worship Street, Shoreditch",51.521668,-0.079608554,2922.8
"Gloucester Terrace, Bayswater",51.51791921,-0.188098863,6286.7
"Ashley Place, Victoria",51.49616092,-0.140947636,4739
"Warwick Square, Pimlico",51.48985626,-0.141923621,7726.6
"North Audley Street, Mayfair",51.5129118,-0.153645496,7581.5
"Belgrave Square, Belgravia",51.49941247,-0.152317537,4885.3
"Bell Street , Marylebone",51.52202903,-0.165842551,4744.3
"Riverlight North, Nine Elms",51.482362,-0.13612398,10066.7
"Portland Place, Marylebone",51.52071513,-0.14521173,7736.7
"Alderney Street, Pimlico",51.48805753,-0.140741432,8661
"South Wharf Road, Paddington",51.51733558,-0.175810943,8767
"Queen's Gate (South), South Kensington",51.49247977,-0.178433004,7431.9
"Nutford Place, Marylebone",51.5165179,-0.164393768,3078.7
"Claremont Square, Angel",51.53166681,-0.109914711,4624.6
"Rampayne Street, Pimlico",51.48997562,-0.132845681,8142
"Hyde Park Corner, Hyde Park",51.50311799,-0.153520935,23785.3
"Wardour Street, Soho",51.51251523,-0.133201961,11019.5
"Bankside Mix, Bankside",51.50581776,-0.100186337,5209.4
"Hop Exchange, The Borough",51.50462759,-0.091773776,17205.1
"Milroy Walk, South Bank",51.50724437,-0.106237501,6319.5
"Union Street, The Borough",51.50368837,-0.098497684,3887.1
"Stamford Street, South Bank",51.50556905,-0.111606696,4482.8
"Great Tower Street, Monument",51.51048489,-0.082989638,9629.4
"LMU Commercial Road, Whitechapel",51.51492456,-0.066078037,7280.2
"Dorset Square, Marylebone",51.5225965,-0.161113413,8565.7
"Leman Street, Aldgate",51.51236389,-0.06954201,8866.5
"West Smithfield Rotunda, Farringdon",51.51821864,-0.100791005,5535.6
"Margery Street, Clerkenwell",51.52659961,-0.112432615,4320
"New Road 1 , Whitechapel",51.518154,-0.062697,8794.1
"Grosvenor Crescent, Belgravia",51.50135267,-0.153194766,4895.8
"Mallory Street, Marylebone",51.52505151,-0.166304359,1750
"Denyer Street, Knightsbridge",51.49358391,-0.165101392,4964.4
"Hinde Street, Marylebone",51.51681444,-0.151926305,6711.4
"Cadogan Place, Knightsbridge",51.49464523,-0.158105512,8042.2
"Wellington Arch, Hyde Park",51.50274025,-0.149569201,22183.6
"Endsleigh Gardens, Euston",51.52683806,-0.130504336,4736.4
"Moorfields, Moorgate",51.51906932,-0.088285377,4557.3
"Old Brompton Road, South Kensington",51.49094565,-0.181190899,9149.5
"Wormwood Street, Liverpool Street",51.51615461,-0.082422399,10013.9
"St. Luke's Church, Chelsea",51.48971651,-0.170194408,9821
"Bramham Gardens, Earl's Court",51.49016361,-0.19039362,10789.8
"Chelsea Green, Chelsea",51.49066456,-0.166485083,6451.7
"Horseferry Road, Westminster",51.49481649,-0.13045856,6943.3
"Knightsbridge, Hyde Park",51.50275704,-0.155349725,11353.6
"Rodney Road , Walworth",51.49148474,-0.090220911,10014.6
"Queensway, Kensington Gardens",51.51031,-0.18740235,13392.4
"Notting Hill Gate Station, Notting Hill",51.50935342,-0.196422,8399.7
"Charles II Street, West End",51.50844614,-0.131961389,4769.9
"Great Percy Street, Clerkenwell",51.52891573,-0.115480888,5188.3
"St. James's Square, St. James's",51.50742485,-0.134621209,9425.6
"Whitehall Place, Strand",51.50654321,-0.123179697,13531.2
"Poured Lines, Bankside",51.50669284,-0.103137426,4759.9
"Queen's Gate (Central), South Kensington",51.49396755,-0.17873226,7902.3
"Carey Street, Holborn",51.51501025,-0.112753217,1150.6
"Pall Mall East, West End",51.50777049,-0.130699733,11328.5
"Liverpool Road (N1 Centre), Angel",51.53450449,-0.106992706,8306.9
"Kennington Road  , Vauxhall",51.49571828,-0.110889274,7289.2
"Fashion Street, Whitechapel",51.51838043,-0.073438925,4129.4
"Dock Street, Wapping",51.5097860151,-0.0681619805156,7536.2
"Frampton Street, Paddington",51.5233534,-0.175116099,5504.1
"Warren Street Station, Euston",51.52443845,-0.138019439,11036.3
"Colombo Street, Southwark",51.50545935,-0.10569204,1327
"Beaumont Street, Marylebone",51.52200801,-0.151359288,8292.9
"Gloucester Street, Pimlico",51.49096258,-0.139625122,7342.3
"Earnshaw Street , Covent Garden",51.51611887,-0.128585022,4966.5
"Grosvenor Road, Pimlico",51.4853572,-0.142207481,6722.2
"Berry Street, Clerkenwell",51.52285301,-0.099994052,6814.2
"St. John's Wood Church, The Regent's Park",51.530529,-0.167515,7999.2
"Triangle Car Park, Hyde Park",51.50645179,-0.170279555,20594.4
"Harper Road, The Borough",51.49859784,-0.096191134,5925.9
"Royal Avenue 1, Chelsea",51.489932,-0.162727,4953.4
"Brushfield Street, Liverpool Street",51.518908,-0.079249,12585.4
"Jubilee Gardens, South Bank",51.5046364,-0.116542278,13446.7
"Shoreditch Park, Hoxton",51.53404294,-0.086379717,11319.8
"Chadwell Street, Angel",51.53051587,-0.106408455,6876.6
"Clifton Road, Maida Vale",51.52557531,-0.179592915,7866.6
"Houghton Street, Strand",51.51362054,-0.116764211,1939.3
"Westminster University, Marylebone",51.52248185,-0.154907218,7845.5
"Kensington Gore, Knightsbridge",51.50143293,-0.178656971,NA
"Bourne Street, Belgravia",51.490959,-0.1532331,8123.1
"Broadwick Street, Soho",51.5136846,-0.135580879,4986.1
"Princes Square, Bayswater",51.5134891,-0.191351186,3736.2
"LSBU (Borough Road), Elephant & Castle",51.49874469,-0.103132904,5813.9
"St. Mary Axe, Aldgate",51.51422502,-0.080660083,3569
"Tysoe Street, Clerkenwell",51.52644342,-0.109256828,8545.7
"Southwick Street, Paddington",51.51595344,-0.169249375,6070.6
"Queen's Gate (North), Kensington",51.50102668,-0.180246101,12324.6
"Regency Street, Westminster",51.49206037,-0.132224622,6988.3
"Belgrave Road, Victoria",51.49320445,-0.144132875,6139.9
"Empire Square, The Borough",51.50082346,-0.089740764,8375.5
"Kennington Lane Rail Bridge, Vauxhall",51.4863434,-0.122492418,14403.2
"London Zoo,  The Regent's Park",51.53583617,-0.156285395,10554.3
"Baylis Road, Waterloo",51.50144456,-0.110699309,9526.1
"Belvedere Road 1, South Bank",51.50613324,-0.114686385,6194.8
"Warwick Road, Olympia",51.49671237,-0.20528437,8411.5
"Barbican Centre, Barbican",51.52004497,-0.092176447,3714.7
"Lower Thames Street, Monument",51.50930161,-0.084985356,4284.6
"Kensington Church Street, Kensington",51.50315739,-0.191496313,9615.1
"Tooley Street, Bermondsey",51.5034938,-0.07962099,22707.9
"North Wharf Road, Paddington",51.51862243,-0.176645823,4758.9
"Royal Avenue 2, Chelsea",51.490083,-0.162418,8411.6
"Smith Square, Westminster",51.49580589,-0.127575233,5986.2
"Royal London Hospital, Whitechapel",51.518675,-0.06111,12702.5
"Kingsway, Covent Garden",51.51440928,-0.118478757,1309.3
"Lambeth North Station, Waterloo",51.49914063,-0.112031483,5329.9
"St. John's Wood Road, St. John's Wood",51.5272947,-0.174653609,5666.2
"Bedford Way, Bloomsbury",51.52367314,-0.128377673,2744.7
"Elizabeth Bridge, Victoria",51.49236962,-0.147478734,10509.3
"South Audley Street, Mayfair",51.50923022,-0.151296092,3664.8
"St Mary's Hospital, Paddington",51.518268,-0.17110323,9185.4
"Claverton Street, Pimlico",51.48483991,-0.138089062,10582.8
"Montpelier Street, Knightsbridge",51.49888404,-0.165471605,11924.9
"Kensington Olympia Station, Olympia",51.49815779,-0.209494128,4410.3
"St. George's Square, Pimlico",51.488226,-0.135635511,11306.4
"Swan Street, The Borough",51.50029631,-0.092762704,4936.5
"Knaresborough Place, Earl's Court",51.49363156,-0.190603326,8212.9
"Geraldine Street, Elephant & Castle",51.49612799,-0.106000855,3884.8
"Curlew Street, Shad Thames",51.50227992,-0.074189225,17558.3
"Vincent Square, Westminster",51.49398524,-0.136928582,1510.9
"Serpentine Car Park, Hyde Park",51.505014,-0.17306032,23710.2
"Marylebone Lane, Marylebone",51.51475963,-0.148105415,10457.2
"Putney Pier, Wandsworth",51.466907,-0.216573,12738.4
"Albert Gate, Hyde Park",51.50295379,-0.158456089,25167
"Rathbone Street, Fitzrovia",51.51816295,-0.135025698,3470.4
"Black Lion Gate, Kensington Gardens",51.50990837,-0.187842717,20703.4
"Long Lane , Bermondsey",51.49907558,-0.085666316,8579
"Embankment (Savoy), Strand",51.50963123,-0.119047563,6763.1
"Black Prince Road, Vauxhall",51.4908679,-0.116911864,6251.6
"Foley Street, Fitzrovia",51.51918144,-0.140485596,5403.8
"Grove End Road, St. John's Wood",51.53088935,-0.176770502,8542.8
"Wells Street, Fitzrovia",51.51734403,-0.138072691,4737.1
"Tyers Gate, Bermondsey",51.50088934,-0.083159352,7425.6
"The Tennis Courts, The Regent's Park",51.52536703,-0.153463612,14782.1
"Warwick Row, Westminster",51.497998,-0.14296064,13175.4
"Dickens Square, Borough",51.49679128,-0.093913472,3782.8
"Sackville Street, Mayfair",51.51004801,-0.138846453,7696.9
"Baldwin Street, St. Luke's",51.52702563,-0.088542771,6709.3
"Queen Mother Sports Centre, Victoria",51.49357351,-0.139956043,9460.8
"Bermondsey Street, Bermondsey",51.49785559,-0.081608045,14191.7
"Palissy Street, Shoreditch",51.526293,-0.073955,5415.8
"Clifton Street, Shoreditch",51.523196,-0.083067,2187.6
"Ontario Street, Elephant & Castle",51.49652013,-0.101384068,9717.1
"St. Martin's Street, West End",51.50908747,-0.129697889,2600.6
"Graham Street, Angel",51.53266186,-0.099981142,10506.4
"New North Road 1, Hoxton",51.53095,-0.085603,2551.6
"New North Road 2, Hoxton",51.53114,-0.086016,3915.7
"Prince Albert Road, The Regent's Park",51.53589283,-0.160854428,16273.9
"Eastbourne Mews, Paddington",51.51641749,-0.179135079,4613
"Bunhill Row, Moorgate",51.52085887,-0.089887855,6412.1
"Nevern Place, Earl's Court",51.49334336,-0.194757949,8164.3
"Palace Gardens Terrace, Notting Hill",51.50860544,-0.193764092,8618.1
"Concert Hall Approach 1, South Bank",51.505044,-0.115851,4823.6
"Tavistock Street, Covent Garden",51.51196803,-0.120718759,5092.5
"Concert Hall Approach 2, South Bank",51.504942,-0.115533,4542
"Pembridge Villas, Notting Hill",51.51108452,-0.197524944,5944.3
"Wellington Street , Strand",51.51175646,-0.119643424,9513.4
"Risinghill Street, Angel",51.5333196,-0.1117812,3625.4
"Bank of England Museum, Bank",51.51444134,-0.087587447,7711.8
"Craven Street, Strand",51.50810309,-0.12602103,14880.6
"London Zoo Car Park, The Regent's Park",51.53692216,-0.150181444,8713.2
"Goswell Road (City Uni), Finsbury",51.528246,-0.10102611,3265.4
"Flood Street, Chelsea",51.48802358,-0.166878535,12105.2
"Lower Marsh, Waterloo",51.50013942,-0.113936001,7551.4
"Grosvenor Square, Mayfair",51.51217033,-0.150481272,8372.6
"St. George Street, Mayfair",51.51196,-0.142783033,4397.6
"Queen's Gate, Kensington Gardens",51.5017154373867,-0.1798541843891,20337
"Macclesfield Rd, St Lukes",51.529423,-0.097122,7428
"Vauxhall Street, Vauxhall",51.486965,-0.116625,7350.5
"Greycoat Street , Westminster",51.49459148,-0.134234258,4306.8
"Northumberland Avenue, Strand",51.506767,-0.123702,9933.1
"Clapham Common Station, Clapham Common",51.461388,-0.13922146,NA
"South Kensington Station, South Kensington",51.494412,-0.173881,15502.4
"Howland Street, Fitzrovia",51.520994,-0.139016,7389.9
"High Holborn , Covent Garden",51.516226,-0.124826,3887.6
"Butler Place, Westminster",51.49782999,-0.135440826,4881.2
"Howick Place, Westminster",51.49675303,-0.138733562,5869.4
"Waterloo Station 2, Waterloo",51.50391973,-0.11342629,3058.7
"Royal College Street, Camden Town",51.536264,-0.133952,4911.9
"Lord's, St. John's Wood",51.5291212008901,-0.171185284853,3177.3
"Store Street, Bloomsbury",51.519572,-0.13214036,NA
"City Road, Angel",51.530344,-0.100168,5570.3
"Millennium Hotel, Mayfair",51.5109192966489,-0.1511263847351,4678.6
"Harrowby Street, Marylebone",51.5173721,-0.1642075,7513.5
"Harriet Street, Knightsbridge",51.50024195,-0.15934065,8253.4
"Paddington Green, Paddington",51.520205,-0.174593,3519
"King Edward Walk, Waterloo",51.49775,-0.10988,3016.2
"Sardinia Street, Holborn",51.515208,-0.117863,1580.1
"Prince Consort Road, Knightsbridge",51.49980661,-0.176415994,2880.7
"Waterloo Station 1, Waterloo",51.50402794,-0.11386436,10927.5
"Kensington Town Hall, Kensington",51.50194596,-0.194392952,5388.1
"Millbank Tower, Pimlico",51.49188409,-0.125674815,11453.7
"Waterloo Bridge, South Bank",51.50535447,-0.113656543,5665.8
"Natural History Museum, South Kensington",51.49559291,-0.179077626,5019.4
"Turquoise Island, Notting Hill",51.51431171,-0.200838199,8267.4
"Stanhope Gate, Mayfair",51.50686435,-0.150666888,3462.3
"Charlotte Street, Fitzrovia",51.51953043,-0.13577731,8025.2
"Farm Street, Mayfair",51.50935171,-0.14744969,4503.1
"Frith Street, Soho",51.51310333,-0.13121385,9082.2
"Marloes Road, Kensington",51.496481,-0.192404,5304.7
"Moor Street, Soho",51.51352755,-0.130110822,14028.6
"Fire Brigade Pier, Vauxhall",51.49369988,-0.121394101,11668.5
"Southampton Street, Strand",51.51070161,-0.121723604,9353.4
"Upper Grosvenor Street, Mayfair",51.51013066,-0.155757901,6617.7
"Buxton Street 1, Shoreditch",51.521776,-0.068856,4486.7
"Clifford Street, Mayfair",51.51066202,-0.142345694,NA
"Imperial College, Knightsbridge",51.49942855,-0.179702476,6382.8
"Snow Hill, Farringdon",51.51733427,-0.103604248,3702.8
"Aberdeen Place, St. John's Wood",51.524826,-0.176268,6385
"Cadogan Gardens, Chelsea",51.492462,-0.159919,12308.3
"Shouldham Street, Marylebone",51.51809,-0.163609,5581.5
"Devonshire Terrace, Bayswater",51.51348,-0.17977,9905.9
"Holland Park, Kensington",51.502319,-0.200742,10683
"Brick Lane Market, Shoreditch",51.52261762,-0.071653961,9126.6
"George Street, Marylebone",51.517703,-0.154106,7317.6
"Columbia Road, Shoreditch",51.528187,-0.075375,10164.1
"Penfold Street, Marylebone",51.52289229,-0.171681991,4812.5
"George Place Mews, Marylebone",51.51689296,-0.158249929,6931.4
"Palace Gate, Kensington Gardens",51.50204238,-0.184400221,22393.1
"Gloucester Road Station, South Kensington",51.49418566,-0.18267094,13315.5
"Strata, Elephant & Castle",51.493146,-0.099828,12601.6
"Edgware Road Station, Marylebone",51.519968,-0.169774,11120.2
"Rotherhithe Roundabout, Rotherhithe",51.499169,-0.055846029,NA
"Cleaver Street, Kennington",51.488105,-0.110121,5877.7
"Chelsea Bridge, Pimlico",51.485821,-0.149004,17420
"Southwark Station 1, Southwark",51.504043,-0.105312,5295.9
"Southwark Station 2, Southwark",51.504044,-0.104778,5008
"Eaton Square (South), Belgravia",51.49456127,-0.15393398,8944.3
"Ebury Bridge, Pimlico",51.490491,-0.149186,9725
"Harrington Square 2, Camden Town",51.533379,-0.139159,5045.3
"Vincent Street, Pimlico",51.493072,-0.129925,8301.9
"Cheapside, Bank",51.51397065,-0.09294031,15238.2
"Exhibition Road, Knightsbridge",51.499917,-0.174554,15370.1
"South Parade, Chelsea",51.48902,-0.17524,9396.9
"Crinan Street, King's Cross",51.534474,-0.122203,5300.3
"Exhibition Road Museums 1, South Kensington",51.496468,-0.17379696,NA
"Wren Street, Holborn",51.524564,-0.116279,6890
"Kennington Station, Kennington",51.488852,-0.105593,10962
"Red Lion Street, Holborn",51.51824,-0.11655,8270.5
"Vauxhall Walk, Vauxhall",51.488124,-0.120903,9274.8
"Killick Street, King's Cross",51.5338,-0.118677,3860.8
"Kennington Oval, Oval",51.483145,-0.113134,14659
"Sail Street, Vauxhall",51.495656,-0.114605,6431.8
"Walmer Road, Avondale",51.510101,-0.211358,5656.7
"Philpot Street, Whitechapel",51.515256,-0.058641,8408.4
"Bethnal Green Garden, Bethnal Green",51.52568,-0.055312,8309.3
"Cheshire Street, Bethnal Green",51.52388,-0.065076,8195.7
"York Hall, Bethnal Green",51.528936,-0.055894,10078.8
"Jubilee Crescent, Cubitt Town",51.493381,-0.007542,3804.2
"Fisherman's Walk West, Canary Wharf",51.50623,-0.02296,9873.8
"Shadwell Station, Shadwell",51.511088,-0.057159,13212
"Jubilee Street, Stepney",51.515975,-0.053177,7174.3
"Hermitage Court, Wapping",51.504719,-0.063531,6495.8
"St. Katharine's Way, Tower",51.505697,-0.070542,9844.1
"Garnet Street, Shadwell",51.508447,-0.055167,8994.1
"Napier Avenue, Millwall",51.487679,-0.021582,5196.2
"East Ferry Road, Cubitt Town",51.49447,-0.014409,5814.2
"Parkway, Camden Town",51.538071,-0.144664,9827.1
"Castlehaven Road, Camden Town",51.542138,-0.145393,14212.1
"Wapping Lane, Wapping",51.504749,-0.057544,8603.2
"Gunmakers Lane, Old Ford",51.535179,-0.03338,12581.6
"Burdett Road, Mile End",51.516196,-0.029138,9214.9
"Aston Street, Stepney",51.516,-0.038775,6004.7
"Bonny Street, Camden Town",51.541603,-0.138853,15310.1
"Thurtle Road, Haggerston",51.534776,-0.071881,NA
"St. Mary & St. Michael Church, Stepney",51.51417,-0.052099,3730.4
"Pitfield Street North,Hoxton",51.53558,-0.08249,7608.7
"Whiston Road, Haggerston",51.534464,-0.076341,7791.4
"Southern Grove, Bow",51.523538,-0.030556,7785.9
"Cantrell Road, Bow",51.521564,-0.022694,3916.1
"Lindfield Street, Poplar",51.513757,-0.020467,8048
"Mostyn Grove, Bow",51.530535,-0.025492,7986.9
"Hewison Street, Old Ford",51.533283,-0.028155,6880.9
"Malmesbury Road, Bow",51.529452,-0.027616,2816.4
"Millharbour, Millwall",51.496137,-0.019355,5041.7
"Gascoyne Road, Victoria Park",51.541515,-0.038557746,NA
"Lightermans Road, Millwall",51.499041,-0.020157,8711.5
"Stebondale Street, Cubitt Town",51.489096,-0.009205,6862.6
"Spindrift Avenue, Millwall",51.49109,-0.018716,6002.8
"Stepney Green Station, Stepney",51.521889,-0.04667,12543.6
"Pott Street, Bethnal Green",51.527152,-0.058005,11653.3
"Flamborough Street, Limehouse",51.5128711,-0.0389866,16778.1
"Saunders Ness Road, Cubitt Town",51.487129,-0.0090011,13769.2
"Exhibition Road Museums 2, South Kensington",51.495947,-0.17368958,NA
"Albert Gardens, Stepney",51.51328,-0.047784,10616.2
"Bromley High Street, Bow",51.528828,-0.013258,7898.1
"Old Ford Road, Bethnal Green",51.531127,-0.048017,11027.9
"Granby Street, Shoreditch",51.525645,-0.069543,11595.8
"Canton Street, Poplar",51.511811,-0.025626,6248.4
"Reardon Street, Wapping",51.506946,-0.058681,8581.8
"Christian Street, Whitechapel",51.513074,-0.064094,8624.4
"Pennington Street, Wapping",51.508622,-0.065006,4062.4
"Queen Mary's, Mile End",51.522507,-0.041378,9411.7
"Maplin Street, Mile End",51.525501,-0.032267204,11213.8
"South Quay East, Canary Wharf",51.50196,-0.016251,1151.5
"Bow Church Station, Bow",51.528169,-0.018703,11208
"Devons Road, Bow",51.52512,-0.015578,8471.4
"Merchant Street, Bow",51.526578,-0.027581,6527.9
"Bow Road Station, Bow",51.527058,-0.025296,8982.2
"Furze Green, Bow",51.519265,-0.021345,9496.2
"Ansell House, Stepney",51.520019,-0.05438,11850.9
"Cephas Street, Bethnal Green",51.522561,-0.054883,7808.8
"Bonner Gate, Victoria Park",51.53341,-0.049591815,16359.7
"Cleveland Way, Stepney",51.520893,-0.051394,13422
"St. John's Park, Cubitt Town",51.496454,-0.009506,3671.3
"Ackroyd Drive, Bow",51.520398,-0.026768,7468.5
"Bell Lane, Liverpool Street",51.517475,-0.075855,7662.9
"Clarkson Street, Bethnal Green",51.528692,-0.059091,5001.5
"Fournier Street, Whitechapel",51.519362,-0.074431,9728.6
"Fore Street, Guildhall",51.517842,-0.090075,1971.8
"Westferry DLR, Limehouse",51.509303,-0.025996,15323.6
"Sutton Street, Shadwell",51.511066,-0.053558,14565.9
"Pritchard's Road, Bethnal Green",51.532091,-0.06142,11338.5
"Watney Market, Stepney",51.5142228,-0.055656,8565.8
"Portman Square, Marylebone",51.516204,-0.155525,7007.6
"Russell Gardens, Olympia",51.500088,-0.211316,6652.9
"Chrisp Street Market, Poplar",51.5112,-0.014438,9137.3
"Ford Road, Old Ford",51.532513,-0.033085,7892.5
"Antill Road, Mile End",51.528224,-0.037471,9660.8
"Teviot Street, Poplar",51.518811,-0.011662,3254
"Bancroft Road, Bethnal Green",51.526041,-0.047218,7888.8
"Driffield Road, Old Ford",51.534137,-0.037366,13148.8
"Clinton Road, Mile End",51.525941,-0.036017,13273.9
"Langdon Park, Poplar",51.51549,-0.013475,6531.8
"Lancaster Gate , Bayswater",51.511654,-0.179668,10303.3
"Lancaster Drive, Blackwall",51.503143,-0.008428,4399.2
"Hansard Mews, Holland Park",51.503802,-0.215808,11680.6
"Clarges Street, Mayfair",51.507326,-0.145827,4450.3
"Manresa Road, Chelsea",51.486892,-0.170983,10529.5
"Newby Place, Poplar",51.508896,-0.012413,7630.4
"Twig Folly Bridge, Mile End",51.530326,-0.042744,14368.5
"Jubilee Plaza, Canary Wharf",51.50357,-0.020068,7827.5
"Wellington Row, Bethnal Green",51.528222,-0.069743,8203.9
"Goldsmith's Row, Haggerston",51.531864,-0.066035,13906
"Gloucester Avenue, Camden Town",51.537349,-0.147154,14540.5
"Queensbridge Road, Haggerston",51.53385,-0.06992,8759.9
"Old Montague Street, Whitechapel",51.51793,-0.067937,11442.1
"Naval Row, Blackwall",51.508981,-0.00699,7241.8
"Hoxton Station, Hoxton",51.531091,-0.075901,NA
"Albany Street, The Regent's Park",51.528302,-0.144466,16077.2
"Green Park Station, Mayfair",51.506613,-0.142844,27672.7
"Salmon Lane, Limehouse",51.514115,-0.033828,11061.4
"Lansdowne Walk, Ladbroke Grove",51.509591,-0.204666,4784.2
"Percival Street, Finsbury",51.526153,-0.102208,6336.2
"Arlington Road, Camden Town",51.539957,-0.145246,8012.4
"New Fetter Lane, Holborn",51.517428,-0.107987,8253.9
"East India DLR, Blackwall",51.509474,-0.002275,11364.4
"Westminster Bridge Road, Elephant & Castle",51.498386,-0.107913,3719.9
"Gaywood  Street, Elephant & Castle",51.49605,-0.104193,9271.2
"Harford Street, Mile End",51.521564,-0.039264,6790.8
"Import Dock, Canary Wharf",51.505772,-0.016460175,4102.7
"Watney Street, Shadwell",51.511542,-0.056667,9957.2
"Regent's Row , Haggerston",51.535678,-0.062546,25296.7
"Aberfeldy Street, Poplar",51.513548,-0.005659,5596.7
"Heron Quays DLR, Canary Wharf",51.502661,-0.021596,4693.2
"King Edward Street, St Pauls",51.51601,-0.0985,6317.9
"Page Street, Westminster",51.493978,-0.127554,9887.4
"Abbotsbury Road, Holland Park",51.501391,-0.205991,8832.3
"Ladbroke Grove Central, Ladbroke Grove",51.511624,-0.205921,5558.2
"Rectory Square, Stepney",51.518369,-0.043371,8749.5
"Bury Place, Holborn",51.51746,-0.12335,7386.7
"Preston's Road, Cubitt Town",51.499286,-0.009152,5797
"Somerset House, Strand",51.509943,-0.117619,27102.3
"Selby Street, Whitechapel",51.521905,-0.063386,4918.7
"Westfield Ariel Way, White City",51.509158,-0.224103,10922.6
"Bishop's Bridge Road West, Bayswater",51.51616,-0.18697,11942.7
"Pitfield Street Central, Hoxton",51.53213,-0.08299,7324.2
"Upper Bank Street, Canary Wharf",51.503083,-0.017676,8469.7
"Westfield Southern Terrace ,Shepherd's Bush",51.506256,-0.218337,7453.7
"Greenland Road, Camden Town",51.539099,-0.141728,14394.5
"Limerston Street, West Chelsea",51.485587,-0.18119,18565
"Eagle Wharf Road, Hoxton",51.53356,-0.09315,14224.3
"Alpha Grove, Millwall",51.497304,-0.022793,7479.5
"Globe Town Market, Bethnal Green",51.528869,-0.047548,11441.1
"Hollybush Gardens, Bethnal Green",51.527607,-0.057133,5939.6
"Queen Street 2, Bank",51.511246,-0.093051,22436.5
"Doddington Grove, Kennington",51.48692917,-0.102996299,14493.4
"New Cavendish Street, Marylebone",51.519167,-0.147983,12249.5
"Ilchester Gardens, Bayswater",51.51244,-0.19096,9871.7
"Mudchute DLR, Cubitt Town",51.490645,-0.014582,4676.9
"Monument Street, Monument",51.50964,-0.08497,17036.2
"Hoxton Street, Hoxton",51.52959,-0.0801,7454.3
"Drayton Gardens, West Chelsea",51.487196,-0.179369,18445.2
"Greenberry Street, St.John's Wood",51.53256,-0.16862,5388.7
"Bishop's Bridge Road East, Bayswater",51.5171,-0.18377,5744.5
"Northdown Street, King's Cross",51.531066,-0.11934,6383.9
"Kingsway Southbound, Strand",51.513875,-0.117774,4489.8
"Hammersmith Road, Hammersmith",51.493267,-0.21985,12398.3
"Parson's Green , Parson's Green",51.472817,-0.199783,18775.5
"Fulham Park Road, Fulham",51.473471,-0.20782,11938
"Southerton Road, Hammersmith",51.494499,-0.228188,12324.1
"Manbre Road, Hammersmith",51.485743,-0.223616,8293.1
"South Lambeth Road, Vauxhall",51.481747,-0.124642,17587.3
"BBC White City, White City",51.514767,-0.225787,11806.8
"Union Grove, Wandsworth Road",51.472993,-0.133972,14933.5
"Caldwell Street, Stockwell",51.477839,-0.116493,15368.5
"St Martins Close, Camden Town",51.538792,-0.138535,6256.9
"Seymour Place, Marylebone",51.520331,-0.163667,9790.5
"Addison Road, Holland Park",51.504199,-0.210941,6245
"Putney Bridge Station, Fulham",51.468814,-0.210279,16806
"Colet Gardens, Hammersmith",51.491093,-0.216493,2747.4
"Sugden Road, Clapham",51.46512358,-0.157788279,14088
"Danvers Street, West Chelsea",51.48256792,-0.172078187,20824.9
"Princedale Road , Holland Park",51.50646524,-0.208486599,11140.3
"Wandsworth Rd, Isley Court, Wandsworth Road",51.46925984,-0.141812513,17757.7
"Woodstock Grove, Shepherd's Bush",51.50403821,-0.217400093,13593.4
"London Fields, Hackney Central",51.54119,-0.058826101,NA
"Finlay Street, Fulham",51.4768851,-0.215895601,14347.1
"Aintree Street, Fulham",51.48102131,-0.209973497,10967.6
"Elysium Place, Fulham",51.47107905,-0.207842908,7355.8
"Eel Brook Common, Walham Green",51.47625965,-0.193254007,17201.8
"Irene Road, Parsons Green",51.4737636,-0.197010096,12929.2
"Surrey Lane, Battersea",51.47518024,-0.167160736,13481.7
"Wandsworth Town Station, Wandsworth",51.46086446,-0.187427294,14106.9
"Lansdowne Road, Ladbroke Grove",51.50748124,-0.205535908,11463
"Nantes Close, Wandsworth",51.46193072,-0.180791784,9543.4
"Courland Grove, Wandsworth Road",51.4729184,-0.132102704,11695.1
"Queen's Circus, Battersea Park",51.47761941,-0.149551631,28789.2
"Normand Park, West Kensington",51.48438657,-0.20481514,15439.6
"Holden Street, Battersea",51.4687905,-0.158230901,5377.7
"William Morris Way, Sands End",51.46881971,-0.184318843,13023.6
"Morie Street, Wandsworth",51.45995384,-0.190184054,7566.4
"Clarence Walk, Stockwell",51.47073264,-0.126994068,12350.3
"Battersea Park Road, Nine Elms",51.4795017,-0.141770709,9685.8
"Sheepcote Lane, Battersea",51.47053858,-0.163041605,6720.5
"Vereker Road, West Kensington",51.48959104,-0.209378594,14729
"Brook Green South, Brook Green",51.49434708,-0.215804559,8359
"Greyhound Road, Hammersmith",51.48606206,-0.214428378,11742.5
"South Park, Sands End",51.46706414,-0.193502076,8895.3
"Spencer Park, Wandsworth Common",51.45787019,-0.174691623,16670.4
"Falcon Road, Clapham Junction",51.46663393,-0.169821175,13502.8
"Coomer Place, West Kensington",51.48357068,-0.202038682,11557.4
"Silverthorne Road, Battersea",51.47286577,-0.148059277,13036.7
"Archbishop's Park, Waterloo",51.49824168,-0.117495865,13177.6
"Fawcett Close, Battersea",51.46916161,-0.174485792,6544
"All Saints' Road, Portobello",51.5190427,-0.204764421,10085.1
"Rainville Road, Hammersmith",51.48373225,-0.223852256,9623.7
"Great Suffolk Street, The Borough",51.50173215,-0.100292412,6326.3
"Buckingham Gate, Westminster",51.49886563,-0.137424571,18506.3
"Richmond Way, Shepherd's Bush",51.50035306,-0.217515071,12373.9
"Peterborough Road, Sands End",51.46904022,-0.19627483,9299.1
"World's End Place, West Chelsea",51.48180515,-0.18027465,15669.9
"St. Mark's Road, North Kensington",51.51687069,-0.213872396,12382.7
"Thorndike Close, West Chelsea",51.48089844,-0.183853573,10067.9
"Evesham Street, Avondale",51.51148696,-0.218190203,5329.7
"Simpson Street, Clapham Junction",51.47084722,-0.17070367,13797.9
"Ashmole Estate, Oval",51.48267821,-0.117661574,10601.6
"Crabtree Lane, Fulham",51.48294452,-0.219346128,10221.8
"Broomhouse Lane, Parsons Green",51.46841875,-0.199135704,6789.3
"Blythe Road West, Shepherd's Bush",51.4996806,-0.221791552,10754.4
"Ethelburga Estate, Battersea Park",51.47729232,-0.16478637,27750.1
"Blackfriars Station, St. Paul's",51.511934,-0.10307894,14302.2
"West Kensington Station, West Kensington",51.49087074,-0.206029743,11256.9
"All Saints Church, Portobello",51.51632095,-0.202608612,15032.3
"Phene Street, Chelsea",51.48498496,-0.167919869,16555.2
"Clarendon Road, Avondale",51.51323001,-0.211593602,8371.4
"Austin Road, Battersea Park",51.474376,-0.155442787,15345.1
"Smugglers Way, Wandsworth",51.46108367,-0.191722864,10348.6
"Shepherd's Bush Road North, Shepherd's Bush",51.5015946,-0.222293381,14322.5
"Ravenscourt Park Station, Hammersmith",51.49422354,-0.236769936,23126.3
"Teversham Lane, Stockwell",51.47614939,-0.1232585,9924.8
"Ashley Crescent, Battersea",51.46718562,-0.152248582,13275.8
"Parsons Green Station, Parsons Green",51.475089,-0.201968,12631
"Hibbert Street, Battersea",51.46517078,-0.18038939,14922.7
"Carnegie Street, King's Cross",51.53546778,-0.11619105,7744.6
"Usk Road, Clapham Junction",51.46348914,-0.182126248,11205.4
"Hartington Road, Stockwell",51.47787084,-0.126874471,14898
"Heath Road, Battersea",51.46866929,-0.146544642,9868.5
"Esmond Street, Putney",51.46231278,-0.211468596,6387.6
"Orbel Street, Battersea",51.47453545,-0.170210533,7969.7
"Westbridge Road, Battersea",51.47768469,-0.170329317,19889.8
"Bishop's Avenue, Fulham",51.47303687,-0.214749808,12959.6
"Crisp Road, Hammersmith",51.48810829,-0.22660621,19435.8
"Dorothy Road, Clapham Junction",51.46506424,-0.163750945,11800.5
"Neville Gill Close, Wandsworth",51.45475251,-0.195197203,14458.8
"Osiers Road, Wandsworth",51.46067005,-0.198735357,10029.1
"Beryl Road, Hammersmith",51.48814438,-0.222456468,10250.9
"Northfields, Wandsworth",51.46095151,-0.20066766,10775.6
"Spanish Road, Clapham Junction",51.45922541,-0.180884959,7940.9
"Stanley Grove, Battersea",51.47047503,-0.152130083,8642.9
"Erin Close, Walham Green",51.47946386,-0.195777222,18796.5
"Cadogan Close, Victoria Park",51.54211855,-0.028941601,15499.1
"Felsham Road, Putney",51.464786,-0.215618902,12956.2
"Putney Rail Station, Putney",51.46071722,-0.216526155,16921.7
"Islington Green, Angel",51.53638435,-0.102757578,30460.9
"Charing Cross Hospital, Hammersmith",51.48728535,-0.217995921,8373.2
"Charlotte Terrace, Angel",51.53639219,-0.112721065,12657.1
"Shoreditch Court, Haggerston",51.53908372,-0.070329419,14047.9
"Belford House, Haggerston",51.5366541,-0.07023031,10095.2
"Battersea Church Road, Battersea",51.47696496,-0.174347066,12284.3
"Vicarage Crescent, Battersea",51.47287627,-0.176267008,16201.2
"Durant Street, Bethnal Green",51.52868155,-0.065550321,11365.6
"St. Bride Street, Holborn",51.51505991,-0.10534448,9304.6
"Mexfield Road, East Putney",51.45682071,-0.202802098,7982.4
"Upper Richmond Road, Putney",51.45971528,-0.212145939,11713.7
"Snowsfields, London Bridge",51.50215353,-0.083632928,14975.9
"Barons Court Station, West Kensington",51.49021762,-0.215087092,9987.5
"Disraeli Road, Putney",51.46161068,-0.21614583,11229.1
"Montserrat Road , Putney",51.46321128,-0.215550761,10175.6
"Albert Bridge Road, Battersea Park",51.47439218,-0.163347594,24451.5
"Everington Street, Fulham",51.48335692,-0.216305546,11557.2
"Mile End Stadium, Mile End",51.51854104,-0.034903714,12732.9
"Hawley Crescent, Camden Town",51.54100708,-0.14326094,10082.5
"Stewart's Road, Wandsworth Road",51.47311696,-0.137235175,7090.8
"Aylward Street, Stepney",51.51563007,-0.049067243,8597.9
"Stainsby Road , Poplar",51.51542791,-0.02356501,9723.8
"Dunston Road , Haggerston",51.53658514,-0.075885686,18575.2
"Ada Street, Hackney Central",51.53571683,-0.060291813,15261
"Victoria Park Road, Hackney Central",51.53642464,-0.054162264,20297.3
"Star Road, West Kensington",51.48724429,-0.205279052,13884.3
"Wendon Street, Old Ford",51.53603947,-0.026262677,9932.5
"Finnis Street, Bethnal Green",51.52458353,-0.058631453,8695.5
"Stephendale Road, Sands End",51.46822047,-0.190346493,18195.9
"Alma Road, Wandsworth",51.45799126,-0.184806157,7939.1
"Walworth Square, Walworth",51.491327,-0.096518684,16702.9
"Alfreda Street, Battersea Park",51.47505096,-0.150908371,14792.8
"Chesilton Road, Fulham",51.47569809,-0.20587627,14070.6
"Putney Bridge Road, East Putney",51.46199911,-0.206240805,13542.7
"St. Peter's Terrace, Fulham",51.47893931,-0.208485293,14375.4
"Bridge Avenue, Hammersmith",51.49208492,-0.229116862,17239.4
"Duke Street Hill, London Bridge",51.50630441,-0.087262995,27637.6
"Park Lane, Mayfair",51.50542628,-0.150817316,10046.6
"Plough Terrace, Clapham Junction",51.46230566,-0.175407201,11206.7
"Grant Road East, Clapham Junction",51.46489445,-0.17302926,7833.8
"Queensdale Road, Shepherd's Bush",51.50659035,-0.216104479,8586.8
"Fulham Broadway, Walham Green",51.47993289,-0.19411695,18821.1
"Imperial Road, Sands End",51.47514228,-0.187278987,8344.1
"Sirdar Road, Avondale",51.51092871,-0.214594781,3874.6
"Freston Road, Avondale",51.5129814,-0.219486603,6367
"Blenheim Crescent, Ladbroke Grove",51.51510818,-0.208565479,14442.2
"Oxford Road, Putney",51.46079243,-0.212607684,7631.3
"Ingrave Street, Clapham Junction",51.46745485,-0.172293499,6807.5
"Upcerne Road, West Chelsea",51.47816972,-0.18243547,9800.2
"Lots Road, West Chelsea",51.4795738,-0.17903854,16463.4
"Ormonde Gate, Chelsea",51.48796408,-0.161765173,13328.7
"Hertford Road, De Beauvoir Town",51.53727795,-0.079201849,13110.9
"Haggerston Road, Haggerston",51.53932857,-0.074284675,22076.5
"Culvert Road, Battersea",51.4710956,-0.157850096,7692.5
"Newton Street, Covent Garden",51.51612862,-0.120909408,5063.9
"Grenfell Road, Avondale",51.5129006,-0.214762686,3866
"The Vale, Chelsea",51.48512191,-0.174971902,17046.4
"Prince of Wales Drive, Battersea Park",51.47515398,-0.159169801,20634.5
"Harcourt Terrace, West Brompton",51.48795853,-0.187404506,18470.7
"Westbourne Park Road, Portobello",51.51787005,-0.201005397,14751.3
"Broadley Terrace, Marylebone",51.52456169,-0.165668686,4726.7
"Humbolt Road, Fulham",51.48321729,-0.211860644,8894.5
"Storey's Gate, Westminster",51.50070305,-0.129698963,37528.6
"Mile End Park Leisure Centre, Mile End",51.52059714,-0.032566533,12884.7
"St. John's Road, Clapham Junction",51.46239255,-0.16829214,15510.8
"Ranelagh Gardens, Fulham",51.46760141,-0.20682737,9186.6
"Ram Street, Wandsworth",51.45752945,-0.192165613,16965.7
"Santos Road, Wandsworth",51.45705988,-0.200806304,5997.3
"Clapham Common North Side, Clapham Common",51.46134382,-0.159322467,35221.1
"Sandilands Road, Walham Green",51.473611,-0.191803,11551.2
"Gwendwr Road, West Kensington",51.491026,-0.209121,10203.9
"Rifle Place, Avondale",51.509224,-0.216016,6649.7
"Binfield Road, Stockwell",51.47250956,-0.122831913,21253.3
"Tallis Street, Temple",51.511891,-0.107349,11421
"Hurlingham Park, Parsons Green",51.470131,-0.20464,10046
"Little Brook Green, Brook Green",51.496664,-0.223868,10362.9
"Abyssinia Close, Clapham Junction",51.460333,-0.167029,19540
"Limburg Road, Clapham Junction",51.4619230679,-0.165297856693,12228.3
"Houndsditch, Aldgate",51.514449,-0.077178979,7756.6
"Imperial Wharf Station, Sands End",51.474665,-0.18316517,19285.9
"Victoria & Albert Museum, South Kensington",51.495898,-0.173009,8277.7
"Halford Road, West Kensington",51.483911,-0.19760944,18072.3
"Monier Road, Hackney Wick",51.5403115,-0.021630359,12206.1
"East Village, Queen Elizabeth Olympic Park",51.546326,-0.00993526,11772.3
"Aquatic Centre, Queen Elizabeth Olympic Park",51.54094,-0.010510565,12387.2
"Lee Valley VeloPark, Queen Elizabeth Olympic Park",51.549369,-0.015717614,10676.1
"Timber Lodge, Queen Elizabeth Olympic Park",51.546805,-0.01469126,12302.5
"Podium, Queen Elizabeth Olympic Park",51.538718,-0.011889482,13255.7
"Stratford Station, Stratford",51.541793,-0.00481,10785.1
"Blackfriars Road, Southwark",51.505461,-0.10454093,10555.9
"Cromer Street, Bloomsbury",51.528279,-0.11955857,7162.5
"Victoria Rise, Clapham Common",51.461376,-0.14780467,NA
"Euston Square Gardens, Euston",51.527068,-0.13186102,3648.1
"Coram Street, Bloomsbury",51.524,-0.12640984,7519
"Ossulston Street, Somers Town",51.5293,-0.12827903,7082.6
"Birkenhead Street, King's Cross",51.5301998755,-0.122299440803,12413.2
"Kings Gate House, Westminster",51.4976984561,-0.137598896295,8017.7
"Sopwith Way, Battersea Park",51.4811219398,-0.149035374873,24607.7
"Lavington Street, Bankside",51.5052241745,-0.0980318118664,10196.5
"Albert Square, Stockwell",51.4765900593,-0.118256789081,16957
"Southwark Street, Bankside",51.5054099403,-0.0983410884509,9549.9
"Good's Way, King's Cross",51.5346677396,-0.125078652873,14643.5
"The Metropolitan, Portobello",51.520509,-0.20080483,NA
"Handyside Street, King's Cross",51.5372405623,-0.124807385707,9370.4
"Bevington Road West, North Kensington",51.5212,-0.208888173,20204.5
"Gauden Road, Clapham",51.464995,-0.13090885,NA
"Lincoln's Inn Fields, Holborn",51.5162778834,-0.118272991635,9071.8
"Tate Modern, Bankside",51.5067252868,-0.0988072461627,9784.1
"Westferry Circus, Canary Wharf",51.5057030357,-0.0277727426235,17078.2
"Here East North, Queen Elizabeth Olympic Park",51.5487311915,-0.0226065549321,11878.5
"New Spring Gardens Walk, Vauxhall",51.4878074485,-0.122759625866,9490.4
"Clapham Road, Lingham Street, Stockwell",51.4714330677,-0.123670735702,17540.5
"Lambeth Palace Road, Waterloo",51.5000891978,-0.116628700672,25638.7
"Here East South, Queen Elizabeth Olympic Park",51.5465327935,-0.0205975904647,8301.7
"Riverlight South, Nine Elms",51.4813354746,-0.138212295869,20396
"Westminster Pier, Westminster",51.501513,-0.12382322,42432.5
"Belvedere Road 2, South Bank",51.50621,-0.114842,12265.2
"Victory Place, Walworth",51.492807,-0.091938,10010.9
"Battersea Power Station, Battersea Park",51.4835074867,-0.147714557371,29395.5
"Allington Street, Victoria",51.496863,-0.1429434,20335.4
"Cranmer Road, Stockwell",51.479601,-0.11147178,18865.8
"Normandy Road, Stockwell",51.473874,-0.11258096,13491.7
"Wynne Road, Stockwell",51.469217,-0.11268674,10102.1
"Sidney Road, Stockwell",51.469202,-0.11902256,15518
"St John's Crescent, Brixton",51.466232,-0.11317995,17492.6
"Ferndale Road, Brixton",51.464019,-0.11578197,20905.8
"Saltoun Road, Brixton",51.460232,-0.11537509,32665.7
"Gas Holders, Battersea Park",51.477966,-0.14785703,26446.1
"Farringdon Street, Holborn",51.516785,-0.10494775,8721
"York Way, Kings Cross",51.541596,-0.12544145,16092.8
"Fore Street Avenue, Guildhall",51.518093,-0.0914017,4017.6
"Sea Containers, South Bank",51.508033,-0.10682363,14754.3
"George Row, Bermondsey",51.498585,-0.068981764,NA
"Tower Wharf, Bermondsey",51.500845,-0.074704305,NA
"Temple Gardens, Temple",51.510981,-0.10832249,NA
"Canada Water Station, Rotherhithe",51.498439,-0.049150215,NA
"Bermondsey Station, Bermondsey",51.497995,-0.063471392,NA
