"name","lat","long","k"
"River Street , Clerkenwell",51.52916347,-0.109970527,972.7
"Phillimore Gardens, Kensington",51.49960695,-0.197574246,6830.7
"Christopher Street, Liverpool Street",51.52128377,-0.084605692,2538.4
"St. Chad's Street, King's Cross",51.53005939,-0.120973687,1388
"Sedding Street, Sloane Square",51.49313,-0.156876,6523.6
"Broadcasting House, Marylebone",51.51811784,-0.144228881,4245.3
"Charlbert Street, St. John's Wood",51.53430039,-0.1680743,1974.7
"Maida Vale, Maida Vale",51.529857,-0.18348604,4674.4
"New Globe Walk, Bankside",51.5073853,-0.096440751,1966.9
"Park Street, Bankside",51.50597426,-0.092754157,2732.2
"Brunswick Square, Bloomsbury",51.52395143,-0.122502346,2908.4
"Malet Street, Bloomsbury",51.52168078,-0.130431727,2962.9
"Scala Street, Fitzrovia",51.51991453,-0.136039674,1982
"Belgrove Street , King's Cross",51.52994371,-0.123616824,7083.3
"Great Russell Street, Bloomsbury",51.51772703,-0.127854211,2987.4
"Cartwright Gardens , Bloomsbury",51.52635795,-0.125979294,2930.2
"Hatton Wall, Holborn",51.5216612,-0.109006325,5350.1
"Drury Lane, Covent Garden",51.51477076,-0.12221963,6433.6
"Taviton Street, Bloomsbury",51.52505093,-0.131161087,1339.5
"Drummond Street , Euston",51.527326,-0.13605286,1833.1
"Northington Street , Holborn",51.5222641,-0.114079481,3740.5
"Red Lion Square, Holborn",51.51943538,-0.119123345,1931.9
"British Museum, Bloomsbury",51.51908011,-0.124678402,4214.2
"Doric Way , Somers Town",51.5288338,-0.132250369,3352
"Ampton Street , Clerkenwell",51.52728093,-0.11829517,1865.3
"Bouverie Street, Temple",51.51382102,-0.107927706,2939.4
"Bolsover Street, Fitzrovia",51.52351808,-0.143613641,3579.8
"Hereford Road, Bayswater",51.513735,-0.193487,4005.5
"Windsor Terrace, Hoxton",51.52915444,-0.093421615,3158.1
"Fanshaw Street, Hoxton",51.52953709,-0.083353323,3200
"Leonard Circus , Shoreditch",51.52469624,-0.084439283,4989.7
"Central House, Aldgate",51.515231,-0.07015,4668.9
"Pancras Road, King's Cross",51.5341235,-0.129386874,2308.3
"De Vere Gardens, Kensington",51.50173726,-0.184980612,4038.1
"Penywern Road, Earl's Court",51.49159394,-0.192369256,4275.5
"Abingdon Villas, Kensington",51.4973875,-0.197245586,2824.6
"Shoreditch High Street, Shoreditch",51.5263778,-0.078130921,6267.7
"Commercial Street, Shoreditch",51.52127071,-0.0755789,3729.1
"Pindar Street, Liverpool Street",51.520955,-0.083493552,2827.3
"Wenlock Road , Hoxton",51.53099181,-0.093903825,3238.9
"Crawford Street, Marylebone",51.52026,-0.157183945,5028.4
"Bruton Street, Mayfair",51.51073687,-0.144165239,3008.9
"Boston Place, Marylebone",51.522511,-0.162298,3436.3
"Nesham Street, Wapping",51.507131,-0.06691,4024.1
"Warwick Avenue Station, Maida Vale",51.52334476,-0.183846408,5018.8
"Godliman Street, St. Paul's",51.51248445,-0.099141408,3468.1
"Curzon Street, Mayfair",51.50706909,-0.145904427,4175.7
"East Road, Hoxton",51.52867339,-0.087459376,2816.1
"Finsbury Library , Finsbury",51.52671796,-0.104298194,2109.9
"Roscoe Street, St. Luke's",51.52295439,-0.094934859,3366.2
"Grafton Street, Mayfair",51.5099923,-0.143495266,2681.2
"Golden Lane, Barbican",51.52174785,-0.094475072,3181.8
"Finsbury Circus, Liverpool Street",51.51707521,-0.086685542,7124.8
"Paddington Street, Marylebone",51.52058381,-0.154701411,4033.4
"Guilford Street , Bloomsbury",51.52334672,-0.120202614,4023.8
"New Inn Yard, Shoreditch",51.52452699,-0.079248081,5393.1
"Lisson Grove, St. John's Wood",51.52644828,-0.172190727,2093.1
"Great Dover Street, The Borough",51.49738251,-0.089446947,2717.5
"Cotton Garden Estate, Kennington",51.4907579,-0.106323685,3418
"Murray Grove , Hoxton",51.53089041,-0.089782579,2245.9
"William IV Street, Strand",51.50946212,-0.124749274,7439.3
"Holborn Circus, Holborn",51.51795029,-0.108657431,6110.3
"Hatton Garden, Holborn",51.51882555,-0.108028472,4182.4
"Theobald's Road , Holborn",51.52059681,-0.116688468,4573.2
"Euston Road, Euston",51.5262363,-0.134407652,2317.1
"Calshot Street , King's Cross",51.53136059,-0.117069978,1483.2
"Newgate Street , St. Paul's",51.5154186,-0.098850915,5040.8
"Farringdon Lane, Clerkenwell",51.52352001,-0.108340165,2419.8
"Old Street Station, St. Luke's",51.52548,-0.089659871,5816.2
"Vauxhall Cross, Vauxhall",51.48591714,-0.124469948,9463
"Torrens Street, Angel",51.53219984,-0.105480698,3794.1
"Longford Street, The Regent's Park",51.52559505,-0.144083893,1957.3
"Russell Square Station, Bloomsbury",51.52341837,-0.124121774,4267.7
"Sadlers Sports Centre, Finsbury",51.52486887,-0.099489485,3066.7
"Arundel Street, Temple",51.511726,-0.11385596,2018.9
"Webber Street , Southwark",51.50069361,-0.102091246,3998
"Great Titchfield Street, Fitzrovia",51.52025302,-0.141327271,3297.7
"Chancery Lane, Holborn",51.514274,-0.111257,2376.6
"Panton Street, West End",51.50963938,-0.131510949,7911.6
"Breams Buildings, Holborn",51.51593725,-0.111778348,2558.7
"Tanner Street, Bermondsey",51.50064702,-0.078600401,5665.2
"Sancroft Street, Vauxhall",51.48947903,-0.115156562,2770.9
"Devonshire Square, Liverpool Street",51.51646835,-0.079684557,4474.4
"Bayley Street , Bloomsbury",51.51858757,-0.132053392,6865
"Tavistock Place, Bloomsbury",51.5262503,-0.123509611,3548.5
"Harrington Square 1, Camden Town",51.53301907,-0.139174593,1643.9
"Walnut Tree Walk, Vauxhall",51.49368637,-0.111014912,3780.9
"Borough Road, Elephant & Castle",51.49889832,-0.100440521,3782.2
"Cloudesley Road, Angel",51.53440868,-0.109025404,3373.1
"Bricklayers Arms, Borough",51.49506109,-0.085814489,6167.4
"Aldersgate Street, Barbican",51.5208417,-0.097340162,4058.6
"Falkirk Street, Hoxton",51.53095071,-0.078505384,3592.9
"Gloucester Road (North), Kensington",51.49792478,-0.183834706,5370.9
"Hampstead Road, Euston",51.52554222,-0.138231303,4160.3
"Old Quebec Street, Marylebone",51.51457763,-0.158264483,7377.1
"Albert Embankment, Vauxhall",51.49043573,-0.122806861,5699.8
"Queen Street 1, Bank",51.51155322,-0.0929401,9029.3
"Jewry Street, Aldgate",51.51340693,-0.076793375,4939.4
"Vicarage Gate, Kensington",51.50472376,-0.192538767,2578.9
"Crosswall, Tower",51.51159481,-0.077121322,7527.7
"Westbourne Grove, Bayswater",51.51552971,-0.190240716,4591.9
"Woodstock Street, Mayfair",51.51410514,-0.147301667,4748.1
"Finsbury Leisure Centre, St. Luke's",51.52600832,-0.096317627,4452.7
"Abbey Orchard Street, Westminster",51.49812559,-0.132102166,4959.9
"Soho Square , Soho",51.51563144,-0.132328837,10285.9
"Wellington Road, St. John's Wood",51.53304322,-0.172528678,3558.1
"Park Lane , Hyde Park",51.5100172,-0.157275636,7503.3
"Stonecutter Street, Holborn",51.51580998,-0.105270275,2982
"Gloucester Road (Central), South Kensington",51.49646288,-0.183289032,3703.2
"Park Road (Baker Street), The Regent's Park",51.52451738,-0.158963647,3708.5
"Braham Street, Aldgate",51.51423368,-0.073537654,6927.2
"Little Argyll Street, West End",51.51449962,-0.141423695,11099.1
"Lollard Street, Vauxhall",51.49288067,-0.114934001,4683.4
"Rochester Row, Westminster",51.49582705,-0.13547809,1744.1
"Bath Street, St. Luke's",51.52589324,-0.090847761,5541.9
"The Guildhall, Guildhall",51.51573534,-0.093080779,2806.1
"Baker Street, Marylebone",51.51891348,-0.156166631,4457.7
"Norton Folgate, Liverpool Street",51.52111369,-0.078869751,5100.7
"St. John Street, Finsbury",51.52836014,-0.104724625,2833.5
"Eaton Square, Belgravia",51.49654462,-0.150905245,3220.7
"Borough High Street, The Borough",51.50069491,-0.094524319,4668.9
"Museum of London, Barbican",51.51782144,-0.096496865,4725.3
"Wood Street, Guildhall",51.51700801,-0.09388536,3157.8
"Emperor's Gate, South Kensington",51.49536226,-0.185296516,4229.5
"Golden Square, Soho",51.5118973,-0.137043852,7340.1
"Tower Gardens , Tower",51.50950627,-0.075459482,9865.8
"Eversholt Street , Camden Town",51.53300545,-0.136792671,2709.9
"Bethnal Green Road, Shoreditch",51.52364804,-0.074754872,11520.7
"Derry Street, Kensington",51.50136494,-0.191462381,10828.1
"Wapping High Street, Wapping",51.504904,-0.06797,2725.7
"Clerkenwell Green, Clerkenwell",51.52326004,-0.104708922,4547.3
"Queen Victoria Street, St. Paul's",51.51196176,-0.097441687,4523.1
"Green Street, Mayfair",51.51227622,-0.157436972,7107.2
"Lambeth Road, Vauxhall",51.49488108,-0.117974901,3645.7
"Finsbury Square , Moorgate",51.52096262,-0.085634242,4902.8
"Chapel Place, Marylebone",51.51530805,-0.147203711,5890.7
"West Cromwell Road, Earl's Court",51.49372451,-0.198286569,4186.9
"Pont Street, Knightsbridge",51.4968865,-0.161203828,6114.2
"Kennington Cross, Kennington",51.48894022,-0.111435796,7885.8
"Ilchester Place, Kensington",51.50074359,-0.202759212,2366.8
"Vauxhall Bridge , Pimlico",51.48836528,-0.129361842,4901.7
"Tachbrook Street, Victoria",51.49211134,-0.138364847,4906.1
"Kennington Road Post Office, Oval",51.48478899,-0.110683213,6022.8
"Holy Trinity Brompton, Knightsbridge",51.49705603,-0.168917077,5963.5
"Chepstow Villas, Notting Hill",51.51213691,-0.201554966,3328.4
"Hampton Street, Walworth",51.49217002,-0.101536865,6421.9
"Bayswater Road, Hyde Park",51.511933,-0.174411,8719.1
"Waterloo Station 3, Waterloo",51.50379168,-0.11282408,8489.7
"Lexham Gardens, Kensington",51.49586666,-0.191933711,4542.8
"New Kent Road, The Borough",51.49443626,-0.092921165,2905
"Wright's Lane, Kensington",51.50039792,-0.193068385,6309.8
"Trebovir Road, Earl's Court",51.49085368,-0.196170309,4628.4
"Waterloo Place, St. James's",51.50663341,-0.131773845,5265.1
"Guildhouse Street, Victoria",51.49234577,-0.141334487,3928.8
"Southampton Place, Holborn",51.51760685,-0.121328408,4585.2
"Sloane Avenue, Knightsbridge",51.4931848,-0.167894973,8363.7
"Cleveland Gardens, Bayswater",51.515607,-0.183118788,2596.8
"Orsett Terrace, Bayswater",51.517932,-0.183716959,2508.2
"Seville Street, Knightsbridge",51.50185512,-0.159237081,5931.6
"Eccleston Place, Victoria",51.49395092,-0.147624377,8689.7
"Argyll Road, Kensington",51.50040123,-0.195455928,136.6
"Porchester Place, Paddington",51.51474612,-0.165164288,6674.2
"Hardwick Street, Clerkenwell",51.52784273,-0.108068155,1741.2
"Collingham Gardens, Earl's Court",51.4916156,-0.186753859,4566.4
"Sumner Place, South Kensington",51.49121192,-0.173715911,6442.8
"Waterloo Road, South Bank",51.50486,-0.113001,4648.5
"Worship Street, Shoreditch",51.521668,-0.079608554,4079.5
"Gloucester Terrace, Bayswater",51.51791921,-0.188098863,4245
"Ashley Place, Victoria",51.49616092,-0.140947636,6483.2
"Warwick Square, Pimlico",51.48985626,-0.141923621,6116
"North Audley Street, Mayfair",51.5129118,-0.153645496,7079.4
"Belgrave Square, Belgravia",51.49941247,-0.152317537,4390.1
"Bell Street , Marylebone",51.52202903,-0.165842551,4058.9
"Riverlight North, Nine Elms",51.482362,-0.13612398,10438.9
"Portland Place, Marylebone",51.52071513,-0.14521173,4954.6
"Alderney Street, Pimlico",51.48805753,-0.140741432,8339.1
"South Wharf Road, Paddington",51.51733558,-0.175810943,7745.4
"Queen's Gate (South), South Kensington",51.49247977,-0.178433004,8036.1
"Nutford Place, Marylebone",51.5165179,-0.164393768,2353.1
"Claremont Square, Angel",51.53166681,-0.109914711,3798.6
"Rampayne Street, Pimlico",51.48997562,-0.132845681,6026.2
"Hyde Park Corner, Hyde Park",51.50311799,-0.153520935,13402.8
"Wardour Street, Soho",51.51251523,-0.133201961,10929.4
"Bankside Mix, Bankside",51.50581776,-0.100186337,4814.4
"Hop Exchange, The Borough",51.50462759,-0.091773776,17140.4
"Milroy Walk, South Bank",51.50724437,-0.106237501,5564.1
"Union Street, The Borough",51.50368837,-0.098497684,4091.3
"Stamford Street, South Bank",51.50556905,-0.111606696,4104.5
"Great Tower Street, Monument",51.51048489,-0.082989638,9958.1
"LMU Commercial Road, Whitechapel",51.51492456,-0.066078037,6987.8
"Dorset Square, Marylebone",51.5225965,-0.161113413,5502.6
"Leman Street, Aldgate",51.51236389,-0.06954201,7318.3
"West Smithfield Rotunda, Farringdon",51.51821864,-0.100791005,6349.8
"Margery Street, Clerkenwell",51.52659961,-0.112432615,2950.8
"New Road 1 , Whitechapel",51.518154,-0.062697,7866.7
"Grosvenor Crescent, Belgravia",51.50135267,-0.153194766,2322.6
"Mallory Street, Marylebone",51.52505151,-0.166304359,1727.9
"Denyer Street, Knightsbridge",51.49358391,-0.165101392,4384.8
"Hinde Street, Marylebone",51.51681444,-0.151926305,7748.2
"Cadogan Place, Knightsbridge",51.49464523,-0.158105512,6170.3
"Wellington Arch, Hyde Park",51.50274025,-0.149569201,12143.5
"Endsleigh Gardens, Euston",51.52683806,-0.130504336,5002.4
"Moorfields, Moorgate",51.51906932,-0.088285377,6496.3
"Old Brompton Road, South Kensington",51.49094565,-0.181190899,6173.5
"Wormwood Street, Liverpool Street",51.51615461,-0.082422399,13156.9
"St. Luke's Church, Chelsea",51.48971651,-0.170194408,NA
"Bramham Gardens, Earl's Court",51.49016361,-0.19039362,7393.2
"Chelsea Green, Chelsea",51.49066456,-0.166485083,6073.2
"Horseferry Road, Westminster",51.49481649,-0.13045856,5031.7
"Knightsbridge, Hyde Park",51.50275704,-0.155349725,3905.8
"Rodney Road , Walworth",51.49148474,-0.090220911,5821.5
"Queensway, Kensington Gardens",51.51031,-0.18740235,8131.1
"Notting Hill Gate Station, Notting Hill",51.50935342,-0.196422,7258.8
"Charles II Street, West End",51.50844614,-0.131961389,8625.7
"Great Percy Street, Clerkenwell",51.52891573,-0.115480888,3538.7
"St. James's Square, St. James's",51.50742485,-0.134621209,12559.1
"Whitehall Place, Strand",51.50654321,-0.123179697,11227.3
"Poured Lines, Bankside",51.50669284,-0.103137426,4506.6
"Queen's Gate (Central), South Kensington",51.49396755,-0.17873226,129.9
"Carey Street, Holborn",51.51501025,-0.112753217,1949.7
"Pall Mall East, West End",51.50777049,-0.130699733,9855.5
"Liverpool Road (N1 Centre), Angel",51.53450449,-0.106992706,6921.5
"Kennington Road  , Vauxhall",51.49571828,-0.110889274,5593.5
"Fashion Street, Whitechapel",51.51838043,-0.073438925,5511.5
"Dock Street, Wapping",51.5097860151,-0.0681619805156,5440.2
"Frampton Street, Paddington",51.5233534,-0.175116099,3304.9
"Warren Street Station, Euston",51.52443845,-0.138019439,9091.6
"Colombo Street, Southwark",51.50545935,-0.10569204,1841.7
"Beaumont Street, Marylebone",51.52200801,-0.151359288,5349.9
"Gloucester Street, Pimlico",51.49096258,-0.139625122,8708.5
"Earnshaw Street , Covent Garden",51.51611887,-0.128585022,8701.7
"Grosvenor Road, Pimlico",51.4853572,-0.142207481,4870.4
"Berry Street, Clerkenwell",51.52285301,-0.099994052,6506.2
"St. John's Wood Church, The Regent's Park",51.530529,-0.167515,3964.1
"Triangle Car Park, Hyde Park",51.50645179,-0.170279555,7332.5
"Harper Road, The Borough",51.49859784,-0.096191134,7030.3
"Royal Avenue 1, Chelsea",51.489932,-0.162727,6678.6
"Brushfield Street, Liverpool Street",51.518908,-0.079249,12207.3
"Jubilee Gardens, South Bank",51.5046364,-0.116542278,9641
"Shoreditch Park, Hoxton",51.53404294,-0.086379717,7054.3
"Chadwell Street, Angel",51.53051587,-0.106408455,5553.2
"Clifton Road, Maida Vale",51.52557531,-0.179592915,5174.9
"Houghton Street, Strand",51.51362054,-0.116764211,1726.5
"Westminster University, Marylebone",51.52248185,-0.154907218,5064.5
"Kensington Gore, Knightsbridge",51.50143293,-0.178656971,2363.3
"Bourne Street, Belgravia",51.490959,-0.1532331,8887.6
"Broadwick Street, Soho",51.5136846,-0.135580879,8112.3
"Princes Square, Bayswater",51.5134891,-0.191351186,3119.5
"LSBU (Borough Road), Elephant & Castle",51.49874469,-0.103132904,4764.8
"St. Mary Axe, Aldgate",51.51422502,-0.080660083,6749
"Tysoe Street, Clerkenwell",51.52644342,-0.109256828,5836.7
"Southwick Street, Paddington",51.51595344,-0.169249375,4948.3
"Queen's Gate (North), Kensington",51.50102668,-0.180246101,3924
"Regency Street, Westminster",51.49206037,-0.132224622,5581.7
"Belgrave Road, Victoria",51.49320445,-0.144132875,7675.2
"Empire Square, The Borough",51.50082346,-0.089740764,6473.5
"Kennington Lane Rail Bridge, Vauxhall",51.4863434,-0.122492418,12684
"London Zoo,  The Regent's Park",51.53583617,-0.156285395,3646.8
"Baylis Road, Waterloo",51.50144456,-0.110699309,9444.1
"Belvedere Road 1, South Bank",51.50613324,-0.114686385,5665.6
"Warwick Road, Olympia",51.49671237,-0.20528437,7271.5
"Barbican Centre, Barbican",51.52004497,-0.092176447,5302
"Lower Thames Street, Monument",51.50930161,-0.084985356,3879.9
"Kensington Church Street, Kensington",51.50315739,-0.191496313,7643.1
"Tooley Street, Bermondsey",51.5034938,-0.07962099,13998.2
"North Wharf Road, Paddington",51.51862243,-0.176645823,4172.5
"Royal Avenue 2, Chelsea",51.490083,-0.162418,9693.8
"Smith Square, Westminster",51.49580589,-0.127575233,6182
"Royal London Hospital, Whitechapel",51.518675,-0.06111,10378.8
"Kingsway, Covent Garden",51.51440928,-0.118478757,1688.2
"Lambeth North Station, Waterloo",51.49914063,-0.112031483,5344.2
"St. John's Wood Road, St. John's Wood",51.5272947,-0.174653609,3509.5
"Bedford Way, Bloomsbury",51.52367314,-0.128377673,1832
"Elizabeth Bridge, Victoria",51.49236962,-0.147478734,8680.8
"South Audley Street, Mayfair",51.50923022,-0.151296092,4285.6
"St Mary's Hospital, Paddington",51.518268,-0.17110323,8792.4
"Claverton Street, Pimlico",51.48483991,-0.138089062,7315.5
"Montpelier Street, Knightsbridge",51.49888404,-0.165471605,10181.6
"Kensington Olympia Station, Olympia",51.49815779,-0.209494128,3207.8
"St. George's Square, Pimlico",51.488226,-0.135635511,8405
"Swan Street, The Borough",51.50029631,-0.092762704,4024.8
"Knaresborough Place, Earl's Court",51.49363156,-0.190603326,6872.5
"Geraldine Street, Elephant & Castle",51.49612799,-0.106000855,2068.9
"Curlew Street, Shad Thames",51.50227992,-0.074189225,10638.5
"Vincent Square, Westminster",51.49398524,-0.136928582,3734.3
"Serpentine Car Park, Hyde Park",51.505014,-0.17306032,11441.5
"Marylebone Lane, Marylebone",51.51475963,-0.148105415,9897.7
"Putney Pier, Wandsworth",51.466907,-0.216573,7209.8
"Albert Gate, Hyde Park",51.50295379,-0.158456089,8984.8
"Rathbone Street, Fitzrovia",51.51816295,-0.135025698,5697.8
"Black Lion Gate, Kensington Gardens",51.50990837,-0.187842717,12414.2
"Long Lane , Bermondsey",51.49907558,-0.085666316,7317.9
"Embankment (Savoy), Strand",51.50963123,-0.119047563,5947.8
"Black Prince Road, Vauxhall",51.4908679,-0.116911864,8238.3
"Foley Street, Fitzrovia",51.51918144,-0.140485596,6596.5
"Grove End Road, St. John's Wood",51.53088935,-0.176770502,6187
"Wells Street, Fitzrovia",51.51734403,-0.138072691,8914.7
"Tyers Gate, Bermondsey",51.50088934,-0.083159352,5580.8
"The Tennis Courts, The Regent's Park",51.52536703,-0.153463612,4455.4
"Warwick Row, Westminster",51.497998,-0.14296064,11830.4
"Dickens Square, Borough",51.49679128,-0.093913472,3374.3
"Sackville Street, Mayfair",51.51004801,-0.138846453,9724.3
"Baldwin Street, St. Luke's",51.52702563,-0.088542771,6556.8
"Queen Mother Sports Centre, Victoria",51.49357351,-0.139956043,8183.5
"Bermondsey Street, Bermondsey",51.49785559,-0.081608045,11682.5
"Palissy Street, Shoreditch",51.526293,-0.073955,5120.7
"Clifton Street, Shoreditch",51.523196,-0.083067,3840.3
"Ontario Street, Elephant & Castle",51.49652013,-0.101384068,8513.6
"St. Martin's Street, West End",51.50908747,-0.129697889,4943
"Graham Street, Angel",51.53266186,-0.099981142,7221.7
"New North Road 1, Hoxton",51.53095,-0.085603,1639.1
"New North Road 2, Hoxton",51.53114,-0.086016,3480
"Prince Albert Road, The Regent's Park",51.53589283,-0.160854428,5713.4
"Eastbourne Mews, Paddington",51.51641749,-0.179135079,5498.4
"Bunhill Row, Moorgate",51.52085887,-0.089887855,8251.3
"Nevern Place, Earl's Court",51.49334336,-0.194757949,5820.6
"Palace Gardens Terrace, Notting Hill",51.50860544,-0.193764092,8299.4
"Concert Hall Approach 1, South Bank",51.505044,-0.115851,4602.4
"Tavistock Street, Covent Garden",51.51196803,-0.120718759,9097.3
"Concert Hall Approach 2, South Bank",51.504942,-0.115533,5133.6
"Pembridge Villas, Notting Hill",51.51108452,-0.197524944,6103
"Wellington Street , Strand",51.51175646,-0.119643424,9525.2
"Risinghill Street, Angel",51.5333196,-0.1117812,4381.9
"Bank of England Museum, Bank",51.51444134,-0.087587447,10680.3
"Craven Street, Strand",51.50810309,-0.12602103,16692.5
"London Zoo Car Park, The Regent's Park",51.53692216,-0.150181444,3348.2
"Goswell Road (City Uni), Finsbury",51.528246,-0.10102611,3369.2
"Flood Street, Chelsea",51.48802358,-0.166878535,14484.7
"Lower Marsh, Waterloo",51.50013942,-0.113936001,7340
"Grosvenor Square, Mayfair",51.51217033,-0.150481272,9165.5
"St. George Street, Mayfair",51.51196,-0.142783033,7979.2
"Queen's Gate, Kensington Gardens",51.5017154373867,-0.1798541843891,9008.2
"Macclesfield Rd, St Lukes",51.529423,-0.097122,6119.7
"Vauxhall Street, Vauxhall",51.486965,-0.116625,5212.3
"Greycoat Street , Westminster",51.49459148,-0.134234258,3556.8
"Northumberland Avenue, Strand",51.506767,-0.123702,9932.2
"Clapham Common Station, Clapham Common",51.461388,-0.13922146,NA
"South Kensington Station, South Kensington",51.494412,-0.173881,12548.8
"Howland Street, Fitzrovia",51.520994,-0.139016,5856.4
"High Holborn , Covent Garden",51.516226,-0.124826,6997.7
"Butler Place, Westminster",51.49782999,-0.135440826,5257.4
"Howick Place, Westminster",51.49675303,-0.138733562,10178.6
"Waterloo Station 2, Waterloo",51.50391973,-0.11342629,7620
"Royal College Street, Camden Town",51.536264,-0.133952,4509.5
"Lord's, St. John's Wood",51.5291212008901,-0.171185284853,2323.4
"Store Street, Bloomsbury",51.519572,-0.13214036,NA
"City Road, Angel",51.530344,-0.100168,4701.7
"Millennium Hotel, Mayfair",51.5109192966489,-0.1511263847351,6550.7
"Harrowby Street, Marylebone",51.5173721,-0.1642075,6002.7
"Harriet Street, Knightsbridge",51.50024195,-0.15934065,9521.2
"Paddington Green, Paddington",51.520205,-0.174593,3182.6
"King Edward Walk, Waterloo",51.49775,-0.10988,2287.5
"Sardinia Street, Holborn",51.515208,-0.117863,2178.5
"Prince Consort Road, Knightsbridge",51.49980661,-0.176415994,3176.3
"Waterloo Station 1, Waterloo",51.50402794,-0.11386436,12904.7
"Kensington Town Hall, Kensington",51.50194596,-0.194392952,5735.9
"Millbank Tower, Pimlico",51.49188409,-0.125674815,10198.6
"Waterloo Bridge, South Bank",51.50535447,-0.113656543,3399.6
"Natural History Museum, South Kensington",51.49559291,-0.179077626,6753.4
"Turquoise Island, Notting Hill",51.51431171,-0.200838199,8296.5
"Stanhope Gate, Mayfair",51.50686435,-0.150666888,4419.8
"Charlotte Street, Fitzrovia",51.51953043,-0.13577731,8155
"Farm Street, Mayfair",51.50935171,-0.14744969,4734.2
"Frith Street, Soho",51.51310333,-0.13121385,13593.9
"Marloes Road, Kensington",51.496481,-0.192404,3879.4
"Moor Street, Soho",51.51352755,-0.130110822,16544.8
"Fire Brigade Pier, Vauxhall",51.49369988,-0.121394101,7816.7
"Southampton Street, Strand",51.51070161,-0.121723604,11192.7
"Upper Grosvenor Street, Mayfair",51.51013066,-0.155757901,2055.6
"Buxton Street 1, Shoreditch",51.521776,-0.068856,4003.7
"Clifford Street, Mayfair",51.51066202,-0.142345694,5523.4
"Imperial College, Knightsbridge",51.49942855,-0.179702476,5588.2
"Snow Hill, Farringdon",51.51733427,-0.103604248,4401.1
"Aberdeen Place, St. John's Wood",51.524826,-0.176268,3828.3
"Cadogan Gardens, Chelsea",51.492462,-0.159919,12919.2
"Shouldham Street, Marylebone",51.51809,-0.163609,4576.4
"Devonshire Terrace, Bayswater",51.51348,-0.17977,9361.3
"Holland Park, Kensington",51.502319,-0.200742,5055.7
"Brick Lane Market, Shoreditch",51.52261762,-0.071653961,7074.6
"George Street, Marylebone",51.517703,-0.154106,8758.2
"Columbia Road, Shoreditch",51.528187,-0.075375,8731.7
"Penfold Street, Marylebone",51.52289229,-0.171681991,4365.3
"George Place Mews, Marylebone",51.51689296,-0.158249929,7928.5
"Palace Gate, Kensington Gardens",51.50204238,-0.184400221,11245.5
"Gloucester Road Station, South Kensington",51.49418566,-0.18267094,9910.8
"Strata, Elephant & Castle",51.493146,-0.099828,9220.9
"Edgware Road Station, Marylebone",51.519968,-0.169774,6712.7
"Rotherhithe Roundabout, Rotherhithe",51.499169,-0.055846029,NA
"Cleaver Street, Kennington",51.488105,-0.110121,5325.6
"Chelsea Bridge, Pimlico",51.485821,-0.149004,11119.1
"Southwark Station 1, Southwark",51.504043,-0.105312,7232
"Southwark Station 2, Southwark",51.504044,-0.104778,4186.7
"Eaton Square (South), Belgravia",51.49456127,-0.15393398,5973.8
"Ebury Bridge, Pimlico",51.490491,-0.149186,7505
"Harrington Square 2, Camden Town",51.533379,-0.139159,4716.2
"Vincent Street, Pimlico",51.493072,-0.129925,5471.9
"Cheapside, Bank",51.51397065,-0.09294031,16289.2
"Exhibition Road, Knightsbridge",51.499917,-0.174554,10272.4
"South Parade, Chelsea",51.48902,-0.17524,8796.3
"Crinan Street, King's Cross",51.534474,-0.122203,2160.6
"Exhibition Road Museums 1, South Kensington",51.496468,-0.17379696,4234.6
"Wren Street, Holborn",51.524564,-0.116279,5977.2
"Kennington Station, Kennington",51.488852,-0.105593,8041
"Red Lion Street, Holborn",51.51824,-0.11655,8648.2
"Vauxhall Walk, Vauxhall",51.488124,-0.120903,8074.5
"Killick Street, King's Cross",51.5338,-0.118677,3259.1
"Kennington Oval, Oval",51.483145,-0.113134,7763.5
"Sail Street, Vauxhall",51.495656,-0.114605,6516.5
"Walmer Road, Avondale",51.510101,-0.211358,3571.6
"Philpot Street, Whitechapel",51.515256,-0.058641,5655.2
"Bethnal Green Garden, Bethnal Green",51.52568,-0.055312,7152.2
"Cheshire Street, Bethnal Green",51.52388,-0.065076,6043.5
"York Hall, Bethnal Green",51.528936,-0.055894,7127
"Jubilee Crescent, Cubitt Town",51.493381,-0.007542,2104.2
"Fisherman's Walk West, Canary Wharf",51.50623,-0.02296,6366.3
"Shadwell Station, Shadwell",51.511088,-0.057159,9557.7
"Jubilee Street, Stepney",51.515975,-0.053177,6386.1
"Hermitage Court, Wapping",51.504719,-0.063531,4133.9
"St. Katharine's Way, Tower",51.505697,-0.070542,5743.5
"Garnet Street, Shadwell",51.508447,-0.055167,5459.5
"Napier Avenue, Millwall",51.487679,-0.021582,2768.3
"East Ferry Road, Cubitt Town",51.49447,-0.014409,3666.4
"Parkway, Camden Town",51.538071,-0.144664,6124.9
"Castlehaven Road, Camden Town",51.542138,-0.145393,9629.2
"Wapping Lane, Wapping",51.504749,-0.057544,6643.5
"Gunmakers Lane, Old Ford",51.535179,-0.03338,7984.8
"Burdett Road, Mile End",51.516196,-0.029138,7623.3
"Aston Street, Stepney",51.516,-0.038775,5267.9
"Bonny Street, Camden Town",51.541603,-0.138853,8682.4
"Thurtle Road, Haggerston",51.534776,-0.071881,NA
"St. Mary & St. Michael Church, Stepney",51.51417,-0.052099,3013.8
"Pitfield Street North,Hoxton",51.53558,-0.08249,7041.8
"Whiston Road, Haggerston",51.534464,-0.076341,5579.6
"Southern Grove, Bow",51.523538,-0.030556,4982.3
"Cantrell Road, Bow",51.521564,-0.022694,2697.2
"Lindfield Street, Poplar",51.513757,-0.020467,5870.8
"Mostyn Grove, Bow",51.530535,-0.025492,7343.4
"Hewison Street, Old Ford",51.533283,-0.028155,6656.5
"Malmesbury Road, Bow",51.529452,-0.027616,2145.4
"Millharbour, Millwall",51.496137,-0.019355,2937.2
"Gascoyne Road, Victoria Park",51.541515,-0.038557746,NA
"Lightermans Road, Millwall",51.499041,-0.020157,4336.7
"Stebondale Street, Cubitt Town",51.489096,-0.009205,2373.8
"Spindrift Avenue, Millwall",51.49109,-0.018716,2910.3
"Stepney Green Station, Stepney",51.521889,-0.04667,12842.5
"Pott Street, Bethnal Green",51.527152,-0.058005,10569.8
"Flamborough Street, Limehouse",51.5128711,-0.0389866,13095.4
"Saunders Ness Road, Cubitt Town",51.487129,-0.0090011,5999.1
"Exhibition Road Museums 2, South Kensington",51.495947,-0.17368958,7426.1
"Albert Gardens, Stepney",51.51328,-0.047784,8727.1
"Bromley High Street, Bow",51.528828,-0.013258,5815.9
"Old Ford Road, Bethnal Green",51.531127,-0.048017,6181.6
"Granby Street, Shoreditch",51.525645,-0.069543,10134.1
"Canton Street, Poplar",51.511811,-0.025626,4032.5
"Reardon Street, Wapping",51.506946,-0.058681,5692.4
"Christian Street, Whitechapel",51.513074,-0.064094,9007.3
"Pennington Street, Wapping",51.508622,-0.065006,3364
"Queen Mary's, Mile End",51.522507,-0.041378,8177.7
"Maplin Street, Mile End",51.525501,-0.032267204,8479.5
"South Quay East, Canary Wharf",51.50196,-0.016251,403.7
"Bow Church Station, Bow",51.528169,-0.018703,9264.1
"Devons Road, Bow",51.52512,-0.015578,6519.1
"Merchant Street, Bow",51.526578,-0.027581,4496.6
"Bow Road Station, Bow",51.527058,-0.025296,7592
"Furze Green, Bow",51.519265,-0.021345,8885.8
"Ansell House, Stepney",51.520019,-0.05438,10533.6
"Cephas Street, Bethnal Green",51.522561,-0.054883,7184.6
"Bonner Gate, Victoria Park",51.53341,-0.049591815,8084
"Cleveland Way, Stepney",51.520893,-0.051394,13197
"St. John's Park, Cubitt Town",51.496454,-0.009506,2788.6
"Ackroyd Drive, Bow",51.520398,-0.026768,5622.1
"Bell Lane, Liverpool Street",51.517475,-0.075855,8477.6
"Clarkson Street, Bethnal Green",51.528692,-0.059091,4822.5
"Fournier Street, Whitechapel",51.519362,-0.074431,12683.1
"Fore Street, Guildhall",51.517842,-0.090075,4617.2
"Westferry DLR, Limehouse",51.509303,-0.025996,10890.1
"Sutton Street, Shadwell",51.511066,-0.053558,11366.2
"Pritchard's Road, Bethnal Green",51.532091,-0.06142,11263.2
"Watney Market, Stepney",51.5142228,-0.055656,6838.3
"Portman Square, Marylebone",51.516204,-0.155525,9610.7
"Russell Gardens, Olympia",51.500088,-0.211316,4509.4
"Chrisp Street Market, Poplar",51.5112,-0.014438,6929.2
"Ford Road, Old Ford",51.532513,-0.033085,6262.9
"Antill Road, Mile End",51.528224,-0.037471,8350.9
"Teviot Street, Poplar",51.518811,-0.011662,3090.6
"Bancroft Road, Bethnal Green",51.526041,-0.047218,5722.9
"Driffield Road, Old Ford",51.534137,-0.037366,7358.7
"Clinton Road, Mile End",51.525941,-0.036017,8347.5
"Langdon Park, Poplar",51.51549,-0.013475,3998.8
"Lancaster Gate , Bayswater",51.511654,-0.179668,7653.4
"Lancaster Drive, Blackwall",51.503143,-0.008428,3331.2
"Hansard Mews, Holland Park",51.503802,-0.215808,7059.1
"Clarges Street, Mayfair",51.507326,-0.145827,5167.2
"Manresa Road, Chelsea",51.486892,-0.170983,11911.9
"Newby Place, Poplar",51.508896,-0.012413,4498.4
"Twig Folly Bridge, Mile End",51.530326,-0.042744,9106.2
"Jubilee Plaza, Canary Wharf",51.50357,-0.020068,6312.9
"Wellington Row, Bethnal Green",51.528222,-0.069743,6075.3
"Goldsmith's Row, Haggerston",51.531864,-0.066035,8302.9
"Gloucester Avenue, Camden Town",51.537349,-0.147154,7965.6
"Queensbridge Road, Haggerston",51.53385,-0.06992,6026.9
"Old Montague Street, Whitechapel",51.51793,-0.067937,9563.3
"Naval Row, Blackwall",51.508981,-0.00699,4786.2
"Hoxton Station, Hoxton",51.531091,-0.075901,6133.2
"Albany Street, The Regent's Park",51.528302,-0.144466,6612.8
"Green Park Station, Mayfair",51.506613,-0.142844,21949.7
"Salmon Lane, Limehouse",51.514115,-0.033828,8544.5
"Lansdowne Walk, Ladbroke Grove",51.509591,-0.204666,2692.2
"Percival Street, Finsbury",51.526153,-0.102208,4377.9
"Arlington Road, Camden Town",51.539957,-0.145246,5631.1
"New Fetter Lane, Holborn",51.517428,-0.107987,9117.3
"East India DLR, Blackwall",51.509474,-0.002275,4388.1
"Westminster Bridge Road, Elephant & Castle",51.498386,-0.107913,3938.2
"Gaywood  Street, Elephant & Castle",51.49605,-0.104193,6986.2
"Harford Street, Mile End",51.521564,-0.039264,6124.8
"Import Dock, Canary Wharf",51.505772,-0.016460175,4239.1
"Watney Street, Shadwell",51.511542,-0.056667,8758.5
"Regent's Row , Haggerston",51.535678,-0.062546,17594.2
"Aberfeldy Street, Poplar",51.513548,-0.005659,3596.4
"Heron Quays DLR, Canary Wharf",51.502661,-0.021596,2708.4
"King Edward Street, St Pauls",51.51601,-0.0985,6048.1
"Page Street, Westminster",51.493978,-0.127554,11043.3
"Abbotsbury Road, Holland Park",51.501391,-0.205991,4398.6
"Ladbroke Grove Central, Ladbroke Grove",51.511624,-0.205921,2388.5
"Rectory Square, Stepney",51.518369,-0.043371,7065.1
"Bury Place, Holborn",51.51746,-0.12335,7531.3
"Preston's Road, Cubitt Town",51.499286,-0.009152,2632
"Somerset House, Strand",51.509943,-0.117619,16933.2
"Selby Street, Whitechapel",51.521905,-0.063386,6621
"Westfield Ariel Way, White City",51.509158,-0.224103,11172.2
"Bishop's Bridge Road West, Bayswater",51.51616,-0.18697,11257.5
"Pitfield Street Central, Hoxton",51.53213,-0.08299,5674
"Upper Bank Street, Canary Wharf",51.503083,-0.017676,6751.3
"Westfield Southern Terrace ,Shepherd's Bush",51.506256,-0.218337,6964.1
"Greenland Road, Camden Town",51.539099,-0.141728,9785.7
"Limerston Street, West Chelsea",51.485587,-0.18119,19036.2
"Eagle Wharf Road, Hoxton",51.53356,-0.09315,12462.6
"Alpha Grove, Millwall",51.497304,-0.022793,4265.2
"Globe Town Market, Bethnal Green",51.528869,-0.047548,9397
"Hollybush Gardens, Bethnal Green",51.527607,-0.057133,4250
"Queen Street 2, Bank",51.511246,-0.093051,17080
"Doddington Grove, Kennington",51.48692917,-0.102996299,10500.7
"New Cavendish Street, Marylebone",51.519167,-0.147983,13637.4
"Ilchester Gardens, Bayswater",51.51244,-0.19096,7014.1
"Mudchute DLR, Cubitt Town",51.490645,-0.014582,1840
"Monument Street, Monument",51.50964,-0.08497,14500.1
"Hoxton Street, Hoxton",51.52959,-0.0801,4406.1
"Drayton Gardens, West Chelsea",51.487196,-0.179369,15794.2
"Greenberry Street, St.John's Wood",51.53256,-0.16862,3016.4
"Bishop's Bridge Road East, Bayswater",51.5171,-0.18377,4302.6
"Northdown Street, King's Cross",51.531066,-0.11934,5757.9
"Kingsway Southbound, Strand",51.513875,-0.117774,3477.4
"Hammersmith Road, Hammersmith",51.493267,-0.21985,9083.7
"Parson's Green , Parson's Green",51.472817,-0.199783,12478.6
"Fulham Park Road, Fulham",51.473471,-0.20782,9426.5
"Southerton Road, Hammersmith",51.494499,-0.228188,9541
"Manbre Road, Hammersmith",51.485743,-0.223616,5749.6
"South Lambeth Road, Vauxhall",51.481747,-0.124642,15172.9
"BBC White City, White City",51.514767,-0.225787,8336.3
"Union Grove, Wandsworth Road",51.472993,-0.133972,9486.5
"Caldwell Street, Stockwell",51.477839,-0.116493,11047.8
"St Martins Close, Camden Town",51.538792,-0.138535,3626
"Seymour Place, Marylebone",51.520331,-0.163667,5712.7
"Addison Road, Holland Park",51.504199,-0.210941,4392.2
"Putney Bridge Station, Fulham",51.468814,-0.210279,7213.6
"Colet Gardens, Hammersmith",51.491093,-0.216493,664.8
"Sugden Road, Clapham",51.46512358,-0.157788279,9386.2
"Danvers Street, West Chelsea",51.48256792,-0.172078187,11620.2
"Princedale Road , Holland Park",51.50646524,-0.208486599,7042.3
"Wandsworth Rd, Isley Court, Wandsworth Road",51.46925984,-0.141812513,12438
"Woodstock Grove, Shepherd's Bush",51.50403821,-0.217400093,11778.1
"London Fields, Hackney Central",51.54119,-0.058826101,NA
"Finlay Street, Fulham",51.4768851,-0.215895601,8653.7
"Aintree Street, Fulham",51.48102131,-0.209973497,9349.2
"Elysium Place, Fulham",51.47107905,-0.207842908,7795.5
"Eel Brook Common, Walham Green",51.47625965,-0.193254007,8852.7
"Irene Road, Parsons Green",51.4737636,-0.197010096,9393.5
"Surrey Lane, Battersea",51.47518024,-0.167160736,9554.3
"Wandsworth Town Station, Wandsworth",51.46086446,-0.187427294,10640.1
"Lansdowne Road, Ladbroke Grove",51.50748124,-0.205535908,8788.7
"Nantes Close, Wandsworth",51.46193072,-0.180791784,5180.3
"Courland Grove, Wandsworth Road",51.4729184,-0.132102704,9438.3
"Queen's Circus, Battersea Park",51.47761941,-0.149551631,16549.8
"Normand Park, West Kensington",51.48438657,-0.20481514,13439
"Holden Street, Battersea",51.4687905,-0.158230901,4527.4
"William Morris Way, Sands End",51.46881971,-0.184318843,8054.3
"Morie Street, Wandsworth",51.45995384,-0.190184054,5669.7
"Clarence Walk, Stockwell",51.47073264,-0.126994068,7937.2
"Battersea Park Road, Nine Elms",51.4795017,-0.141770709,11340.8
"Sheepcote Lane, Battersea",51.47053858,-0.163041605,6997.8
"Vereker Road, West Kensington",51.48959104,-0.209378594,10414
"Brook Green South, Brook Green",51.49434708,-0.215804559,6835.2
"Greyhound Road, Hammersmith",51.48606206,-0.214428378,8194.2
"South Park, Sands End",51.46706414,-0.193502076,7059.4
"Spencer Park, Wandsworth Common",51.45787019,-0.174691623,5050.9
"Falcon Road, Clapham Junction",51.46663393,-0.169821175,12229.8
"Coomer Place, West Kensington",51.48357068,-0.202038682,10325.5
"Silverthorne Road, Battersea",51.47286577,-0.148059277,11199.1
"Archbishop's Park, Waterloo",51.49824168,-0.117495865,7182.5
"Fawcett Close, Battersea",51.46916161,-0.174485792,5451.3
"All Saints' Road, Portobello",51.5190427,-0.204764421,4559.4
"Rainville Road, Hammersmith",51.48373225,-0.223852256,5874
"Great Suffolk Street, The Borough",51.50173215,-0.100292412,7762.7
"Buckingham Gate, Westminster",51.49886563,-0.137424571,11234.8
"Richmond Way, Shepherd's Bush",51.50035306,-0.217515071,9389
"Peterborough Road, Sands End",51.46904022,-0.19627483,5342.6
"World's End Place, West Chelsea",51.48180515,-0.18027465,13809.6
"St. Mark's Road, North Kensington",51.51687069,-0.213872396,NA
"Thorndike Close, West Chelsea",51.48089844,-0.183853573,9206.5
"Evesham Street, Avondale",51.51148696,-0.218190203,3850.9
"Simpson Street, Clapham Junction",51.47084722,-0.17070367,13618.7
"Ashmole Estate, Oval",51.48267821,-0.117661574,9549.7
"Crabtree Lane, Fulham",51.48294452,-0.219346128,7478.6
"Broomhouse Lane, Parsons Green",51.46841875,-0.199135704,4661
"Blythe Road West, Shepherd's Bush",51.4996806,-0.221791552,6388.6
"Ethelburga Estate, Battersea Park",51.47729232,-0.16478637,14845.2
"Blackfriars Station, St. Paul's",51.511934,-0.10307894,14105.1
"West Kensington Station, West Kensington",51.49087074,-0.206029743,8914.2
"All Saints Church, Portobello",51.51632095,-0.202608612,10436
"Phene Street, Chelsea",51.48498496,-0.167919869,13729.2
"Clarendon Road, Avondale",51.51323001,-0.211593602,5582.4
"Austin Road, Battersea Park",51.474376,-0.155442787,11587.8
"Smugglers Way, Wandsworth",51.46108367,-0.191722864,6223.2
"Shepherd's Bush Road North, Shepherd's Bush",51.5015946,-0.222293381,10989.8
"Ravenscourt Park Station, Hammersmith",51.49422354,-0.236769936,12441.9
"Teversham Lane, Stockwell",51.47614939,-0.1232585,6923.7
"Ashley Crescent, Battersea",51.46718562,-0.152248582,9829.4
"Parsons Green Station, Parsons Green",51.475089,-0.201968,10034.2
"Hibbert Street, Battersea",51.46517078,-0.18038939,11532.4
"Carnegie Street, King's Cross",51.53546778,-0.11619105,4934.9
"Usk Road, Clapham Junction",51.46348914,-0.182126248,7982.7
"Hartington Road, Stockwell",51.47787084,-0.126874471,11306.3
"Heath Road, Battersea",51.46866929,-0.146544642,5059
"Esmond Street, Putney",51.46231278,-0.211468596,4703.9
"Orbel Street, Battersea",51.47453545,-0.170210533,8249.4
"Westbridge Road, Battersea",51.47768469,-0.170329317,14200.4
"Bishop's Avenue, Fulham",51.47303687,-0.214749808,8626.4
"Crisp Road, Hammersmith",51.48810829,-0.22660621,8770.5
"Dorothy Road, Clapham Junction",51.46506424,-0.163750945,9213.8
"Neville Gill Close, Wandsworth",51.45475251,-0.195197203,10459.2
"Osiers Road, Wandsworth",51.46067005,-0.198735357,8173.3
"Beryl Road, Hammersmith",51.48814438,-0.222456468,7292.3
"Northfields, Wandsworth",51.46095151,-0.20066766,5077.8
"Spanish Road, Clapham Junction",51.45922541,-0.180884959,3960.8
"Stanley Grove, Battersea",51.47047503,-0.152130083,7195.8
"Erin Close, Walham Green",51.47946386,-0.195777222,14274.2
"Cadogan Close, Victoria Park",51.54211855,-0.028941601,9019.2
"Felsham Road, Putney",51.464786,-0.215618902,9157.8
"Putney Rail Station, Putney",51.46071722,-0.216526155,5919.2
"Islington Green, Angel",51.53638435,-0.102757578,22627
"Charing Cross Hospital, Hammersmith",51.48728535,-0.217995921,7094.6
"Charlotte Terrace, Angel",51.53639219,-0.112721065,7252.9
"Shoreditch Court, Haggerston",51.53908372,-0.070329419,8768.3
"Belford House, Haggerston",51.5366541,-0.07023031,5749.8
"Battersea Church Road, Battersea",51.47696496,-0.174347066,8687.5
"Vicarage Crescent, Battersea",51.47287627,-0.176267008,13614.1
"Durant Street, Bethnal Green",51.52868155,-0.065550321,9693.8
"St. Bride Street, Holborn",51.51505991,-0.10534448,10558.9
"Mexfield Road, East Putney",51.45682071,-0.202802098,4631
"Upper Richmond Road, Putney",51.45971528,-0.212145939,5578.8
"Snowsfields, London Bridge",51.50215353,-0.083632928,13591.7
"Barons Court Station, West Kensington",51.49021762,-0.215087092,7283.9
"Disraeli Road, Putney",51.46161068,-0.21614583,5778.8
"Montserrat Road , Putney",51.46321128,-0.215550761,8486.9
"Albert Bridge Road, Battersea Park",51.47439218,-0.163347594,13275
"Everington Street, Fulham",51.48335692,-0.216305546,6905.2
"Mile End Stadium, Mile End",51.51854104,-0.034903714,8799.5
"Hawley Crescent, Camden Town",51.54100708,-0.14326094,3682.5
"Stewart's Road, Wandsworth Road",51.47311696,-0.137235175,7182.3
"Aylward Street, Stepney",51.51563007,-0.049067243,5689.3
"Stainsby Road , Poplar",51.51542791,-0.02356501,6973.7
"Dunston Road , Haggerston",51.53658514,-0.075885686,16317.5
"Ada Street, Hackney Central",51.53571683,-0.060291813,NA
"Victoria Park Road, Hackney Central",51.53642464,-0.054162264,15138.3
"Star Road, West Kensington",51.48724429,-0.205279052,9424.4
"Wendon Street, Old Ford",51.53603947,-0.026262677,6575.8
"Finnis Street, Bethnal Green",51.52458353,-0.058631453,6523
"Stephendale Road, Sands End",51.46822047,-0.190346493,14180.7
"Alma Road, Wandsworth",51.45799126,-0.184806157,7272.1
"Walworth Square, Walworth",51.491327,-0.096518684,13187.8
"Alfreda Street, Battersea Park",51.47505096,-0.150908371,11264.1
"Chesilton Road, Fulham",51.47569809,-0.20587627,12692.4
"Putney Bridge Road, East Putney",51.46199911,-0.206240805,4676.7
"St. Peter's Terrace, Fulham",51.47893931,-0.208485293,11326
"Bridge Avenue, Hammersmith",51.49208492,-0.229116862,11724.9
"Duke Street Hill, London Bridge",51.50630441,-0.087262995,25961.3
"Park Lane, Mayfair",51.50542628,-0.150817316,6775.5
"Plough Terrace, Clapham Junction",51.46230566,-0.175407201,7924.2
"Grant Road East, Clapham Junction",51.46489445,-0.17302926,7105
"Queensdale Road, Shepherd's Bush",51.50659035,-0.216104479,5731.8
"Fulham Broadway, Walham Green",51.47993289,-0.19411695,19015.2
"Imperial Road, Sands End",51.47514228,-0.187278987,6852.1
"Sirdar Road, Avondale",51.51092871,-0.214594781,2462.9
"Freston Road, Avondale",51.5129814,-0.219486603,4997.8
"Blenheim Crescent, Ladbroke Grove",51.51510818,-0.208565479,12865
"Oxford Road, Putney",51.46079243,-0.212607684,4205.9
"Ingrave Street, Clapham Junction",51.46745485,-0.172293499,5276.2
"Upcerne Road, West Chelsea",51.47816972,-0.18243547,7351.3
"Lots Road, West Chelsea",51.4795738,-0.17903854,9748
"Ormonde Gate, Chelsea",51.48796408,-0.161765173,12532.3
"Hertford Road, De Beauvoir Town",51.53727795,-0.079201849,10453.6
"Haggerston Road, Haggerston",51.53932857,-0.074284675,13032.4
"Culvert Road, Battersea",51.4710956,-0.157850096,6264.8
"Newton Street, Covent Garden",51.51612862,-0.120909408,5703.9
"Grenfell Road, Avondale",51.5129006,-0.214762686,5522.1
"The Vale, Chelsea",51.48512191,-0.174971902,17869.5
"Prince of Wales Drive, Battersea Park",51.47515398,-0.159169801,11377.4
"Harcourt Terrace, West Brompton",51.48795853,-0.187404506,11448.7
"Westbourne Park Road, Portobello",51.51787005,-0.201005397,8899.3
"Broadley Terrace, Marylebone",51.52456169,-0.165668686,4222.4
"Humbolt Road, Fulham",51.48321729,-0.211860644,9153.7
"Storey's Gate, Westminster",51.50070305,-0.129698963,21507.5
"Mile End Park Leisure Centre, Mile End",51.52059714,-0.032566533,8501.5
"St. John's Road, Clapham Junction",51.46239255,-0.16829214,13955.9
"Ranelagh Gardens, Fulham",51.46760141,-0.20682737,7008.2
"Ram Street, Wandsworth",51.45752945,-0.192165613,12492.1
"Santos Road, Wandsworth",51.45705988,-0.200806304,3598.2
"Clapham Common North Side, Clapham Common",51.46134382,-0.159322467,17820.1
"Sandilands Road, Walham Green",51.473611,-0.191803,12999.4
"Gwendwr Road, West Kensington",51.491026,-0.209121,7092.7
"Rifle Place, Avondale",51.509224,-0.216016,4750.9
"Binfield Road, Stockwell",51.47250956,-0.122831913,11313.6
"Tallis Street, Temple",51.511891,-0.107349,11613.2
"Hurlingham Park, Parsons Green",51.470131,-0.20464,6207.1
"Little Brook Green, Brook Green",51.496664,-0.223868,7827.7
"Abyssinia Close, Clapham Junction",51.460333,-0.167029,10470.2
"Limburg Road, Clapham Junction",51.4619230679,-0.165297856693,5180.8
"Houndsditch, Aldgate",51.514449,-0.077178979,9560.9
"Imperial Wharf Station, Sands End",51.474665,-0.18316517,16701.7
"Victoria & Albert Museum, South Kensington",51.495898,-0.173009,3882.3
"Halford Road, West Kensington",51.483911,-0.19760944,14423.7
"Monier Road, Hackney Wick",51.5403115,-0.021630359,8660.4
"East Village, Queen Elizabeth Olympic Park",51.546326,-0.00993526,7327.2
"Aquatic Centre, Queen Elizabeth Olympic Park",51.54094,-0.010510565,10871.7
"Lee Valley VeloPark, Queen Elizabeth Olympic Park",51.549369,-0.015717614,4187.4
"Timber Lodge, Queen Elizabeth Olympic Park",51.546805,-0.01469126,6121.4
"Podium, Queen Elizabeth Olympic Park",51.538718,-0.011889482,7521.9
"Stratford Station, Stratford",51.541793,-0.00481,7732.5
"Blackfriars Road, Southwark",51.505461,-0.10454093,13348.9
"Cromer Street, Bloomsbury",51.528279,-0.11955857,6776.6
"Victoria Rise, Clapham Common",51.461376,-0.14780467,NA
"Euston Square Gardens, Euston",51.527068,-0.13186102,7030
"Coram Street, Bloomsbury",51.524,-0.12640984,7369.7
"Ossulston Street, Somers Town",51.5293,-0.12827903,8262.1
"Birkenhead Street, King's Cross",51.5301998755,-0.122299440803,10955.5
"Kings Gate House, Westminster",51.4976984561,-0.137598896295,7525.1
"Sopwith Way, Battersea Park",51.4811219398,-0.149035374873,14260.7
"Lavington Street, Bankside",51.5052241745,-0.0980318118664,7734
"Albert Square, Stockwell",51.4765900593,-0.118256789081,13460.2
"Southwark Street, Bankside",51.5054099403,-0.0983410884509,5963.6
"Good's Way, King's Cross",51.5346677396,-0.125078652873,15705.2
"The Metropolitan, Portobello",51.520509,-0.20080483,9655
"Handyside Street, King's Cross",51.5372405623,-0.124807385707,9334.7
"Bevington Road West, North Kensington",51.5212,-0.208888173,13593.9
"Gauden Road, Clapham",51.464995,-0.13090885,NA
"Lincoln's Inn Fields, Holborn",51.5162778834,-0.118272991635,4311.5
"Tate Modern, Bankside",51.5067252868,-0.0988072461627,10841.7
"Westferry Circus, Canary Wharf",51.5057030357,-0.0277727426235,12436
"Here East North, Queen Elizabeth Olympic Park",51.5487311915,-0.0226065549321,4461.4
"New Spring Gardens Walk, Vauxhall",51.4878074485,-0.122759625866,8832.2
"Clapham Road, Lingham Street, Stockwell",51.4714330677,-0.123670735702,10870.3
"Lambeth Palace Road, Waterloo",51.5000891978,-0.116628700672,20619.4
"Here East South, Queen Elizabeth Olympic Park",51.5465327935,-0.0205975904647,3331
"Riverlight South, Nine Elms",51.4813354746,-0.138212295869,15503.7
"Westminster Pier, Westminster",51.501513,-0.12382322,27771.1
"Belvedere Road 2, South Bank",51.50621,-0.114842,6755.6
"Victory Place, Walworth",51.492807,-0.091938,8136.2
"Battersea Power Station, Battersea Park",51.4835074867,-0.147714557371,22201.2
"Allington Street, Victoria",51.496863,-0.1429434,21289.1
"Cranmer Road, Stockwell",51.479601,-0.11147178,18076.8
"Normandy Road, Stockwell",51.473874,-0.11258096,13846
"Wynne Road, Stockwell",51.469217,-0.11268674,5574.1
"Sidney Road, Stockwell",51.469202,-0.11902256,10689.1
"St John's Crescent, Brixton",51.466232,-0.11317995,10904
"Ferndale Road, Brixton",51.464019,-0.11578197,16101.7
"Saltoun Road, Brixton",51.460232,-0.11537509,17093.1
"Gas Holders, Battersea Park",51.477966,-0.14785703,17031.7
"Farringdon Street, Holborn",51.516785,-0.10494775,9746.9
"York Way, Kings Cross",51.541596,-0.12544145,9523.2
"Fore Street Avenue, Guildhall",51.518093,-0.0914017,7274.3
"Sea Containers, South Bank",51.508033,-0.10682363,12637.8
"George Row, Bermondsey",51.498585,-0.068981764,NA
"Tower Wharf, Bermondsey",51.500845,-0.074704305,NA
"Temple Gardens, Temple",51.510981,-0.10832249,NA
"Canada Water Station, Rotherhithe",51.498439,-0.049150215,NA
"Bermondsey Station, Bermondsey",51.497995,-0.063471392,NA
