"name","lat","long","k"
"River Street , Clerkenwell",51.52916347,-0.109970527,1202.2
"Phillimore Gardens, Kensington",51.49960695,-0.197574246,4068.3
"Christopher Street, Liverpool Street",51.52128377,-0.084605692,1532.7
"St. Chad's Street, King's Cross",51.53005939,-0.120973687,1315.6
"Sedding Street, Sloane Square",51.49313,-0.156876,4756.9
"Broadcasting House, Marylebone",51.51811784,-0.144228881,3599.1
"Charlbert Street, St. John's Wood",51.53430039,-0.1680743,1535
"Maida Vale, Maida Vale",51.529857,-0.18348604,3211.2
"New Globe Walk, Bankside",51.5073853,-0.096440751,1974.6
"Park Street, Bankside",51.50597426,-0.092754157,1701.1
"Brunswick Square, Bloomsbury",51.52395143,-0.122502346,2658.6
"Malet Street, Bloomsbury",51.52168078,-0.130431727,4608.6
"Scala Street, Fitzrovia",51.51991453,-0.136039674,2258.5
"Belgrove Street , King's Cross",51.52994371,-0.123616824,4484.5
"Great Russell Street, Bloomsbury",51.51772703,-0.127854211,1923.3
"Cartwright Gardens , Bloomsbury",51.52635795,-0.125979294,3053
"Hatton Wall, Holborn",51.5216612,-0.109006325,4281.1
"Drury Lane, Covent Garden",51.51477076,-0.12221963,3532.8
"Taviton Street, Bloomsbury",51.52505093,-0.131161087,1872.4
"Drummond Street , Euston",51.527326,-0.13605286,970.3
"Northington Street , Holborn",51.5222641,-0.114079481,2827.2
"Red Lion Square, Holborn",51.51943538,-0.119123345,1033.3
"British Museum, Bloomsbury",51.51908011,-0.124678402,2901.9
"Doric Way , Somers Town",51.5288338,-0.132250369,2477
"Ampton Street , Clerkenwell",51.52728093,-0.11829517,1455.8
"Bouverie Street, Temple",51.51382102,-0.107927706,1938.4
"Bolsover Street, Fitzrovia",51.52351808,-0.143613641,3544.9
"Hereford Road, Bayswater",51.513735,-0.193487,3295.7
"Windsor Terrace, Hoxton",51.52915444,-0.093421615,2018.2
"Fanshaw Street, Hoxton",51.52953709,-0.083353323,2589.9
"Leonard Circus , Shoreditch",51.52469624,-0.084439283,3927.5
"Central House, Aldgate",51.515231,-0.07015,3983.7
"Pancras Road, King's Cross",51.5341235,-0.129386874,1606.6
"De Vere Gardens, Kensington",51.50173726,-0.184980612,3582.2
"Penywern Road, Earl's Court",51.49159394,-0.192369256,4151
"Abingdon Villas, Kensington",51.4973875,-0.197245586,3197
"Shoreditch High Street, Shoreditch",51.5263778,-0.078130921,4379.9
"Commercial Street, Shoreditch",51.52127071,-0.0755789,2503
"Pindar Street, Liverpool Street",51.520955,-0.083493552,1748
"Wenlock Road , Hoxton",51.53099181,-0.093903825,2337.9
"Crawford Street, Marylebone",51.52026,-0.157183945,3740.7
"Bruton Street, Mayfair",51.51073687,-0.144165239,NA
"Boston Place, Marylebone",51.522511,-0.162298,4009.9
"Nesham Street, Wapping",51.507131,-0.06691,3320.5
"Warwick Avenue Station, Maida Vale",51.52334476,-0.183846408,3538.2
"Godliman Street, St. Paul's",51.51248445,-0.099141408,2548.4
"Curzon Street, Mayfair",51.50706909,-0.145904427,3387.7
"East Road, Hoxton",51.52867339,-0.087459376,3168.2
"Finsbury Library , Finsbury",51.52671796,-0.104298194,1859.3
"Roscoe Street, St. Luke's",51.52295439,-0.094934859,2897
"Grafton Street, Mayfair",51.5099923,-0.143495266,2216.3
"Golden Lane, Barbican",51.52174785,-0.094475072,2772.6
"Finsbury Circus, Liverpool Street",51.51707521,-0.086685542,4996.8
"Paddington Street, Marylebone",51.52058381,-0.154701411,3672.4
"Guilford Street , Bloomsbury",51.52334672,-0.120202614,3920.5
"New Inn Yard, Shoreditch",51.52452699,-0.079248081,3356.6
"Lisson Grove, St. John's Wood",51.52644828,-0.172190727,1837.3
"Great Dover Street, The Borough",51.49738251,-0.089446947,3293.9
"Cotton Garden Estate, Kennington",51.4907579,-0.106323685,1868
"Murray Grove , Hoxton",51.53089041,-0.089782579,2357.1
"William IV Street, Strand",51.50946212,-0.124749274,2766.8
"Holborn Circus, Holborn",51.51795029,-0.108657431,3356.9
"Hatton Garden, Holborn",51.51882555,-0.108028472,2280.3
"Theobald's Road , Holborn",51.52059681,-0.116688468,3331.5
"Euston Road, Euston",51.5262363,-0.134407652,2463.2
"Calshot Street , King's Cross",51.53136059,-0.117069978,1492.7
"Newgate Street , St. Paul's",51.5154186,-0.098850915,3849.4
"Farringdon Lane, Clerkenwell",51.52352001,-0.108340165,2611.4
"Old Street Station, St. Luke's",51.52548,-0.089659871,NA
"Vauxhall Cross, Vauxhall",51.48591714,-0.124469948,7109.8
"Torrens Street, Angel",51.53219984,-0.105480698,2049.1
"Longford Street, The Regent's Park",51.52559505,-0.144083893,1563.8
"Russell Square Station, Bloomsbury",51.52341837,-0.124121774,3758.2
"Sadlers Sports Centre, Finsbury",51.52486887,-0.099489485,2741.9
"Arundel Street, Temple",51.511726,-0.11385596,2222.4
"Webber Street , Southwark",51.50069361,-0.102091246,3124.6
"Great Titchfield Street, Fitzrovia",51.52025302,-0.141327271,2535.2
"Chancery Lane, Holborn",51.514274,-0.111257,1811.1
"Panton Street, West End",51.50963938,-0.131510949,5068
"Breams Buildings, Holborn",51.51593725,-0.111778348,1240.8
"Tanner Street, Bermondsey",51.50064702,-0.078600401,4143.1
"Sancroft Street, Vauxhall",51.48947903,-0.115156562,2458
"Devonshire Square, Liverpool Street",51.51646835,-0.079684557,2079.8
"Bayley Street , Bloomsbury",51.51858757,-0.132053392,4288.9
"Tavistock Place, Bloomsbury",51.5262503,-0.123509611,2316.3
"Harrington Square 1, Camden Town",51.53301907,-0.139174593,914.1
"Walnut Tree Walk, Vauxhall",51.49368637,-0.111014912,3491.2
"Borough Road, Elephant & Castle",51.49889832,-0.100440521,2568
"Cloudesley Road, Angel",51.53440868,-0.109025404,3105.2
"Bricklayers Arms, Borough",51.49506109,-0.085814489,5340.2
"Aldersgate Street, Barbican",51.5208417,-0.097340162,4372
"Falkirk Street, Hoxton",51.53095071,-0.078505384,2459.8
"Gloucester Road (North), Kensington",51.49792478,-0.183834706,4587.7
"Hampstead Road, Euston",51.52554222,-0.138231303,4095.7
"Old Quebec Street, Marylebone",51.51457763,-0.158264483,7056
"Albert Embankment, Vauxhall",51.49043573,-0.122806861,4132.7
"Queen Street 1, Bank",51.51155322,-0.0929401,5526.2
"Jewry Street, Aldgate",51.51340693,-0.076793375,5455.6
"Vicarage Gate, Kensington",51.50472376,-0.192538767,3061.6
"Crosswall, Tower",51.51159481,-0.077121322,6067.6
"Westbourne Grove, Bayswater",51.51552971,-0.190240716,3352.9
"Woodstock Street, Mayfair",51.51410514,-0.147301667,3341.8
"Finsbury Leisure Centre, St. Luke's",51.52600832,-0.096317627,3217.9
"Abbey Orchard Street, Westminster",51.49812559,-0.132102166,3987
"Soho Square , Soho",51.51563144,-0.132328837,4451.4
"Wellington Road, St. John's Wood",51.53304322,-0.172528678,2889.9
"Park Lane , Hyde Park",51.5100172,-0.157275636,5977.9
"Stonecutter Street, Holborn",51.51580998,-0.105270275,1871.3
"Gloucester Road (Central), South Kensington",51.49646288,-0.183289032,4062
"Park Road (Baker Street), The Regent's Park",51.52451738,-0.158963647,3937.4
"Braham Street, Aldgate",51.51423368,-0.073537654,6193.3
"Little Argyll Street, West End",51.51449962,-0.141423695,5903.9
"Lollard Street, Vauxhall",51.49288067,-0.114934001,3283.7
"Rochester Row, Westminster",51.49582705,-0.13547809,2952.6
"Bath Street, St. Luke's",51.52589324,-0.090847761,4943.1
"The Guildhall, Guildhall",51.51573534,-0.093080779,1428.2
"Baker Street, Marylebone",51.51891348,-0.156166631,3306.4
"Norton Folgate, Liverpool Street",51.52111369,-0.078869751,2851.9
"St. John Street, Finsbury",51.52836014,-0.104724625,2074.6
"Eaton Square, Belgravia",51.49654462,-0.150905245,2946.7
"Borough High Street, The Borough",51.50069491,-0.094524319,3958.4
"Museum of London, Barbican",51.51782144,-0.096496865,1819.3
"Wood Street, Guildhall",51.51700801,-0.09388536,2141.9
"Emperor's Gate, South Kensington",51.49536226,-0.185296516,4304.9
"Golden Square, Soho",51.5118973,-0.137043852,3181.6
"Tower Gardens , Tower",51.50950627,-0.075459482,7246.1
"Eversholt Street , Camden Town",51.53300545,-0.136792671,1990.8
"Bethnal Green Road, Shoreditch",51.52364804,-0.074754872,6144
"Derry Street, Kensington",51.50136494,-0.191462381,7291.4
"Wapping High Street, Wapping",51.504904,-0.06797,3096.7
"Clerkenwell Green, Clerkenwell",51.52326004,-0.104708922,4141.5
"Queen Victoria Street, St. Paul's",51.51196176,-0.097441687,4029.5
"Green Street, Mayfair",51.51227622,-0.157436972,3934.1
"Lambeth Road, Vauxhall",51.49488108,-0.117974901,3106.2
"Finsbury Square , Moorgate",51.52096262,-0.085634242,3763.1
"Chapel Place, Marylebone",51.51530805,-0.147203711,3677.7
"West Cromwell Road, Earl's Court",51.49372451,-0.198286569,4656.8
"Pont Street, Knightsbridge",51.4968865,-0.161203828,5091
"Kennington Cross, Kennington",51.48894022,-0.111435796,4858.7
"Ilchester Place, Kensington",51.50074359,-0.202759212,2126.3
"Vauxhall Bridge , Pimlico",51.48836528,-0.129361842,4407.9
"Tachbrook Street, Victoria",51.49211134,-0.138364847,3603.4
"Kennington Road Post Office, Oval",51.48478899,-0.110683213,5318.2
"Holy Trinity Brompton, Knightsbridge",51.49705603,-0.168917077,3950.9
"Chepstow Villas, Notting Hill",51.51213691,-0.201554966,4199.6
"Hampton Street, Walworth",51.49217002,-0.101536865,5917.3
"Bayswater Road, Hyde Park",51.511933,-0.174411,8067.9
"Waterloo Station 3, Waterloo",51.50379168,-0.11282408,5221.7
"Lexham Gardens, Kensington",51.49586666,-0.191933711,4682
"New Kent Road, The Borough",51.49443626,-0.092921165,524.6
"Wright's Lane, Kensington",51.50039792,-0.193068385,4277.6
"Trebovir Road, Earl's Court",51.49085368,-0.196170309,3997
"Waterloo Place, St. James's",51.50663341,-0.131773845,3785.6
"Guildhouse Street, Victoria",51.49234577,-0.141334487,2991.4
"Southampton Place, Holborn",51.51760685,-0.121328408,4046
"Sloane Avenue, Knightsbridge",51.4931848,-0.167894973,6592.1
"Cleveland Gardens, Bayswater",51.515607,-0.183118788,2809.6
"Orsett Terrace, Bayswater",51.517932,-0.183716959,1719.2
"Seville Street, Knightsbridge",51.50185512,-0.159237081,NA
"Eccleston Place, Victoria",51.49395092,-0.147624377,5317.1
"Argyll Road, Kensington",51.50040123,-0.195455928,3799.2
"Porchester Place, Paddington",51.51474612,-0.165164288,406.4
"Hardwick Street, Clerkenwell",51.52784273,-0.108068155,1996.1
"Collingham Gardens, Earl's Court",51.4916156,-0.186753859,4492.4
"Sumner Place, South Kensington",51.49121192,-0.173715911,5132.3
"Waterloo Road, South Bank",51.50486,-0.113001,4093
"Worship Street, Shoreditch",51.521668,-0.079608554,2565.1
"Gloucester Terrace, Bayswater",51.51791921,-0.188098863,3662.8
"Ashley Place, Victoria",51.49616092,-0.140947636,3672.4
"Warwick Square, Pimlico",51.48985626,-0.141923621,5944.5
"North Audley Street, Mayfair",51.5129118,-0.153645496,4002.5
"Belgrave Square, Belgravia",51.49941247,-0.152317537,2669.2
"Bell Street , Marylebone",51.52202903,-0.165842551,3357.2
"Riverlight North, Nine Elms",51.482362,-0.13612398,7343.6
"Portland Place, Marylebone",51.52071513,-0.14521173,4605.1
"Alderney Street, Pimlico",51.48805753,-0.140741432,4474
"South Wharf Road, Paddington",51.51733558,-0.175810943,7483.9
"Queen's Gate (South), South Kensington",51.49247977,-0.178433004,5745
"Nutford Place, Marylebone",51.5165179,-0.164393768,3854
"Claremont Square, Angel",51.53166681,-0.109914711,2908.8
"Rampayne Street, Pimlico",51.48997562,-0.132845681,5569.4
"Hyde Park Corner, Hyde Park",51.50311799,-0.153520935,14530.2
"Wardour Street, Soho",51.51251523,-0.133201961,5859.4
"Bankside Mix, Bankside",51.50581776,-0.100186337,3636.5
"Hop Exchange, The Borough",51.50462759,-0.091773776,12410.5
"Milroy Walk, South Bank",51.50724437,-0.106237501,4435.6
"Union Street, The Borough",51.50368837,-0.098497684,3476.5
"Stamford Street, South Bank",51.50556905,-0.111606696,3599
"Great Tower Street, Monument",51.51048489,-0.082989638,7913.7
"LMU Commercial Road, Whitechapel",51.51492456,-0.066078037,2051.5
"Dorset Square, Marylebone",51.5225965,-0.161113413,4330.3
"Leman Street, Aldgate",51.51236389,-0.06954201,5654.9
"West Smithfield Rotunda, Farringdon",51.51821864,-0.100791005,5376.1
"Margery Street, Clerkenwell",51.52659961,-0.112432615,2966
"New Road 1 , Whitechapel",51.518154,-0.062697,6090.3
"Grosvenor Crescent, Belgravia",51.50135267,-0.153194766,1925.9
"Mallory Street, Marylebone",51.52505151,-0.166304359,1338.9
"Denyer Street, Knightsbridge",51.49358391,-0.165101392,3391
"Hinde Street, Marylebone",51.51681444,-0.151926305,6558.9
"Cadogan Place, Knightsbridge",51.49464523,-0.158105512,6023
"Wellington Arch, Hyde Park",51.50274025,-0.149569201,13665.2
"Endsleigh Gardens, Euston",51.52683806,-0.130504336,3922.5
"Moorfields, Moorgate",51.51906932,-0.088285377,5896.1
"Old Brompton Road, South Kensington",51.49094565,-0.181190899,4232.1
"Wormwood Street, Liverpool Street",51.51615461,-0.082422399,8048.6
"St. Luke's Church, Chelsea",51.48971651,-0.170194408,5577.7
"Bramham Gardens, Earl's Court",51.49016361,-0.19039362,7558
"Chelsea Green, Chelsea",51.49066456,-0.166485083,4472.8
"Horseferry Road, Westminster",51.49481649,-0.13045856,5389.3
"Knightsbridge, Hyde Park",51.50275704,-0.155349725,3036.9
"Rodney Road , Walworth",51.49148474,-0.090220911,5120
"Queensway, Kensington Gardens",51.51031,-0.18740235,6127.9
"Notting Hill Gate Station, Notting Hill",51.50935342,-0.196422,6608.1
"Charles II Street, West End",51.50844614,-0.131961389,3842
"Great Percy Street, Clerkenwell",51.52891573,-0.115480888,3471.3
"St. James's Square, St. James's",51.50742485,-0.134621209,7309
"Whitehall Place, Strand",51.50654321,-0.123179697,9250.9
"Poured Lines, Bankside",51.50669284,-0.103137426,2883.6
"Queen's Gate (Central), South Kensington",51.49396755,-0.17873226,5662.5
"Carey Street, Holborn",51.51501025,-0.112753217,1941.2
"Pall Mall East, West End",51.50777049,-0.130699733,6328.3
"Liverpool Road (N1 Centre), Angel",51.53450449,-0.106992706,4924.3
"Kennington Road  , Vauxhall",51.49571828,-0.110889274,3493.2
"Fashion Street, Whitechapel",51.51838043,-0.073438925,3139.4
"Dock Street, Wapping",51.5097860151,-0.0681619805156,3749.4
"Frampton Street, Paddington",51.5233534,-0.175116099,2687.6
"Warren Street Station, Euston",51.52443845,-0.138019439,9116.6
"Colombo Street, Southwark",51.50545935,-0.10569204,1001.7
"Beaumont Street, Marylebone",51.52200801,-0.151359288,5134.6
"Gloucester Street, Pimlico",51.49096258,-0.139625122,6060.7
"Earnshaw Street , Covent Garden",51.51611887,-0.128585022,3652.8
"Grosvenor Road, Pimlico",51.4853572,-0.142207481,3803.6
"Berry Street, Clerkenwell",51.52285301,-0.099994052,5323.1
"St. John's Wood Church, The Regent's Park",51.530529,-0.167515,2640.4
"Triangle Car Park, Hyde Park",51.50645179,-0.170279555,8137.1
"Harper Road, The Borough",51.49859784,-0.096191134,3095
"Royal Avenue 1, Chelsea",51.489932,-0.162727,3831.7
"Brushfield Street, Liverpool Street",51.518908,-0.079249,10326.2
"Jubilee Gardens, South Bank",51.5046364,-0.116542278,8554.5
"Shoreditch Park, Hoxton",51.53404294,-0.086379717,5434.7
"Chadwell Street, Angel",51.53051587,-0.106408455,4132.4
"Clifton Road, Maida Vale",51.52557531,-0.179592915,4118.1
"Houghton Street, Strand",51.51362054,-0.116764211,3617.9
"Westminster University, Marylebone",51.52248185,-0.154907218,3315
"Kensington Gore, Knightsbridge",51.50143293,-0.178656971,1575.9
"Bourne Street, Belgravia",51.490959,-0.1532331,5059.1
"Broadwick Street, Soho",51.5136846,-0.135580879,3663.7
"Princes Square, Bayswater",51.5134891,-0.191351186,3209.6
"LSBU (Borough Road), Elephant & Castle",51.49874469,-0.103132904,3388.7
"St. Mary Axe, Aldgate",51.51422502,-0.080660083,4963.5
"Tysoe Street, Clerkenwell",51.52644342,-0.109256828,3736.4
"Southwick Street, Paddington",51.51595344,-0.169249375,5881
"Queen's Gate (North), Kensington",51.50102668,-0.180246101,5029.1
"Regency Street, Westminster",51.49206037,-0.132224622,4668.6
"Belgrave Road, Victoria",51.49320445,-0.144132875,5178.6
"Empire Square, The Borough",51.50082346,-0.089740764,5820.4
"Kennington Lane Rail Bridge, Vauxhall",51.4863434,-0.122492418,9173.8
"London Zoo,  The Regent's Park",51.53583617,-0.156285395,2637.8
"Baylis Road, Waterloo",51.50144456,-0.110699309,7870.2
"Belvedere Road 1, South Bank",51.50613324,-0.114686385,4239.9
"Warwick Road, Olympia",51.49671237,-0.20528437,7980.3
"Barbican Centre, Barbican",51.52004497,-0.092176447,5861.3
"Lower Thames Street, Monument",51.50930161,-0.084985356,2182
"Kensington Church Street, Kensington",51.50315739,-0.191496313,4650.5
"Tooley Street, Bermondsey",51.5034938,-0.07962099,11516.6
"North Wharf Road, Paddington",51.51862243,-0.176645823,3148.4
"Royal Avenue 2, Chelsea",51.490083,-0.162418,6416.1
"Smith Square, Westminster",51.49580589,-0.127575233,5428.4
"Royal London Hospital, Whitechapel",51.518675,-0.06111,8951.5
"Kingsway, Covent Garden",51.51440928,-0.118478757,1419.5
"Lambeth North Station, Waterloo",51.49914063,-0.112031483,3852.3
"St. John's Wood Road, St. John's Wood",51.5272947,-0.174653609,2459.9
"Bedford Way, Bloomsbury",51.52367314,-0.128377673,1454.7
"Elizabeth Bridge, Victoria",51.49236962,-0.147478734,6438.6
"South Audley Street, Mayfair",51.50923022,-0.151296092,2379.4
"St Mary's Hospital, Paddington",51.518268,-0.17110323,6516.7
"Claverton Street, Pimlico",51.48483991,-0.138089062,6570.1
"Montpelier Street, Knightsbridge",51.49888404,-0.165471605,6292.9
"Kensington Olympia Station, Olympia",51.49815779,-0.209494128,3254.9
"St. George's Square, Pimlico",51.488226,-0.135635511,7001.3
"Swan Street, The Borough",51.50029631,-0.092762704,3631.1
"Knaresborough Place, Earl's Court",51.49363156,-0.190603326,5601.4
"Geraldine Street, Elephant & Castle",51.49612799,-0.106000855,2417.8
"Curlew Street, Shad Thames",51.50227992,-0.074189225,5026.5
"Vincent Square, Westminster",51.49398524,-0.136928582,3005.6
"Serpentine Car Park, Hyde Park",51.505014,-0.17306032,10164.2
"Marylebone Lane, Marylebone",51.51475963,-0.148105415,6952.3
"Putney Pier, Wandsworth",51.466907,-0.216573,4180.6
"Albert Gate, Hyde Park",51.50295379,-0.158456089,10306.1
"Rathbone Street, Fitzrovia",51.51816295,-0.135025698,3876.1
"Black Lion Gate, Kensington Gardens",51.50990837,-0.187842717,10966.7
"Long Lane , Bermondsey",51.49907558,-0.085666316,5262.6
"Embankment (Savoy), Strand",51.50963123,-0.119047563,4141.2
"Black Prince Road, Vauxhall",51.4908679,-0.116911864,4405.3
"Foley Street, Fitzrovia",51.51918144,-0.140485596,4555.7
"Grove End Road, St. John's Wood",51.53088935,-0.176770502,4433.3
"Wells Street, Fitzrovia",51.51734403,-0.138072691,4187
"Tyers Gate, Bermondsey",51.50088934,-0.083159352,5328
"The Tennis Courts, The Regent's Park",51.52536703,-0.153463612,4859.4
"Warwick Row, Westminster",51.497998,-0.14296064,8639.2
"Dickens Square, Borough",51.49679128,-0.093913472,4428.2
"Sackville Street, Mayfair",51.51004801,-0.138846453,5063.7
"Baldwin Street, St. Luke's",51.52702563,-0.088542771,5457.3
"Queen Mother Sports Centre, Victoria",51.49357351,-0.139956043,5528.8
"Bermondsey Street, Bermondsey",51.49785559,-0.081608045,7804.3
"Palissy Street, Shoreditch",51.526293,-0.073955,3846.9
"Clifton Street, Shoreditch",51.523196,-0.083067,2042.5
"Ontario Street, Elephant & Castle",51.49652013,-0.101384068,6891.4
"St. Martin's Street, West End",51.50908747,-0.129697889,2131.9
"Graham Street, Angel",51.53266186,-0.099981142,6562.2
"New North Road 1, Hoxton",51.53095,-0.085603,791.9
"New North Road 2, Hoxton",51.53114,-0.086016,2315.6
"Prince Albert Road, The Regent's Park",51.53589283,-0.160854428,6563.5
"Eastbourne Mews, Paddington",51.51641749,-0.179135079,4079.7
"Bunhill Row, Moorgate",51.52085887,-0.089887855,253.5
"Nevern Place, Earl's Court",51.49334336,-0.194757949,3864.9
"Palace Gardens Terrace, Notting Hill",51.50860544,-0.193764092,5748.5
"Concert Hall Approach 1, South Bank",51.505044,-0.115851,2647.1
"Tavistock Street, Covent Garden",51.51196803,-0.120718759,3732.7
"Concert Hall Approach 2, South Bank",51.504942,-0.115533,3293.1
"Pembridge Villas, Notting Hill",51.51108452,-0.197524944,4690.4
"Wellington Street , Strand",51.51175646,-0.119643424,8001.8
"Risinghill Street, Angel",51.5333196,-0.1117812,2254.8
"Bank of England Museum, Bank",51.51444134,-0.087587447,6378.2
"Craven Street, Strand",51.50810309,-0.12602103,9712.1
"London Zoo Car Park, The Regent's Park",51.53692216,-0.150181444,3847.6
"Goswell Road (City Uni), Finsbury",51.528246,-0.10102611,2642.1
"Flood Street, Chelsea",51.48802358,-0.166878535,9214.6
"Lower Marsh, Waterloo",51.50013942,-0.113936001,6293.8
"Grosvenor Square, Mayfair",51.51217033,-0.150481272,5403.1
"St. George Street, Mayfair",51.51196,-0.142783033,6167.6
"Queen's Gate, Kensington Gardens",51.5017154373867,-0.1798541843891,10129.9
"Macclesfield Rd, St Lukes",51.529423,-0.097122,6094
"Vauxhall Street, Vauxhall",51.486965,-0.116625,4997.4
"Greycoat Street , Westminster",51.49459148,-0.134234258,2525.3
"Northumberland Avenue, Strand",51.506767,-0.123702,5461.1
"Clapham Common Station, Clapham Common",51.461388,-0.13922146,9824.9
"South Kensington Station, South Kensington",51.494412,-0.173881,9153.2
"Howland Street, Fitzrovia",51.520994,-0.139016,6117.4
"High Holborn , Covent Garden",51.516226,-0.124826,3285.3
"Butler Place, Westminster",51.49782999,-0.135440826,4515.2
"Howick Place, Westminster",51.49675303,-0.138733562,5278.8
"Waterloo Station 2, Waterloo",51.50391973,-0.11342629,7840.2
"Royal College Street, Camden Town",51.536264,-0.133952,4228.7
"Lord's, St. John's Wood",51.5291212008901,-0.171185284853,1680.2
"Store Street, Bloomsbury",51.519572,-0.13214036,3751.4
"City Road, Angel",51.530344,-0.100168,3521
"Millennium Hotel, Mayfair",51.5109192966489,-0.1511263847351,3165.7
"Harrowby Street, Marylebone",51.5173721,-0.1642075,5170.2
"Harriet Street, Knightsbridge",51.50024195,-0.15934065,7419.1
"Paddington Green, Paddington",51.520205,-0.174593,2490
"King Edward Walk, Waterloo",51.49775,-0.10988,1344
"Sardinia Street, Holborn",51.515208,-0.117863,4108.7
"Prince Consort Road, Knightsbridge",51.49980661,-0.176415994,5790.8
"Waterloo Station 1, Waterloo",51.50402794,-0.11386436,12761.9
"Kensington Town Hall, Kensington",51.50194596,-0.194392952,3836.8
"Millbank Tower, Pimlico",51.49188409,-0.125674815,6246.5
"Waterloo Bridge, South Bank",51.50535447,-0.113656543,3332.5
"Natural History Museum, South Kensington",51.49559291,-0.179077626,5885
"Turquoise Island, Notting Hill",51.51431171,-0.200838199,5476.5
"Stanhope Gate, Mayfair",51.50686435,-0.150666888,3263.1
"Charlotte Street, Fitzrovia",51.51953043,-0.13577731,5923.8
"Farm Street, Mayfair",51.50935171,-0.14744969,3769.3
"Frith Street, Soho",51.51310333,-0.13121385,6882.3
"Marloes Road, Kensington",51.496481,-0.192404,3155.7
"Moor Street, Soho",51.51352755,-0.130110822,8735.7
"Fire Brigade Pier, Vauxhall",51.49369988,-0.121394101,5628
"Southampton Street, Strand",51.51070161,-0.121723604,4779.2
"Upper Grosvenor Street, Mayfair",51.51013066,-0.155757901,1870.1
"Buxton Street 1, Shoreditch",51.521776,-0.068856,2427.3
"Clifford Street, Mayfair",51.51066202,-0.142345694,3699.5
"Imperial College, Knightsbridge",51.49942855,-0.179702476,10043.1
"Snow Hill, Farringdon",51.51733427,-0.103604248,2927.7
"Aberdeen Place, St. John's Wood",51.524826,-0.176268,3203.9
"Cadogan Gardens, Chelsea",51.492462,-0.159919,7021.3
"Shouldham Street, Marylebone",51.51809,-0.163609,5191.3
"Devonshire Terrace, Bayswater",51.51348,-0.17977,6952.3
"Holland Park, Kensington",51.502319,-0.200742,5686.3
"Brick Lane Market, Shoreditch",51.52261762,-0.071653961,5338.5
"George Street, Marylebone",51.517703,-0.154106,4728.4
"Columbia Road, Shoreditch",51.528187,-0.075375,6222.5
"Penfold Street, Marylebone",51.52289229,-0.171681991,2811.8
"George Place Mews, Marylebone",51.51689296,-0.158249929,5639.1
"Palace Gate, Kensington Gardens",51.50204238,-0.184400221,10632.6
"Gloucester Road Station, South Kensington",51.49418566,-0.18267094,9492.3
"Strata, Elephant & Castle",51.493146,-0.099828,7484
"Edgware Road Station, Marylebone",51.519968,-0.169774,5624
"Rotherhithe Roundabout, Rotherhithe",51.499169,-0.055846029,4642.8
"Cleaver Street, Kennington",51.488105,-0.110121,4017.6
"Chelsea Bridge, Pimlico",51.485821,-0.149004,8966.6
"Southwark Station 1, Southwark",51.504043,-0.105312,4554.3
"Southwark Station 2, Southwark",51.504044,-0.104778,4006.7
"Eaton Square (South), Belgravia",51.49456127,-0.15393398,4285.5
"Ebury Bridge, Pimlico",51.490491,-0.149186,5860.1
"Harrington Square 2, Camden Town",51.533379,-0.139159,3759.7
"Vincent Street, Pimlico",51.493072,-0.129925,5642.1
"Cheapside, Bank",51.51397065,-0.09294031,11676.9
"Exhibition Road, Knightsbridge",51.499917,-0.174554,11686.8
"South Parade, Chelsea",51.48902,-0.17524,6351.6
"Crinan Street, King's Cross",51.534474,-0.122203,2951
"Exhibition Road Museums 1, South Kensington",51.496468,-0.17379696,7912
"Wren Street, Holborn",51.524564,-0.116279,5466.4
"Kennington Station, Kennington",51.488852,-0.105593,4587.6
"Red Lion Street, Holborn",51.51824,-0.11655,5309.2
"Vauxhall Walk, Vauxhall",51.488124,-0.120903,4215.6
"Killick Street, King's Cross",51.5338,-0.118677,2730.8
"Kennington Oval, Oval",51.483145,-0.113134,6159.3
"Sail Street, Vauxhall",51.495656,-0.114605,4425.2
"Walmer Road, Avondale",51.510101,-0.211358,2251.6
"Philpot Street, Whitechapel",51.515256,-0.058641,5741.2
"Bethnal Green Garden, Bethnal Green",51.52568,-0.055312,4350.6
"Cheshire Street, Bethnal Green",51.52388,-0.065076,4726.1
"York Hall, Bethnal Green",51.528936,-0.055894,5694.2
"Jubilee Crescent, Cubitt Town",51.493381,-0.007542,1927.3
"Fisherman's Walk West, Canary Wharf",51.50623,-0.02296,4052
"Shadwell Station, Shadwell",51.511088,-0.057159,7332.9
"Jubilee Street, Stepney",51.515975,-0.053177,5284.9
"Hermitage Court, Wapping",51.504719,-0.063531,3961.3
"St. Katharine's Way, Tower",51.505697,-0.070542,5016.8
"Garnet Street, Shadwell",51.508447,-0.055167,5211.5
"Napier Avenue, Millwall",51.487679,-0.021582,2170.2
"East Ferry Road, Cubitt Town",51.49447,-0.014409,2282.1
"Parkway, Camden Town",51.538071,-0.144664,4307.8
"Castlehaven Road, Camden Town",51.542138,-0.145393,6701.7
"Wapping Lane, Wapping",51.504749,-0.057544,5869.7
"Gunmakers Lane, Old Ford",51.535179,-0.03338,4548.3
"Burdett Road, Mile End",51.516196,-0.029138,7214.9
"Aston Street, Stepney",51.516,-0.038775,4087
"Bonny Street, Camden Town",51.541603,-0.138853,7162.1
"Thurtle Road, Haggerston",51.534776,-0.071881,NA
"St. Mary & St. Michael Church, Stepney",51.51417,-0.052099,1822.1
"Pitfield Street North,Hoxton",51.53558,-0.08249,4621.9
"Whiston Road, Haggerston",51.534464,-0.076341,3646.8
"Southern Grove, Bow",51.523538,-0.030556,3453.5
"Cantrell Road, Bow",51.521564,-0.022694,3409.4
"Lindfield Street, Poplar",51.513757,-0.020467,4812.7
"Mostyn Grove, Bow",51.530535,-0.025492,4702.5
"Hewison Street, Old Ford",51.533283,-0.028155,4844.1
"Malmesbury Road, Bow",51.529452,-0.027616,1691.4
"Millharbour, Millwall",51.496137,-0.019355,1410.2
"Gascoyne Road, Victoria Park",51.541515,-0.038557746,4423.3
"Lightermans Road, Millwall",51.499041,-0.020157,4428.6
"Stebondale Street, Cubitt Town",51.489096,-0.009205,1764.6
"Spindrift Avenue, Millwall",51.49109,-0.018716,2780.6
"Stepney Green Station, Stepney",51.521889,-0.04667,8391.4
"Pott Street, Bethnal Green",51.527152,-0.058005,7028.1
"Flamborough Street, Limehouse",51.5128711,-0.0389866,9429.9
"Saunders Ness Road, Cubitt Town",51.487129,-0.0090011,5691.2
"Exhibition Road Museums 2, South Kensington",51.495947,-0.17368958,8506.6
"Albert Gardens, Stepney",51.51328,-0.047784,5359.5
"Bromley High Street, Bow",51.528828,-0.013258,4875
"Old Ford Road, Bethnal Green",51.531127,-0.048017,6327.9
"Granby Street, Shoreditch",51.525645,-0.069543,8170.7
"Canton Street, Poplar",51.511811,-0.025626,3990.1
"Reardon Street, Wapping",51.506946,-0.058681,4760.3
"Christian Street, Whitechapel",51.513074,-0.064094,6225.1
"Pennington Street, Wapping",51.508622,-0.065006,3315.4
"Queen Mary's, Mile End",51.522507,-0.041378,7325.1
"Maplin Street, Mile End",51.525501,-0.032267204,5491.8
"South Quay East, Canary Wharf",51.50196,-0.016251,838.5
"Bow Church Station, Bow",51.528169,-0.018703,6645.7
"Devons Road, Bow",51.52512,-0.015578,4054.7
"Merchant Street, Bow",51.526578,-0.027581,3910.3
"Bow Road Station, Bow",51.527058,-0.025296,5944.4
"Furze Green, Bow",51.519265,-0.021345,6153.2
"Ansell House, Stepney",51.520019,-0.05438,8120.7
"Cephas Street, Bethnal Green",51.522561,-0.054883,4567.9
"Bonner Gate, Victoria Park",51.53341,-0.049591815,9170.8
"Cleveland Way, Stepney",51.520893,-0.051394,8338.2
"St. John's Park, Cubitt Town",51.496454,-0.009506,1707.3
"Ackroyd Drive, Bow",51.520398,-0.026768,5395.2
"Bell Lane, Liverpool Street",51.517475,-0.075855,5586
"Clarkson Street, Bethnal Green",51.528692,-0.059091,3854.3
"Fournier Street, Whitechapel",51.519362,-0.074431,7645.6
"Fore Street, Guildhall",51.517842,-0.090075,3290.6
"Westferry DLR, Limehouse",51.509303,-0.025996,8409.9
"Sutton Street, Shadwell",51.511066,-0.053558,8875.5
"Pritchard's Road, Bethnal Green",51.532091,-0.06142,7038.5
"Watney Market, Stepney",51.5142228,-0.055656,6994.3
"Portman Square, Marylebone",51.516204,-0.155525,6679.2
"Russell Gardens, Olympia",51.500088,-0.211316,2972.9
"Chrisp Street Market, Poplar",51.5112,-0.014438,5439.1
"Ford Road, Old Ford",51.532513,-0.033085,4445.1
"Antill Road, Mile End",51.528224,-0.037471,5348.1
"Teviot Street, Poplar",51.518811,-0.011662,2051.4
"Bancroft Road, Bethnal Green",51.526041,-0.047218,5161.9
"Driffield Road, Old Ford",51.534137,-0.037366,7033.2
"Clinton Road, Mile End",51.525941,-0.036017,7484.9
"Langdon Park, Poplar",51.51549,-0.013475,2938.8
"Lancaster Gate , Bayswater",51.511654,-0.179668,6507.1
"Lancaster Drive, Blackwall",51.503143,-0.008428,2972.3
"Hansard Mews, Holland Park",51.503802,-0.215808,5489.4
"Clarges Street, Mayfair",51.507326,-0.145827,3376.2
"Manresa Road, Chelsea",51.486892,-0.170983,7779.5
"Newby Place, Poplar",51.508896,-0.012413,4000.8
"Twig Folly Bridge, Mile End",51.530326,-0.042744,7792.5
"Jubilee Plaza, Canary Wharf",51.50357,-0.020068,5851.4
"Wellington Row, Bethnal Green",51.528222,-0.069743,4875.8
"Goldsmith's Row, Haggerston",51.531864,-0.066035,7180.3
"Gloucester Avenue, Camden Town",51.537349,-0.147154,5713.9
"Queensbridge Road, Haggerston",51.53385,-0.06992,3870.6
"Old Montague Street, Whitechapel",51.51793,-0.067937,6113
"Naval Row, Blackwall",51.508981,-0.00699,3138
"Hoxton Station, Hoxton",51.531091,-0.075901,5340
"Albany Street, The Regent's Park",51.528302,-0.144466,6706.4
"Green Park Station, Mayfair",51.506613,-0.142844,15179.6
"Salmon Lane, Limehouse",51.514115,-0.033828,7122.8
"Lansdowne Walk, Ladbroke Grove",51.509591,-0.204666,2798.1
"Percival Street, Finsbury",51.526153,-0.102208,4454.5
"Arlington Road, Camden Town",51.539957,-0.145246,3134.7
"New Fetter Lane, Holborn",51.517428,-0.107987,5956.3
"East India DLR, Blackwall",51.509474,-0.002275,4607
"Westminster Bridge Road, Elephant & Castle",51.498386,-0.107913,1888.9
"Gaywood  Street, Elephant & Castle",51.49605,-0.104193,6360.8
"Harford Street, Mile End",51.521564,-0.039264,5260.4
"Import Dock, Canary Wharf",51.505772,-0.016460175,4111.4
"Watney Street, Shadwell",51.511542,-0.056667,6541.4
"Regent's Row , Haggerston",51.535678,-0.062546,12714.8
"Aberfeldy Street, Poplar",51.513548,-0.005659,2639.9
"Heron Quays DLR, Canary Wharf",51.502661,-0.021596,2477.1
"King Edward Street, St Pauls",51.51601,-0.0985,3770.3
"Page Street, Westminster",51.493978,-0.127554,7905.4
"Abbotsbury Road, Holland Park",51.501391,-0.205991,4137.1
"Ladbroke Grove Central, Ladbroke Grove",51.511624,-0.205921,2360
"Rectory Square, Stepney",51.518369,-0.043371,5747.5
"Bury Place, Holborn",51.51746,-0.12335,4338.1
"Preston's Road, Cubitt Town",51.499286,-0.009152,2470.8
"Somerset House, Strand",51.509943,-0.117619,13567.2
"Selby Street, Whitechapel",51.521905,-0.063386,3469
"Westfield Ariel Way, White City",51.509158,-0.224103,6008.2
"Bishop's Bridge Road West, Bayswater",51.51616,-0.18697,9247.4
"Pitfield Street Central, Hoxton",51.53213,-0.08299,4196.1
"Upper Bank Street, Canary Wharf",51.503083,-0.017676,5349.7
"Westfield Southern Terrace ,Shepherd's Bush",51.506256,-0.218337,4875.7
"Greenland Road, Camden Town",51.539099,-0.141728,8912.7
"Limerston Street, West Chelsea",51.485587,-0.18119,17486.2
"Eagle Wharf Road, Hoxton",51.53356,-0.09315,9980.5
"Alpha Grove, Millwall",51.497304,-0.022793,3256.7
"Globe Town Market, Bethnal Green",51.528869,-0.047548,6719.6
"Hollybush Gardens, Bethnal Green",51.527607,-0.057133,3017
"Queen Street 2, Bank",51.511246,-0.093051,12844.7
"Doddington Grove, Kennington",51.48692917,-0.102996299,7757.6
"New Cavendish Street, Marylebone",51.519167,-0.147983,11168.3
"Ilchester Gardens, Bayswater",51.51244,-0.19096,6176.6
"Mudchute DLR, Cubitt Town",51.490645,-0.014582,1789.4
"Monument Street, Monument",51.50964,-0.08497,10375.4
"Hoxton Street, Hoxton",51.52959,-0.0801,4109.3
"Drayton Gardens, West Chelsea",51.487196,-0.179369,13183.8
"Greenberry Street, St.John's Wood",51.53256,-0.16862,2235.8
"Bishop's Bridge Road East, Bayswater",51.5171,-0.18377,4260.9
"Northdown Street, King's Cross",51.531066,-0.11934,4243.3
"Kingsway Southbound, Strand",51.513875,-0.117774,5284.4
"Hammersmith Road, Hammersmith",51.493267,-0.21985,8525
"Parson's Green , Parson's Green",51.472817,-0.199783,9515.1
"Fulham Park Road, Fulham",51.473471,-0.20782,6117.2
"Southerton Road, Hammersmith",51.494499,-0.228188,5988.1
"Manbre Road, Hammersmith",51.485743,-0.223616,4956.4
"South Lambeth Road, Vauxhall",51.481747,-0.124642,11927.9
"BBC White City, White City",51.514767,-0.225787,9378.5
"Union Grove, Wandsworth Road",51.472993,-0.133972,6169.8
"Caldwell Street, Stockwell",51.477839,-0.116493,9868.2
"St Martins Close, Camden Town",51.538792,-0.138535,3935.4
"Seymour Place, Marylebone",51.520331,-0.163667,6190.9
"Addison Road, Holland Park",51.504199,-0.210941,4857.2
"Putney Bridge Station, Fulham",51.468814,-0.210279,6899.8
"Colet Gardens, Hammersmith",51.491093,-0.216493,1966.9
"Sugden Road, Clapham",51.46512358,-0.157788279,7293.8
"Danvers Street, West Chelsea",51.48256792,-0.172078187,4788
"Princedale Road , Holland Park",51.50646524,-0.208486599,6567.7
"Wandsworth Rd, Isley Court, Wandsworth Road",51.46925984,-0.141812513,7402.7
"Woodstock Grove, Shepherd's Bush",51.50403821,-0.217400093,9955.9
"London Fields, Hackney Central",51.54119,-0.058826101,NA
"Finlay Street, Fulham",51.4768851,-0.215895601,6883.5
"Aintree Street, Fulham",51.48102131,-0.209973497,7747.1
"Elysium Place, Fulham",51.47107905,-0.207842908,3460
"Eel Brook Common, Walham Green",51.47625965,-0.193254007,7818.2
"Irene Road, Parsons Green",51.4737636,-0.197010096,7058.2
"Surrey Lane, Battersea",51.47518024,-0.167160736,6396.7
"Wandsworth Town Station, Wandsworth",51.46086446,-0.187427294,5908.1
"Lansdowne Road, Ladbroke Grove",51.50748124,-0.205535908,7709.2
"Nantes Close, Wandsworth",51.46193072,-0.180791784,2782.6
"Courland Grove, Wandsworth Road",51.4729184,-0.132102704,5705.2
"Queen's Circus, Battersea Park",51.47761941,-0.149551631,15073.9
"Normand Park, West Kensington",51.48438657,-0.20481514,10009.5
"Holden Street, Battersea",51.4687905,-0.158230901,4121.4
"William Morris Way, Sands End",51.46881971,-0.184318843,6801.7
"Morie Street, Wandsworth",51.45995384,-0.190184054,3361.5
"Clarence Walk, Stockwell",51.47073264,-0.126994068,4239.2
"Battersea Park Road, Nine Elms",51.4795017,-0.141770709,8208.4
"Sheepcote Lane, Battersea",51.47053858,-0.163041605,5081.6
"Vereker Road, West Kensington",51.48959104,-0.209378594,8656.9
"Brook Green South, Brook Green",51.49434708,-0.215804559,6681.2
"Greyhound Road, Hammersmith",51.48606206,-0.214428378,7872.2
"South Park, Sands End",51.46706414,-0.193502076,6678.1
"Spencer Park, Wandsworth Common",51.45787019,-0.174691623,4045.7
"Falcon Road, Clapham Junction",51.46663393,-0.169821175,10651.4
"Coomer Place, West Kensington",51.48357068,-0.202038682,7797.8
"Silverthorne Road, Battersea",51.47286577,-0.148059277,8412.5
"Archbishop's Park, Waterloo",51.49824168,-0.117495865,9044
"Fawcett Close, Battersea",51.46916161,-0.174485792,4382.7
"All Saints' Road, Portobello",51.5190427,-0.204764421,4899.9
"Rainville Road, Hammersmith",51.48373225,-0.223852256,6935.5
"Great Suffolk Street, The Borough",51.50173215,-0.100292412,5881.2
"Buckingham Gate, Westminster",51.49886563,-0.137424571,9452.3
"Richmond Way, Shepherd's Bush",51.50035306,-0.217515071,6751.8
"Peterborough Road, Sands End",51.46904022,-0.19627483,5229
"World's End Place, West Chelsea",51.48180515,-0.18027465,9655
"St. Mark's Road, North Kensington",51.51687069,-0.213872396,5850
"Thorndike Close, West Chelsea",51.48089844,-0.183853573,6819.4
"Evesham Street, Avondale",51.51148696,-0.218190203,3491.3
"Simpson Street, Clapham Junction",51.47084722,-0.17070367,8332.4
"Ashmole Estate, Oval",51.48267821,-0.117661574,8028.3
"Crabtree Lane, Fulham",51.48294452,-0.219346128,5708.9
"Broomhouse Lane, Parsons Green",51.46841875,-0.199135704,2397.5
"Blythe Road West, Shepherd's Bush",51.4996806,-0.221791552,6139.5
"Ethelburga Estate, Battersea Park",51.47729232,-0.16478637,13975.9
"Blackfriars Station, St. Paul's",51.511934,-0.10307894,9715.5
"West Kensington Station, West Kensington",51.49087074,-0.206029743,8031.5
"All Saints Church, Portobello",51.51632095,-0.202608612,11249.5
"Phene Street, Chelsea",51.48498496,-0.167919869,11467.5
"Clarendon Road, Avondale",51.51323001,-0.211593602,3933.5
"Austin Road, Battersea Park",51.474376,-0.155442787,9003.3
"Smugglers Way, Wandsworth",51.46108367,-0.191722864,4895.5
"Shepherd's Bush Road North, Shepherd's Bush",51.5015946,-0.222293381,8829.7
"Ravenscourt Park Station, Hammersmith",51.49422354,-0.236769936,10695.9
"Teversham Lane, Stockwell",51.47614939,-0.1232585,4747.2
"Ashley Crescent, Battersea",51.46718562,-0.152248582,6866.1
"Parsons Green Station, Parsons Green",51.475089,-0.201968,8543.3
"Hibbert Street, Battersea",51.46517078,-0.18038939,8594.7
"Carnegie Street, King's Cross",51.53546778,-0.11619105,4001.3
"Usk Road, Clapham Junction",51.46348914,-0.182126248,6074
"Hartington Road, Stockwell",51.47787084,-0.126874471,7545
"Heath Road, Battersea",51.46866929,-0.146544642,4161.9
"Esmond Street, Putney",51.46231278,-0.211468596,1491.7
"Orbel Street, Battersea",51.47453545,-0.170210533,5975.6
"Westbridge Road, Battersea",51.47768469,-0.170329317,11670.6
"Bishop's Avenue, Fulham",51.47303687,-0.214749808,8199.2
"Crisp Road, Hammersmith",51.48810829,-0.22660621,7571
"Dorothy Road, Clapham Junction",51.46506424,-0.163750945,5859
"Neville Gill Close, Wandsworth",51.45475251,-0.195197203,7081
"Osiers Road, Wandsworth",51.46067005,-0.198735357,7448.6
"Beryl Road, Hammersmith",51.48814438,-0.222456468,6047.3
"Northfields, Wandsworth",51.46095151,-0.20066766,3975.8
"Spanish Road, Clapham Junction",51.45922541,-0.180884959,2274.1
"Stanley Grove, Battersea",51.47047503,-0.152130083,5646.1
"Erin Close, Walham Green",51.47946386,-0.195777222,9552
"Cadogan Close, Victoria Park",51.54211855,-0.028941601,7752.4
"Felsham Road, Putney",51.464786,-0.215618902,5646.5
"Putney Rail Station, Putney",51.46071722,-0.216526155,4991.5
"Islington Green, Angel",51.53638435,-0.102757578,16738.1
"Charing Cross Hospital, Hammersmith",51.48728535,-0.217995921,7247
"Charlotte Terrace, Angel",51.53639219,-0.112721065,5213.4
"Shoreditch Court, Haggerston",51.53908372,-0.070329419,6225.9
"Belford House, Haggerston",51.5366541,-0.07023031,3811
"Battersea Church Road, Battersea",51.47696496,-0.174347066,9004
"Vicarage Crescent, Battersea",51.47287627,-0.176267008,9696.8
"Durant Street, Bethnal Green",51.52868155,-0.065550321,7129.4
"St. Bride Street, Holborn",51.51505991,-0.10534448,8529
"Mexfield Road, East Putney",51.45682071,-0.202802098,3103.8
"Upper Richmond Road, Putney",51.45971528,-0.212145939,3669.4
"Snowsfields, London Bridge",51.50215353,-0.083632928,6705.1
"Barons Court Station, West Kensington",51.49021762,-0.215087092,5160.5
"Disraeli Road, Putney",51.46161068,-0.21614583,5115.8
"Montserrat Road , Putney",51.46321128,-0.215550761,4685.8
"Albert Bridge Road, Battersea Park",51.47439218,-0.163347594,12829.6
"Everington Street, Fulham",51.48335692,-0.216305546,6342.6
"Mile End Stadium, Mile End",51.51854104,-0.034903714,7117.1
"Hawley Crescent, Camden Town",51.54100708,-0.14326094,3406.7
"Stewart's Road, Wandsworth Road",51.47311696,-0.137235175,4326.2
"Aylward Street, Stepney",51.51563007,-0.049067243,4783.5
"Stainsby Road , Poplar",51.51542791,-0.02356501,4648.2
"Dunston Road , Haggerston",51.53658514,-0.075885686,10909.6
"Ada Street, Hackney Central",51.53571683,-0.060291813,7112.3
"Victoria Park Road, Hackney Central",51.53642464,-0.054162264,9199.2
"Star Road, West Kensington",51.48724429,-0.205279052,7365.8
"Wendon Street, Old Ford",51.53603947,-0.026262677,5964
"Finnis Street, Bethnal Green",51.52458353,-0.058631453,6438.1
"Stephendale Road, Sands End",51.46822047,-0.190346493,8459.1
"Alma Road, Wandsworth",51.45799126,-0.184806157,4353.7
"Walworth Square, Walworth",51.491327,-0.096518684,12450.6
"Alfreda Street, Battersea Park",51.47505096,-0.150908371,10654.3
"Chesilton Road, Fulham",51.47569809,-0.20587627,8870.1
"Putney Bridge Road, East Putney",51.46199911,-0.206240805,4325
"St. Peter's Terrace, Fulham",51.47893931,-0.208485293,10788.6
"Bridge Avenue, Hammersmith",51.49208492,-0.229116862,9365
"Duke Street Hill, London Bridge",51.50630441,-0.087262995,21257.5
"Park Lane, Mayfair",51.50542628,-0.150817316,4018.6
"Plough Terrace, Clapham Junction",51.46230566,-0.175407201,5407.1
"Grant Road East, Clapham Junction",51.46489445,-0.17302926,6498.8
"Queensdale Road, Shepherd's Bush",51.50659035,-0.216104479,5372.4
"Fulham Broadway, Walham Green",51.47993289,-0.19411695,13208.2
"Imperial Road, Sands End",51.47514228,-0.187278987,7506.3
"Sirdar Road, Avondale",51.51092871,-0.214594781,1906.9
"Freston Road, Avondale",51.5129814,-0.219486603,3355.8
"Blenheim Crescent, Ladbroke Grove",51.51510818,-0.208565479,6437
"Oxford Road, Putney",51.46079243,-0.212607684,3272.2
"Ingrave Street, Clapham Junction",51.46745485,-0.172293499,4723.8
"Upcerne Road, West Chelsea",51.47816972,-0.18243547,7882
"Lots Road, West Chelsea",51.4795738,-0.17903854,9110
"Ormonde Gate, Chelsea",51.48796408,-0.161765173,7882.7
"Hertford Road, De Beauvoir Town",51.53727795,-0.079201849,7362.2
"Haggerston Road, Haggerston",51.53932857,-0.074284675,10631.9
"Culvert Road, Battersea",51.4710956,-0.157850096,4385
"Newton Street, Covent Garden",51.51612862,-0.120909408,4103.9
"Grenfell Road, Avondale",51.5129006,-0.214762686,3190.6
"The Vale, Chelsea",51.48512191,-0.174971902,11923.8
"Prince of Wales Drive, Battersea Park",51.47515398,-0.159169801,9737
"Harcourt Terrace, West Brompton",51.48795853,-0.187404506,10016
"Westbourne Park Road, Portobello",51.51787005,-0.201005397,2035
"Broadley Terrace, Marylebone",51.52456169,-0.165668686,3008.1
"Humbolt Road, Fulham",51.48321729,-0.211860644,7474.4
"Storey's Gate, Westminster",51.50070305,-0.129698963,23129
"Mile End Park Leisure Centre, Mile End",51.52059714,-0.032566533,6392.6
"St. John's Road, Clapham Junction",51.46239255,-0.16829214,8107.2
"Ranelagh Gardens, Fulham",51.46760141,-0.20682737,5019.5
"Ram Street, Wandsworth",51.45752945,-0.192165613,9082.4
"Santos Road, Wandsworth",51.45705988,-0.200806304,1572.4
"Clapham Common North Side, Clapham Common",51.46134382,-0.159322467,10499.4
"Sandilands Road, Walham Green",51.473611,-0.191803,10029.8
"Gwendwr Road, West Kensington",51.491026,-0.209121,8500
"Rifle Place, Avondale",51.509224,-0.216016,3307.5
"Binfield Road, Stockwell",51.47250956,-0.122831913,11505.6
"Tallis Street, Temple",51.511891,-0.107349,8248.9
"Hurlingham Park, Parsons Green",51.470131,-0.20464,3663.4
"Little Brook Green, Brook Green",51.496664,-0.223868,5459
"Abyssinia Close, Clapham Junction",51.460333,-0.167029,7756.6
"Limburg Road, Clapham Junction",51.4619230679,-0.165297856693,5146.9
"Houndsditch, Aldgate",51.514449,-0.077178979,7324.8
"Imperial Wharf Station, Sands End",51.474665,-0.18316517,11505
"Victoria & Albert Museum, South Kensington",51.495898,-0.173009,4205.3
"Halford Road, West Kensington",51.483911,-0.19760944,12352.4
"Monier Road, Hackney Wick",51.5403115,-0.021630359,4913.5
"East Village, Queen Elizabeth Olympic Park",51.546326,-0.00993526,5686.8
"Aquatic Centre, Queen Elizabeth Olympic Park",51.54094,-0.010510565,8279.8
"Lee Valley VeloPark, Queen Elizabeth Olympic Park",51.549369,-0.015717614,4969.3
"Timber Lodge, Queen Elizabeth Olympic Park",51.546805,-0.01469126,5295.9
"Podium, Queen Elizabeth Olympic Park",51.538718,-0.011889482,7202.2
"Stratford Station, Stratford",51.541793,-0.00481,5790.7
"Blackfriars Road, Southwark",51.505461,-0.10454093,8975.8
"Cromer Street, Bloomsbury",51.528279,-0.11955857,5687.1
"Victoria Rise, Clapham Common",51.461376,-0.14780467,7229.7
"Euston Square Gardens, Euston",51.527068,-0.13186102,4435.5
"Coram Street, Bloomsbury",51.524,-0.12640984,4836.9
"Ossulston Street, Somers Town",51.5293,-0.12827903,5903
"Birkenhead Street, King's Cross",51.5301998755,-0.122299440803,8263.5
"Kings Gate House, Westminster",51.4976984561,-0.137598896295,5543.2
"Sopwith Way, Battersea Park",51.4811219398,-0.149035374873,13823.3
"Lavington Street, Bankside",51.5052241745,-0.0980318118664,6483.7
"Albert Square, Stockwell",51.4765900593,-0.118256789081,8399.6
"Southwark Street, Bankside",51.5054099403,-0.0983410884509,4999.8
"Good's Way, King's Cross",51.5346677396,-0.125078652873,8986.8
"The Metropolitan, Portobello",51.520509,-0.20080483,8571.7
"Handyside Street, King's Cross",51.5372405623,-0.124807385707,6407.6
"Bevington Road West, North Kensington",51.5212,-0.208888173,9736.1
"Gauden Road, Clapham",51.464995,-0.13090885,11212
"Lincoln's Inn Fields, Holborn",51.5162778834,-0.118272991635,6876.6
"Tate Modern, Bankside",51.5067252868,-0.0988072461627,7213.2
"Westferry Circus, Canary Wharf",51.5057030357,-0.0277727426235,9772.8
"Here East North, Queen Elizabeth Olympic Park",51.5487311915,-0.0226065549321,3125.9
"New Spring Gardens Walk, Vauxhall",51.4878074485,-0.122759625866,7013.5
"Clapham Road, Lingham Street, Stockwell",51.4714330677,-0.123670735702,5731.8
"Lambeth Palace Road, Waterloo",51.5000891978,-0.116628700672,18393.5
"Here East South, Queen Elizabeth Olympic Park",51.5465327935,-0.0205975904647,2866.7
"Riverlight South, Nine Elms",51.4813354746,-0.138212295869,12557
"Westminster Pier, Westminster",51.501513,-0.12382322,27887.6
"Belvedere Road 2, South Bank",51.50621,-0.114842,7033.8
"Victory Place, Walworth",51.492807,-0.091938,6786
"Battersea Power Station, Battersea Park",51.4835074867,-0.147714557371,17417.9
"Allington Street, Victoria",51.496863,-0.1429434,14572.1
"Cranmer Road, Stockwell",51.479601,-0.11147178,10746.6
"Normandy Road, Stockwell",51.473874,-0.11258096,8901.3
"Wynne Road, Stockwell",51.469217,-0.11268674,5579.4
"Sidney Road, Stockwell",51.469202,-0.11902256,7550.2
"St John's Crescent, Brixton",51.466232,-0.11317995,7016.7
"Ferndale Road, Brixton",51.464019,-0.11578197,10440.3
"Saltoun Road, Brixton",51.460232,-0.11537509,11434.7
"Gas Holders, Battersea Park",51.477966,-0.14785703,9462.4
"Farringdon Street, Holborn",51.516785,-0.10494775,6431.6
"York Way, Kings Cross",51.541596,-0.12544145,5773
"Fore Street Avenue, Guildhall",51.518093,-0.0914017,5176.6
"Sea Containers, South Bank",51.508033,-0.10682363,10477
"George Row, Bermondsey",51.498585,-0.068981764,11537.4
"Tower Wharf, Bermondsey",51.500845,-0.074704305,7885.9
"Temple Gardens, Temple",51.510981,-0.10832249,14465.9
"Canada Water Station, Rotherhithe",51.498439,-0.049150215,7799.3
"Bermondsey Station, Bermondsey",51.497995,-0.063471392,6943.3
