"name","lat","long","k"
"River Street , Clerkenwell",51.52916347,-0.109970527,1219.3
"Phillimore Gardens, Kensington",51.49960695,-0.197574246,2036.7
"Christopher Street, Liverpool Street",51.52128377,-0.084605692,545.9
"St. Chad's Street, King's Cross",51.53005939,-0.120973687,642.8
"Sedding Street, Sloane Square",51.49313,-0.156876,1247.1
"Broadcasting House, Marylebone",51.51811784,-0.144228881,1536.7
"Charlbert Street, St. John's Wood",51.53430039,-0.1680743,931.3
"Maida Vale, Maida Vale",51.529857,-0.18348604,1743.9
"New Globe Walk, Bankside",51.5073853,-0.096440751,1458.3
"Park Street, Bankside",51.50597426,-0.092754157,461.8
"Brunswick Square, Bloomsbury",51.52395143,-0.122502346,1334.7
"Malet Street, Bloomsbury",51.52168078,-0.130431727,954.6
"Scala Street, Fitzrovia",51.51991453,-0.136039674,723.5
"Belgrove Street , King's Cross",51.52994371,-0.123616824,2325.8
"Great Russell Street, Bloomsbury",51.51772703,-0.127854211,856.1
"Cartwright Gardens , Bloomsbury",51.52635795,-0.125979294,1111.8
"Hatton Wall, Holborn",51.5216612,-0.109006325,1561.7
"Drury Lane, Covent Garden",51.51477076,-0.12221963,1660.8
"Taviton Street, Bloomsbury",51.52505093,-0.131161087,707.1
"Drummond Street , Euston",51.527326,-0.13605286,716.9
"Northington Street , Holborn",51.5222641,-0.114079481,1532.2
"Red Lion Square, Holborn",51.51943538,-0.119123345,593.5
"British Museum, Bloomsbury",51.51908011,-0.124678402,1514
"Doric Way , Somers Town",51.5288338,-0.132250369,977.4
"Ampton Street , Clerkenwell",51.52728093,-0.11829517,594.9
"Bouverie Street, Temple",51.51382102,-0.107927706,1242.2
"Bolsover Street, Fitzrovia",51.52351808,-0.143613641,1670.2
"Hereford Road, Bayswater",51.513735,-0.193487,1699.6
"Windsor Terrace, Hoxton",51.52915444,-0.093421615,1156.2
"Fanshaw Street, Hoxton",51.52953709,-0.083353323,1260.1
"Leonard Circus , Shoreditch",51.52469624,-0.084439283,1271.8
"Central House, Aldgate",51.515231,-0.07015,988
"Pancras Road, King's Cross",51.5341235,-0.129386874,941.6
"De Vere Gardens, Kensington",51.50173726,-0.184980612,2230.8
"Penywern Road, Earl's Court",51.49159394,-0.192369256,2576.2
"Abingdon Villas, Kensington",51.4973875,-0.197245586,762.5
"Shoreditch High Street, Shoreditch",51.5263778,-0.078130921,2116.7
"Commercial Street, Shoreditch",51.52127071,-0.0755789,1408.2
"Pindar Street, Liverpool Street",51.520955,-0.083493552,895
"Wenlock Road , Hoxton",51.53099181,-0.093903825,1407.2
"Crawford Street, Marylebone",51.52026,-0.157183945,1351.2
"Bruton Street, Mayfair",51.51073687,-0.144165239,882.8
"Boston Place, Marylebone",51.522511,-0.162298,1777.5
"Nesham Street, Wapping",51.507131,-0.06691,2665
"Warwick Avenue Station, Maida Vale",51.52334476,-0.183846408,2413.8
"Godliman Street, St. Paul's",51.51248445,-0.099141408,1364.2
"Curzon Street, Mayfair",51.50706909,-0.145904427,1692.1
"East Road, Hoxton",51.52867339,-0.087459376,1066.6
"Finsbury Library , Finsbury",51.52671796,-0.104298194,845.7
"Roscoe Street, St. Luke's",51.52295439,-0.094934859,1012.8
"Grafton Street, Mayfair",51.5099923,-0.143495266,1091.3
"Golden Lane, Barbican",51.52174785,-0.094475072,1435
"Finsbury Circus, Liverpool Street",51.51707521,-0.086685542,2363.5
"Paddington Street, Marylebone",51.52058381,-0.154701411,1357.5
"Guilford Street , Bloomsbury",51.52334672,-0.120202614,2061.7
"New Inn Yard, Shoreditch",51.52452699,-0.079248081,1532.7
"Lisson Grove, St. John's Wood",51.52644828,-0.172190727,1267
"Great Dover Street, The Borough",51.49738251,-0.089446947,1285.9
"Cotton Garden Estate, Kennington",51.4907579,-0.106323685,1825.9
"Murray Grove , Hoxton",51.53089041,-0.089782579,1023.7
"William IV Street, Strand",51.50946212,-0.124749274,1443.5
"Holborn Circus, Holborn",51.51795029,-0.108657431,2250.1
"Hatton Garden, Holborn",51.51882555,-0.108028472,1001.7
"Theobald's Road , Holborn",51.52059681,-0.116688468,1308.3
"Euston Road, Euston",51.5262363,-0.134407652,764.9
"Calshot Street , King's Cross",51.53136059,-0.117069978,393.7
"Newgate Street , St. Paul's",51.5154186,-0.098850915,2279.7
"Farringdon Lane, Clerkenwell",51.52352001,-0.108340165,1234.2
"Old Street Station, St. Luke's",51.52548,-0.089659871,1414.9
"Vauxhall Cross, Vauxhall",51.48591714,-0.124469948,4130.4
"Torrens Street, Angel",51.53219984,-0.105480698,1216.3
"Longford Street, The Regent's Park",51.52559505,-0.144083893,964.7
"Russell Square Station, Bloomsbury",51.52341837,-0.124121774,1434.4
"Sadlers Sports Centre, Finsbury",51.52486887,-0.099489485,1299.9
"Arundel Street, Temple",51.511726,-0.11385596,1207
"Webber Street , Southwark",51.50069361,-0.102091246,1578.2
"Great Titchfield Street, Fitzrovia",51.52025302,-0.141327271,1249.9
"Chancery Lane, Holborn",51.514274,-0.111257,903.6
"Panton Street, West End",51.50963938,-0.131510949,1145.6
"Breams Buildings, Holborn",51.51593725,-0.111778348,221.9
"Tanner Street, Bermondsey",51.50064702,-0.078600401,2372.2
"Sancroft Street, Vauxhall",51.48947903,-0.115156562,1442.1
"Devonshire Square, Liverpool Street",51.51646835,-0.079684557,1128.6
"Bayley Street , Bloomsbury",51.51858757,-0.132053392,2046.7
"Tavistock Place, Bloomsbury",51.5262503,-0.123509611,1364.3
"Harrington Square 1, Camden Town",51.53301907,-0.139174593,427.2
"Walnut Tree Walk, Vauxhall",51.49368637,-0.111014912,2195.6
"Borough Road, Elephant & Castle",51.49889832,-0.100440521,1068.3
"Cloudesley Road, Angel",51.53440868,-0.109025404,1097.1
"Bricklayers Arms, Borough",51.49506109,-0.085814489,3342.4
"Aldersgate Street, Barbican",51.5208417,-0.097340162,2648.2
"Falkirk Street, Hoxton",51.53095071,-0.078505384,1459
"Gloucester Road (North), Kensington",51.49792478,-0.183834706,1787.7
"Hampstead Road, Euston",51.52554222,-0.138231303,2185.2
"Old Quebec Street, Marylebone",51.51457763,-0.158264483,2611.2
"Albert Embankment, Vauxhall",51.49043573,-0.122806861,2626.5
"Queen Street 1, Bank",51.51155322,-0.0929401,3154.2
"Jewry Street, Aldgate",51.51340693,-0.076793375,2226.9
"Vicarage Gate, Kensington",51.50472376,-0.192538767,1284.5
"Crosswall, Tower",51.51159481,-0.077121322,2164.3
"Westbourne Grove, Bayswater",51.51552971,-0.190240716,2106.8
"Woodstock Street, Mayfair",51.51410514,-0.147301667,489.1
"Finsbury Leisure Centre, St. Luke's",51.52600832,-0.096317627,1955
"Abbey Orchard Street, Westminster",51.49812559,-0.132102166,1878.9
"Soho Square , Soho",51.51563144,-0.132328837,2529.4
"Wellington Road, St. John's Wood",51.53304322,-0.172528678,1963.7
"Park Lane , Hyde Park",51.5100172,-0.157275636,2654.7
"Stonecutter Street, Holborn",51.51580998,-0.105270275,1111
"Gloucester Road (Central), South Kensington",51.49646288,-0.183289032,2234.3
"Park Road (Baker Street), The Regent's Park",51.52451738,-0.158963647,2573.4
"Braham Street, Aldgate",51.51423368,-0.073537654,3483.3
"Little Argyll Street, West End",51.51449962,-0.141423695,2195.4
"Lollard Street, Vauxhall",51.49288067,-0.114934001,1701.5
"Rochester Row, Westminster",51.49582705,-0.13547809,1378.2
"Bath Street, St. Luke's",51.52589324,-0.090847761,2185.3
"The Guildhall, Guildhall",51.51573534,-0.093080779,1175.1
"Baker Street, Marylebone",51.51891348,-0.156166631,1119.4
"Norton Folgate, Liverpool Street",51.52111369,-0.078869751,2115
"St. John Street, Finsbury",51.52836014,-0.104724625,1315.7
"Eaton Square, Belgravia",51.49654462,-0.150905245,1076.6
"Borough High Street, The Borough",51.50069491,-0.094524319,2249.6
"Museum of London, Barbican",51.51782144,-0.096496865,850.2
"Wood Street, Guildhall",51.51700801,-0.09388536,956.9
"Emperor's Gate, South Kensington",51.49536226,-0.185296516,2003.9
"Golden Square, Soho",51.5118973,-0.137043852,1750
"Tower Gardens , Tower",51.50950627,-0.075459482,3688.4
"Eversholt Street , Camden Town",51.53300545,-0.136792671,1095.5
"Bethnal Green Road, Shoreditch",51.52364804,-0.074754872,3763.4
"Derry Street, Kensington",51.50136494,-0.191462381,4414
"Wapping High Street, Wapping",51.504904,-0.06797,1968.5
"Clerkenwell Green, Clerkenwell",51.52326004,-0.104708922,1286.2
"Queen Victoria Street, St. Paul's",51.51196176,-0.097441687,2200.1
"Green Street, Mayfair",51.51227622,-0.157436972,1684
"Lambeth Road, Vauxhall",51.49488108,-0.117974901,1556.8
"Finsbury Square , Moorgate",51.52096262,-0.085634242,1278.3
"Chapel Place, Marylebone",51.51530805,-0.147203711,1480
"West Cromwell Road, Earl's Court",51.49372451,-0.198286569,2617.2
"Pont Street, Knightsbridge",51.4968865,-0.161203828,1869.5
"Kennington Cross, Kennington",51.48894022,-0.111435796,3625.4
"Ilchester Place, Kensington",51.50074359,-0.202759212,1367.7
"Vauxhall Bridge , Pimlico",51.48836528,-0.129361842,2343
"Tachbrook Street, Victoria",51.49211134,-0.138364847,3289.6
"Kennington Road Post Office, Oval",51.48478899,-0.110683213,3308
"Holy Trinity Brompton, Knightsbridge",51.49705603,-0.168917077,2004.1
"Chepstow Villas, Notting Hill",51.51213691,-0.201554966,1433.8
"Hampton Street, Walworth",51.49217002,-0.101536865,2762.6
"Bayswater Road, Hyde Park",51.511933,-0.174411,4406.5
"Waterloo Station 3, Waterloo",51.50379168,-0.11282408,2064.4
"Lexham Gardens, Kensington",51.49586666,-0.191933711,1822.6
"New Kent Road, The Borough",51.49443626,-0.092921165,1264.2
"Wright's Lane, Kensington",51.50039792,-0.193068385,2476
"Trebovir Road, Earl's Court",51.49085368,-0.196170309,2229.3
"Waterloo Place, St. James's",51.50663341,-0.131773845,1268.6
"Guildhouse Street, Victoria",51.49234577,-0.141334487,1823.7
"Southampton Place, Holborn",51.51760685,-0.121328408,1627.6
"Sloane Avenue, Knightsbridge",51.4931848,-0.167894973,2874.4
"Cleveland Gardens, Bayswater",51.515607,-0.183118788,2330.8
"Orsett Terrace, Bayswater",51.517932,-0.183716959,963.1
"Seville Street, Knightsbridge",51.50185512,-0.159237081,2118.7
"Eccleston Place, Victoria",51.49395092,-0.147624377,1768.9
"Argyll Road, Kensington",51.50040123,-0.195455928,2526.6
"Porchester Place, Paddington",51.51474612,-0.165164288,3413.4
"Hardwick Street, Clerkenwell",51.52784273,-0.108068155,746.4
"Collingham Gardens, Earl's Court",51.4916156,-0.186753859,2159.3
"Sumner Place, South Kensington",51.49121192,-0.173715911,3395.3
"Waterloo Road, South Bank",51.50486,-0.113001,891
"Worship Street, Shoreditch",51.521668,-0.079608554,970.3
"Gloucester Terrace, Bayswater",51.51791921,-0.188098863,1936.6
"Ashley Place, Victoria",51.49616092,-0.140947636,1628
"Warwick Square, Pimlico",51.48985626,-0.141923621,3481.1
"North Audley Street, Mayfair",51.5129118,-0.153645496,1564.6
"Belgrave Square, Belgravia",51.49941247,-0.152317537,1331
"Bell Street , Marylebone",51.52202903,-0.165842551,1754.6
"Riverlight North, Nine Elms",51.482362,-0.13612398,5613.6
"Portland Place, Marylebone",51.52071513,-0.14521173,2017.4
"Alderney Street, Pimlico",51.48805753,-0.140741432,2778.8
"South Wharf Road, Paddington",51.51733558,-0.175810943,4033.2
"Queen's Gate (South), South Kensington",51.49247977,-0.178433004,3029.3
"Nutford Place, Marylebone",51.5165179,-0.164393768,1094.2
"Claremont Square, Angel",51.53166681,-0.109914711,1007.7
"Rampayne Street, Pimlico",51.48997562,-0.132845681,2918.9
"Hyde Park Corner, Hyde Park",51.50311799,-0.153520935,7864.9
"Wardour Street, Soho",51.51251523,-0.133201961,3548
"Bankside Mix, Bankside",51.50581776,-0.100186337,1367.9
"Hop Exchange, The Borough",51.50462759,-0.091773776,4941.2
"Milroy Walk, South Bank",51.50724437,-0.106237501,2213.8
"Union Street, The Borough",51.50368837,-0.098497684,1468.9
"Stamford Street, South Bank",51.50556905,-0.111606696,1304.8
"Great Tower Street, Monument",51.51048489,-0.082989638,2308.3
"LMU Commercial Road, Whitechapel",51.51492456,-0.066078037,2684.3
"Dorset Square, Marylebone",51.5225965,-0.161113413,2202.5
"Leman Street, Aldgate",51.51236389,-0.06954201,3141.8
"West Smithfield Rotunda, Farringdon",51.51821864,-0.100791005,2261.4
"Margery Street, Clerkenwell",51.52659961,-0.112432615,1255.3
"New Road 1 , Whitechapel",51.518154,-0.062697,3217.1
"Grosvenor Crescent, Belgravia",51.50135267,-0.153194766,1389.9
"Mallory Street, Marylebone",51.52505151,-0.166304359,849.1
"Denyer Street, Knightsbridge",51.49358391,-0.165101392,1064.5
"Hinde Street, Marylebone",51.51681444,-0.151926305,2240.5
"Cadogan Place, Knightsbridge",51.49464523,-0.158105512,2207.5
"Wellington Arch, Hyde Park",51.50274025,-0.149569201,5802
"Endsleigh Gardens, Euston",51.52683806,-0.130504336,883.8
"Moorfields, Moorgate",51.51906932,-0.088285377,1637.7
"Old Brompton Road, South Kensington",51.49094565,-0.181190899,2903.9
"Wormwood Street, Liverpool Street",51.51615461,-0.082422399,4620.2
"St. Luke's Church, Chelsea",51.48971651,-0.170194408,3234.4
"Bramham Gardens, Earl's Court",51.49016361,-0.19039362,3957.5
"Chelsea Green, Chelsea",51.49066456,-0.166485083,2360
"Horseferry Road, Westminster",51.49481649,-0.13045856,1990.9
"Knightsbridge, Hyde Park",51.50275704,-0.155349725,1176.1
"Rodney Road , Walworth",51.49148474,-0.090220911,2386.6
"Queensway, Kensington Gardens",51.51031,-0.18740235,3445.8
"Notting Hill Gate Station, Notting Hill",51.50935342,-0.196422,3772.5
"Charles II Street, West End",51.50844614,-0.131961389,1075.2
"Great Percy Street, Clerkenwell",51.52891573,-0.115480888,1401
"St. James's Square, St. James's",51.50742485,-0.134621209,2533.5
"Whitehall Place, Strand",51.50654321,-0.123179697,3693
"Poured Lines, Bankside",51.50669284,-0.103137426,1109.8
"Queen's Gate (Central), South Kensington",51.49396755,-0.17873226,1742.2
"Carey Street, Holborn",51.51501025,-0.112753217,529.6
"Pall Mall East, West End",51.50777049,-0.130699733,2187.1
"Liverpool Road (N1 Centre), Angel",51.53450449,-0.106992706,3119.7
"Kennington Road  , Vauxhall",51.49571828,-0.110889274,2046.7
"Fashion Street, Whitechapel",51.51838043,-0.073438925,1144.7
"Dock Street, Wapping",51.5097860151,-0.0681619805156,3023.5
"Frampton Street, Paddington",51.5233534,-0.175116099,1665.3
"Warren Street Station, Euston",51.52443845,-0.138019439,3534
"Colombo Street, Southwark",51.50545935,-0.10569204,672.7
"Beaumont Street, Marylebone",51.52200801,-0.151359288,2415.5
"Gloucester Street, Pimlico",51.49096258,-0.139625122,4028.3
"Earnshaw Street , Covent Garden",51.51611887,-0.128585022,1675.5
"Grosvenor Road, Pimlico",51.4853572,-0.142207481,3037.8
"Berry Street, Clerkenwell",51.52285301,-0.099994052,2135.9
"St. John's Wood Church, The Regent's Park",51.530529,-0.167515,2004.4
"Triangle Car Park, Hyde Park",51.50645179,-0.170279555,6198.1
"Harper Road, The Borough",51.49859784,-0.096191134,1529.6
"Royal Avenue 1, Chelsea",51.489932,-0.162727,2191.9
"Brushfield Street, Liverpool Street",51.518908,-0.079249,4196.4
"Jubilee Gardens, South Bank",51.5046364,-0.116542278,2926.3
"Shoreditch Park, Hoxton",51.53404294,-0.086379717,3768.2
"Chadwell Street, Angel",51.53051587,-0.106408455,2941.8
"Clifton Road, Maida Vale",51.52557531,-0.179592915,2896.7
"Houghton Street, Strand",51.51362054,-0.116764211,1111.5
"Westminster University, Marylebone",51.52248185,-0.154907218,1028.1
"Kensington Gore, Knightsbridge",51.50143293,-0.178656971,NA
"Bourne Street, Belgravia",51.490959,-0.1532331,3330.1
"Broadwick Street, Soho",51.5136846,-0.135580879,1675.2
"Princes Square, Bayswater",51.5134891,-0.191351186,2050.2
"LSBU (Borough Road), Elephant & Castle",51.49874469,-0.103132904,1495.1
"St. Mary Axe, Aldgate",51.51422502,-0.080660083,1925.6
"Tysoe Street, Clerkenwell",51.52644342,-0.109256828,1604.8
"Southwick Street, Paddington",51.51595344,-0.169249375,2038.4
"Queen's Gate (North), Kensington",51.50102668,-0.180246101,2423.3
"Regency Street, Westminster",51.49206037,-0.132224622,3593.9
"Belgrave Road, Victoria",51.49320445,-0.144132875,1929.5
"Empire Square, The Borough",51.50082346,-0.089740764,2645.7
"Kennington Lane Rail Bridge, Vauxhall",51.4863434,-0.122492418,5147.7
"London Zoo,  The Regent's Park",51.53583617,-0.156285395,2816
"Baylis Road, Waterloo",51.50144456,-0.110699309,3452.4
"Belvedere Road 1, South Bank",51.50613324,-0.114686385,1241.4
"Warwick Road, Olympia",51.49671237,-0.20528437,3136.9
"Barbican Centre, Barbican",51.52004497,-0.092176447,1163.2
"Lower Thames Street, Monument",51.50930161,-0.084985356,1236.4
"Kensington Church Street, Kensington",51.50315739,-0.191496313,2976.9
"Tooley Street, Bermondsey",51.5034938,-0.07962099,5440.4
"North Wharf Road, Paddington",51.51862243,-0.176645823,1192.7
"Royal Avenue 2, Chelsea",51.490083,-0.162418,3157.7
"Smith Square, Westminster",51.49580589,-0.127575233,1893.7
"Royal London Hospital, Whitechapel",51.518675,-0.06111,6390.1
"Kingsway, Covent Garden",51.51440928,-0.118478757,657.6
"Lambeth North Station, Waterloo",51.49914063,-0.112031483,2327.4
"St. John's Wood Road, St. John's Wood",51.5272947,-0.174653609,1401.1
"Bedford Way, Bloomsbury",51.52367314,-0.128377673,430.8
"Elizabeth Bridge, Victoria",51.49236962,-0.147478734,3497.4
"South Audley Street, Mayfair",51.50923022,-0.151296092,705.2
"St Mary's Hospital, Paddington",51.518268,-0.17110323,2864.1
"Claverton Street, Pimlico",51.48483991,-0.138089062,2199.6
"Montpelier Street, Knightsbridge",51.49888404,-0.165471605,3330.7
"Kensington Olympia Station, Olympia",51.49815779,-0.209494128,1410.3
"St. George's Square, Pimlico",51.488226,-0.135635511,3288.8
"Swan Street, The Borough",51.50029631,-0.092762704,1615.3
"Knaresborough Place, Earl's Court",51.49363156,-0.190603326,2348.9
"Geraldine Street, Elephant & Castle",51.49612799,-0.106000855,1002.5
"Curlew Street, Shad Thames",51.50227992,-0.074189225,4642.8
"Vincent Square, Westminster",51.49398524,-0.136928582,1046
"Serpentine Car Park, Hyde Park",51.505014,-0.17306032,5294.2
"Marylebone Lane, Marylebone",51.51475963,-0.148105415,2757.2
"Putney Pier, Wandsworth",51.466907,-0.216573,3786.5
"Albert Gate, Hyde Park",51.50295379,-0.158456089,7307
"Rathbone Street, Fitzrovia",51.51816295,-0.135025698,1579.7
"Black Lion Gate, Kensington Gardens",51.50990837,-0.187842717,8644.5
"Long Lane , Bermondsey",51.49907558,-0.085666316,2152.7
"Embankment (Savoy), Strand",51.50963123,-0.119047563,1098.2
"Black Prince Road, Vauxhall",51.4908679,-0.116911864,2715.8
"Foley Street, Fitzrovia",51.51918144,-0.140485596,2254.2
"Grove End Road, St. John's Wood",51.53088935,-0.176770502,2850.7
"Wells Street, Fitzrovia",51.51734403,-0.138072691,2668.9
"Tyers Gate, Bermondsey",51.50088934,-0.083159352,2273.6
"The Tennis Courts, The Regent's Park",51.52536703,-0.153463612,2755.6
"Warwick Row, Westminster",51.497998,-0.14296064,3510.4
"Dickens Square, Borough",51.49679128,-0.093913472,1543.9
"Sackville Street, Mayfair",51.51004801,-0.138846453,1621.6
"Baldwin Street, St. Luke's",51.52702563,-0.088542771,2136
"Queen Mother Sports Centre, Victoria",51.49357351,-0.139956043,3770.5
"Bermondsey Street, Bermondsey",51.49785559,-0.081608045,3458.3
"Palissy Street, Shoreditch",51.526293,-0.073955,1843.8
"Clifton Street, Shoreditch",51.523196,-0.083067,933.2
"Ontario Street, Elephant & Castle",51.49652013,-0.101384068,2911.6
"St. Martin's Street, West End",51.50908747,-0.129697889,916.5
"Graham Street, Angel",51.53266186,-0.099981142,3674.1
"New North Road 1, Hoxton",51.53095,-0.085603,1018.6
"New North Road 2, Hoxton",51.53114,-0.086016,1347.2
"Prince Albert Road, The Regent's Park",51.53589283,-0.160854428,3626.5
"Eastbourne Mews, Paddington",51.51641749,-0.179135079,1317.8
"Bunhill Row, Moorgate",51.52085887,-0.089887855,2961.3
"Nevern Place, Earl's Court",51.49334336,-0.194757949,1791.5
"Palace Gardens Terrace, Notting Hill",51.50860544,-0.193764092,2271.9
"Concert Hall Approach 1, South Bank",51.505044,-0.115851,946.6
"Tavistock Street, Covent Garden",51.51196803,-0.120718759,1116
"Concert Hall Approach 2, South Bank",51.504942,-0.115533,1184.4
"Pembridge Villas, Notting Hill",51.51108452,-0.197524944,2125
"Wellington Street , Strand",51.51175646,-0.119643424,2185.7
"Risinghill Street, Angel",51.5333196,-0.1117812,1569.9
"Bank of England Museum, Bank",51.51444134,-0.087587447,3567.2
"Craven Street, Strand",51.50810309,-0.12602103,5000
"London Zoo Car Park, The Regent's Park",51.53692216,-0.150181444,2944.3
"Goswell Road (City Uni), Finsbury",51.528246,-0.10102611,1824.6
"Flood Street, Chelsea",51.48802358,-0.166878535,4840
"Lower Marsh, Waterloo",51.50013942,-0.113936001,2477.6
"Grosvenor Square, Mayfair",51.51217033,-0.150481272,2982.4
"St. George Street, Mayfair",51.51196,-0.142783033,2022.4
"Queen's Gate, Kensington Gardens",51.5017154373867,-0.1798541843891,6842.1
"Macclesfield Rd, St Lukes",51.529423,-0.097122,2515.3
"Vauxhall Street, Vauxhall",51.486965,-0.116625,2505.4
"Greycoat Street , Westminster",51.49459148,-0.134234258,1839.8
"Northumberland Avenue, Strand",51.506767,-0.123702,2962.6
"Clapham Common Station, Clapham Common",51.461388,-0.13922146,NA
"South Kensington Station, South Kensington",51.494412,-0.173881,4560.8
"Howland Street, Fitzrovia",51.520994,-0.139016,2234.7
"High Holborn , Covent Garden",51.516226,-0.124826,1068.7
"Butler Place, Westminster",51.49782999,-0.135440826,1074.4
"Howick Place, Westminster",51.49675303,-0.138733562,2425.9
"Waterloo Station 2, Waterloo",51.50391973,-0.11342629,992.5
"Royal College Street, Camden Town",51.536264,-0.133952,1754
"Lord's, St. John's Wood",51.5291212008901,-0.171185284853,976.3
"Store Street, Bloomsbury",51.519572,-0.13214036,NA
"City Road, Angel",51.530344,-0.100168,1894
"Millennium Hotel, Mayfair",51.5109192966489,-0.1511263847351,1304.2
"Harrowby Street, Marylebone",51.5173721,-0.1642075,2466.6
"Harriet Street, Knightsbridge",51.50024195,-0.15934065,3157.9
"Paddington Green, Paddington",51.520205,-0.174593,259
"King Edward Walk, Waterloo",51.49775,-0.10988,1045.9
"Sardinia Street, Holborn",51.515208,-0.117863,626.9
"Prince Consort Road, Knightsbridge",51.49980661,-0.176415994,613.3
"Waterloo Station 1, Waterloo",51.50402794,-0.11386436,3648.7
"Kensington Town Hall, Kensington",51.50194596,-0.194392952,1977
"Millbank Tower, Pimlico",51.49188409,-0.125674815,4283.9
"Waterloo Bridge, South Bank",51.50535447,-0.113656543,1068
"Natural History Museum, South Kensington",51.49559291,-0.179077626,1084.8
"Turquoise Island, Notting Hill",51.51431171,-0.200838199,3495.5
"Stanhope Gate, Mayfair",51.50686435,-0.150666888,793.8
"Charlotte Street, Fitzrovia",51.51953043,-0.13577731,2587.6
"Farm Street, Mayfair",51.50935171,-0.14744969,1616.9
"Frith Street, Soho",51.51310333,-0.13121385,2863
"Marloes Road, Kensington",51.496481,-0.192404,2854.3
"Moor Street, Soho",51.51352755,-0.130110822,4574.4
"Fire Brigade Pier, Vauxhall",51.49369988,-0.121394101,3761.1
"Southampton Street, Strand",51.51070161,-0.121723604,1923.6
"Upper Grosvenor Street, Mayfair",51.51013066,-0.155757901,756.3
"Buxton Street 1, Shoreditch",51.521776,-0.068856,1898.8
"Clifford Street, Mayfair",51.51066202,-0.142345694,NA
"Imperial College, Knightsbridge",51.49942855,-0.179702476,2288.5
"Snow Hill, Farringdon",51.51733427,-0.103604248,1136.7
"Aberdeen Place, St. John's Wood",51.524826,-0.176268,1625.8
"Cadogan Gardens, Chelsea",51.492462,-0.159919,3392.4
"Shouldham Street, Marylebone",51.51809,-0.163609,2652.1
"Devonshire Terrace, Bayswater",51.51348,-0.17977,4774.3
"Holland Park, Kensington",51.502319,-0.200742,3144.1
"Brick Lane Market, Shoreditch",51.52261762,-0.071653961,3172.3
"George Street, Marylebone",51.517703,-0.154106,2461.3
"Columbia Road, Shoreditch",51.528187,-0.075375,3114.6
"Penfold Street, Marylebone",51.52289229,-0.171681991,2041.5
"George Place Mews, Marylebone",51.51689296,-0.158249929,2621.8
"Palace Gate, Kensington Gardens",51.50204238,-0.184400221,7200.4
"Gloucester Road Station, South Kensington",51.49418566,-0.18267094,4745.6
"Strata, Elephant & Castle",51.493146,-0.099828,4452.5
"Edgware Road Station, Marylebone",51.519968,-0.169774,3595.7
"Rotherhithe Roundabout, Rotherhithe",51.499169,-0.055846029,NA
"Cleaver Street, Kennington",51.488105,-0.110121,1651.8
"Chelsea Bridge, Pimlico",51.485821,-0.149004,6597
"Southwark Station 1, Southwark",51.504043,-0.105312,1458.1
"Southwark Station 2, Southwark",51.504044,-0.104778,1521.8
"Eaton Square (South), Belgravia",51.49456127,-0.15393398,2104.7
"Ebury Bridge, Pimlico",51.490491,-0.149186,3210.6
"Harrington Square 2, Camden Town",51.533379,-0.139159,2124.6
"Vincent Street, Pimlico",51.493072,-0.129925,2302.3
"Cheapside, Bank",51.51397065,-0.09294031,5761.7
"Exhibition Road, Knightsbridge",51.499917,-0.174554,3326.2
"South Parade, Chelsea",51.48902,-0.17524,3263.9
"Crinan Street, King's Cross",51.534474,-0.122203,1650.4
"Exhibition Road Museums 1, South Kensington",51.496468,-0.17379696,NA
"Wren Street, Holborn",51.524564,-0.116279,2707.3
"Kennington Station, Kennington",51.488852,-0.105593,3007.7
"Red Lion Street, Holborn",51.51824,-0.11655,3156.1
"Vauxhall Walk, Vauxhall",51.488124,-0.120903,2471.4
"Killick Street, King's Cross",51.5338,-0.118677,1020.2
"Kennington Oval, Oval",51.483145,-0.113134,3258.1
"Sail Street, Vauxhall",51.495656,-0.114605,2210.6
"Walmer Road, Avondale",51.510101,-0.211358,1333.9
"Philpot Street, Whitechapel",51.515256,-0.058641,4501.9
"Bethnal Green Garden, Bethnal Green",51.52568,-0.055312,2672.7
"Cheshire Street, Bethnal Green",51.52388,-0.065076,2176.8
"York Hall, Bethnal Green",51.528936,-0.055894,4360.2
"Jubilee Crescent, Cubitt Town",51.493381,-0.007542,1585.3
"Fisherman's Walk West, Canary Wharf",51.50623,-0.02296,2148.2
"Shadwell Station, Shadwell",51.511088,-0.057159,4706.7
"Jubilee Street, Stepney",51.515975,-0.053177,2914.1
"Hermitage Court, Wapping",51.504719,-0.063531,2519.9
"St. Katharine's Way, Tower",51.505697,-0.070542,3196.8
"Garnet Street, Shadwell",51.508447,-0.055167,1942.2
"Napier Avenue, Millwall",51.487679,-0.021582,2300.9
"East Ferry Road, Cubitt Town",51.49447,-0.014409,2992.8
"Parkway, Camden Town",51.538071,-0.144664,2505
"Castlehaven Road, Camden Town",51.542138,-0.145393,4634.4
"Wapping Lane, Wapping",51.504749,-0.057544,3487.2
"Gunmakers Lane, Old Ford",51.535179,-0.03338,3887.2
"Burdett Road, Mile End",51.516196,-0.029138,5240.4
"Aston Street, Stepney",51.516,-0.038775,1453.3
"Bonny Street, Camden Town",51.541603,-0.138853,4320.9
"Thurtle Road, Haggerston",51.534776,-0.071881,NA
"St. Mary & St. Michael Church, Stepney",51.51417,-0.052099,1144.4
"Pitfield Street North,Hoxton",51.53558,-0.08249,3402
"Whiston Road, Haggerston",51.534464,-0.076341,2646.5
"Southern Grove, Bow",51.523538,-0.030556,2725.9
"Cantrell Road, Bow",51.521564,-0.022694,1585.7
"Lindfield Street, Poplar",51.513757,-0.020467,2333.7
"Mostyn Grove, Bow",51.530535,-0.025492,2973.9
"Hewison Street, Old Ford",51.533283,-0.028155,3099.1
"Malmesbury Road, Bow",51.529452,-0.027616,611.6
"Millharbour, Millwall",51.496137,-0.019355,1469.1
"Gascoyne Road, Victoria Park",51.541515,-0.038557746,NA
"Lightermans Road, Millwall",51.499041,-0.020157,2849.6
"Stebondale Street, Cubitt Town",51.489096,-0.009205,1472.3
"Spindrift Avenue, Millwall",51.49109,-0.018716,2428.4
"Stepney Green Station, Stepney",51.521889,-0.04667,6040.3
"Pott Street, Bethnal Green",51.527152,-0.058005,5948.4
"Flamborough Street, Limehouse",51.5128711,-0.0389866,6870.6
"Saunders Ness Road, Cubitt Town",51.487129,-0.0090011,5031
"Exhibition Road Museums 2, South Kensington",51.495947,-0.17368958,NA
"Albert Gardens, Stepney",51.51328,-0.047784,3521.7
"Bromley High Street, Bow",51.528828,-0.013258,3017.9
"Old Ford Road, Bethnal Green",51.531127,-0.048017,3586.6
"Granby Street, Shoreditch",51.525645,-0.069543,3546.7
"Canton Street, Poplar",51.511811,-0.025626,2407.4
"Reardon Street, Wapping",51.506946,-0.058681,3693.2
"Christian Street, Whitechapel",51.513074,-0.064094,4550.1
"Pennington Street, Wapping",51.508622,-0.065006,1554.5
"Queen Mary's, Mile End",51.522507,-0.041378,3647.4
"Maplin Street, Mile End",51.525501,-0.032267204,3999.1
"South Quay East, Canary Wharf",51.50196,-0.016251,400.2
"Bow Church Station, Bow",51.528169,-0.018703,4735.4
"Devons Road, Bow",51.52512,-0.015578,3377.8
"Merchant Street, Bow",51.526578,-0.027581,3286.2
"Bow Road Station, Bow",51.527058,-0.025296,3595.8
"Furze Green, Bow",51.519265,-0.021345,4886.6
"Ansell House, Stepney",51.520019,-0.05438,5739.5
"Cephas Street, Bethnal Green",51.522561,-0.054883,2870.7
"Bonner Gate, Victoria Park",51.53341,-0.049591815,7253.2
"Cleveland Way, Stepney",51.520893,-0.051394,6316.4
"St. John's Park, Cubitt Town",51.496454,-0.009506,1726.9
"Ackroyd Drive, Bow",51.520398,-0.026768,2379.8
"Bell Lane, Liverpool Street",51.517475,-0.075855,3347.8
"Clarkson Street, Bethnal Green",51.528692,-0.059091,1813
"Fournier Street, Whitechapel",51.519362,-0.074431,3186.6
"Fore Street, Guildhall",51.517842,-0.090075,1798.5
"Westferry DLR, Limehouse",51.509303,-0.025996,5869.2
"Sutton Street, Shadwell",51.511066,-0.053558,4882.8
"Pritchard's Road, Bethnal Green",51.532091,-0.06142,4853.2
"Watney Market, Stepney",51.5142228,-0.055656,3669.1
"Portman Square, Marylebone",51.516204,-0.155525,2509.1
"Russell Gardens, Olympia",51.500088,-0.211316,2358.2
"Chrisp Street Market, Poplar",51.5112,-0.014438,3684.1
"Ford Road, Old Ford",51.532513,-0.033085,2818.2
"Antill Road, Mile End",51.528224,-0.037471,2900.9
"Teviot Street, Poplar",51.518811,-0.011662,1329.5
"Bancroft Road, Bethnal Green",51.526041,-0.047218,3225.2
"Driffield Road, Old Ford",51.534137,-0.037366,3622.2
"Clinton Road, Mile End",51.525941,-0.036017,4464.1
"Langdon Park, Poplar",51.51549,-0.013475,2300.5
"Lancaster Gate , Bayswater",51.511654,-0.179668,3456.2
"Lancaster Drive, Blackwall",51.503143,-0.008428,1719.7
"Hansard Mews, Holland Park",51.503802,-0.215808,3296.8
"Clarges Street, Mayfair",51.507326,-0.145827,1046.3
"Manresa Road, Chelsea",51.486892,-0.170983,2728.6
"Newby Place, Poplar",51.508896,-0.012413,3372.4
"Twig Folly Bridge, Mile End",51.530326,-0.042744,4570.9
"Jubilee Plaza, Canary Wharf",51.50357,-0.020068,3043.2
"Wellington Row, Bethnal Green",51.528222,-0.069743,2283.7
"Goldsmith's Row, Haggerston",51.531864,-0.066035,5299.4
"Gloucester Avenue, Camden Town",51.537349,-0.147154,3133
"Queensbridge Road, Haggerston",51.53385,-0.06992,1982.9
"Old Montague Street, Whitechapel",51.51793,-0.067937,4703.8
"Naval Row, Blackwall",51.508981,-0.00699,2973.3
"Hoxton Station, Hoxton",51.531091,-0.075901,NA
"Albany Street, The Regent's Park",51.528302,-0.144466,3695.6
"Green Park Station, Mayfair",51.506613,-0.142844,6899.3
"Salmon Lane, Limehouse",51.514115,-0.033828,3983.5
"Lansdowne Walk, Ladbroke Grove",51.509591,-0.204666,1090.3
"Percival Street, Finsbury",51.526153,-0.102208,2736.3
"Arlington Road, Camden Town",51.539957,-0.145246,1696.5
"New Fetter Lane, Holborn",51.517428,-0.107987,3599.4
"East India DLR, Blackwall",51.509474,-0.002275,2954.7
"Westminster Bridge Road, Elephant & Castle",51.498386,-0.107913,1303.7
"Gaywood  Street, Elephant & Castle",51.49605,-0.104193,2876.9
"Harford Street, Mile End",51.521564,-0.039264,2105.5
"Import Dock, Canary Wharf",51.505772,-0.016460175,2013.6
"Watney Street, Shadwell",51.511542,-0.056667,5008.6
"Regent's Row , Haggerston",51.535678,-0.062546,8929.2
"Aberfeldy Street, Poplar",51.513548,-0.005659,1371.4
"Heron Quays DLR, Canary Wharf",51.502661,-0.021596,1612
"King Edward Street, St Pauls",51.51601,-0.0985,2803.6
"Page Street, Westminster",51.493978,-0.127554,4879.7
"Abbotsbury Road, Holland Park",51.501391,-0.205991,1542.7
"Ladbroke Grove Central, Ladbroke Grove",51.511624,-0.205921,1385.8
"Rectory Square, Stepney",51.518369,-0.043371,2112.6
"Bury Place, Holborn",51.51746,-0.12335,2132.3
"Preston's Road, Cubitt Town",51.499286,-0.009152,2254.6
"Somerset House, Strand",51.509943,-0.117619,7604.1
"Selby Street, Whitechapel",51.521905,-0.063386,1532.6
"Westfield Ariel Way, White City",51.509158,-0.224103,3779.9
"Bishop's Bridge Road West, Bayswater",51.51616,-0.18697,5256.6
"Pitfield Street Central, Hoxton",51.53213,-0.08299,2819.1
"Upper Bank Street, Canary Wharf",51.503083,-0.017676,4812.6
"Westfield Southern Terrace ,Shepherd's Bush",51.506256,-0.218337,2074.8
"Greenland Road, Camden Town",51.539099,-0.141728,3753.4
"Limerston Street, West Chelsea",51.485587,-0.18119,8975.8
"Eagle Wharf Road, Hoxton",51.53356,-0.09315,4499.7
"Alpha Grove, Millwall",51.497304,-0.022793,2918
"Globe Town Market, Bethnal Green",51.528869,-0.047548,4356.8
"Hollybush Gardens, Bethnal Green",51.527607,-0.057133,1432.9
"Queen Street 2, Bank",51.511246,-0.093051,6451.7
"Doddington Grove, Kennington",51.48692917,-0.102996299,5235.4
"New Cavendish Street, Marylebone",51.519167,-0.147983,6659.9
"Ilchester Gardens, Bayswater",51.51244,-0.19096,2868.3
"Mudchute DLR, Cubitt Town",51.490645,-0.014582,1363.7
"Monument Street, Monument",51.50964,-0.08497,4834.2
"Hoxton Street, Hoxton",51.52959,-0.0801,2202.9
"Drayton Gardens, West Chelsea",51.487196,-0.179369,8259.6
"Greenberry Street, St.John's Wood",51.53256,-0.16862,1090.1
"Bishop's Bridge Road East, Bayswater",51.5171,-0.18377,2021.6
"Northdown Street, King's Cross",51.531066,-0.11934,1653.7
"Kingsway Southbound, Strand",51.513875,-0.117774,1191.4
"Hammersmith Road, Hammersmith",51.493267,-0.21985,4572.6
"Parson's Green , Parson's Green",51.472817,-0.199783,5853.4
"Fulham Park Road, Fulham",51.473471,-0.20782,3261.9
"Southerton Road, Hammersmith",51.494499,-0.228188,3507.7
"Manbre Road, Hammersmith",51.485743,-0.223616,2783.8
"South Lambeth Road, Vauxhall",51.481747,-0.124642,7877.6
"BBC White City, White City",51.514767,-0.225787,4297.3
"Union Grove, Wandsworth Road",51.472993,-0.133972,5149.9
"Caldwell Street, Stockwell",51.477839,-0.116493,4419.6
"St Martins Close, Camden Town",51.538792,-0.138535,2190
"Seymour Place, Marylebone",51.520331,-0.163667,4151
"Addison Road, Holland Park",51.504199,-0.210941,1078.6
"Putney Bridge Station, Fulham",51.468814,-0.210279,3184.7
"Colet Gardens, Hammersmith",51.491093,-0.216493,647.6
"Sugden Road, Clapham",51.46512358,-0.157788279,4163.3
"Danvers Street, West Chelsea",51.48256792,-0.172078187,6166.8
"Princedale Road , Holland Park",51.50646524,-0.208486599,3841.5
"Wandsworth Rd, Isley Court, Wandsworth Road",51.46925984,-0.141812513,5177.3
"Woodstock Grove, Shepherd's Bush",51.50403821,-0.217400093,6460.6
"London Fields, Hackney Central",51.54119,-0.058826101,NA
"Finlay Street, Fulham",51.4768851,-0.215895601,4837.6
"Aintree Street, Fulham",51.48102131,-0.209973497,3891.5
"Elysium Place, Fulham",51.47107905,-0.207842908,2517.3
"Eel Brook Common, Walham Green",51.47625965,-0.193254007,4842.3
"Irene Road, Parsons Green",51.4737636,-0.197010096,3567.1
"Surrey Lane, Battersea",51.47518024,-0.167160736,4372.8
"Wandsworth Town Station, Wandsworth",51.46086446,-0.187427294,5030
"Lansdowne Road, Ladbroke Grove",51.50748124,-0.205535908,3397
"Nantes Close, Wandsworth",51.46193072,-0.180791784,1973.4
"Courland Grove, Wandsworth Road",51.4729184,-0.132102704,3250.5
"Queen's Circus, Battersea Park",51.47761941,-0.149551631,11431.1
"Normand Park, West Kensington",51.48438657,-0.20481514,5050.6
"Holden Street, Battersea",51.4687905,-0.158230901,2155.8
"William Morris Way, Sands End",51.46881971,-0.184318843,5480.5
"Morie Street, Wandsworth",51.45995384,-0.190184054,1098.8
"Clarence Walk, Stockwell",51.47073264,-0.126994068,2904.6
"Battersea Park Road, Nine Elms",51.4795017,-0.141770709,5193.5
"Sheepcote Lane, Battersea",51.47053858,-0.163041605,2306.1
"Vereker Road, West Kensington",51.48959104,-0.209378594,4654.2
"Brook Green South, Brook Green",51.49434708,-0.215804559,2954.6
"Greyhound Road, Hammersmith",51.48606206,-0.214428378,3989.8
"South Park, Sands End",51.46706414,-0.193502076,3475.3
"Spencer Park, Wandsworth Common",51.45787019,-0.174691623,2810.6
"Falcon Road, Clapham Junction",51.46663393,-0.169821175,6666.5
"Coomer Place, West Kensington",51.48357068,-0.202038682,5855.9
"Silverthorne Road, Battersea",51.47286577,-0.148059277,4828.7
"Archbishop's Park, Waterloo",51.49824168,-0.117495865,5274.9
"Fawcett Close, Battersea",51.46916161,-0.174485792,1916.9
"All Saints' Road, Portobello",51.5190427,-0.204764421,2643
"Rainville Road, Hammersmith",51.48373225,-0.223852256,3982.1
"Great Suffolk Street, The Borough",51.50173215,-0.100292412,1537.6
"Buckingham Gate, Westminster",51.49886563,-0.137424571,4588
"Richmond Way, Shepherd's Bush",51.50035306,-0.217515071,3819.5
"Peterborough Road, Sands End",51.46904022,-0.19627483,2801.8
"World's End Place, West Chelsea",51.48180515,-0.18027465,5886.9
"St. Mark's Road, North Kensington",51.51687069,-0.213872396,3894.6
"Thorndike Close, West Chelsea",51.48089844,-0.183853573,4207.3
"Evesham Street, Avondale",51.51148696,-0.218190203,1540
"Simpson Street, Clapham Junction",51.47084722,-0.17070367,4690.9
"Ashmole Estate, Oval",51.48267821,-0.117661574,3256.9
"Crabtree Lane, Fulham",51.48294452,-0.219346128,2401
"Broomhouse Lane, Parsons Green",51.46841875,-0.199135704,1752.7
"Blythe Road West, Shepherd's Bush",51.4996806,-0.221791552,3144.7
"Ethelburga Estate, Battersea Park",51.47729232,-0.16478637,9334.6
"Blackfriars Station, St. Paul's",51.511934,-0.10307894,3920.8
"West Kensington Station, West Kensington",51.49087074,-0.206029743,4656.8
"All Saints Church, Portobello",51.51632095,-0.202608612,5862.8
"Phene Street, Chelsea",51.48498496,-0.167919869,4241.3
"Clarendon Road, Avondale",51.51323001,-0.211593602,2336.8
"Austin Road, Battersea Park",51.474376,-0.155442787,4540.5
"Smugglers Way, Wandsworth",51.46108367,-0.191722864,2445.4
"Shepherd's Bush Road North, Shepherd's Bush",51.5015946,-0.222293381,4209.3
"Ravenscourt Park Station, Hammersmith",51.49422354,-0.236769936,6363.9
"Teversham Lane, Stockwell",51.47614939,-0.1232585,3178.8
"Ashley Crescent, Battersea",51.46718562,-0.152248582,5576.4
"Parsons Green Station, Parsons Green",51.475089,-0.201968,5804.3
"Hibbert Street, Battersea",51.46517078,-0.18038939,5674.6
"Carnegie Street, King's Cross",51.53546778,-0.11619105,3446.1
"Usk Road, Clapham Junction",51.46348914,-0.182126248,3563.9
"Hartington Road, Stockwell",51.47787084,-0.126874471,5092.8
"Heath Road, Battersea",51.46866929,-0.146544642,2181.6
"Esmond Street, Putney",51.46231278,-0.211468596,1392
"Orbel Street, Battersea",51.47453545,-0.170210533,2710.6
"Westbridge Road, Battersea",51.47768469,-0.170329317,6045.1
"Bishop's Avenue, Fulham",51.47303687,-0.214749808,5098.7
"Crisp Road, Hammersmith",51.48810829,-0.22660621,6618.3
"Dorothy Road, Clapham Junction",51.46506424,-0.163750945,4560.3
"Neville Gill Close, Wandsworth",51.45475251,-0.195197203,4874.6
"Osiers Road, Wandsworth",51.46067005,-0.198735357,3673
"Beryl Road, Hammersmith",51.48814438,-0.222456468,3943.7
"Northfields, Wandsworth",51.46095151,-0.20066766,2298.6
"Spanish Road, Clapham Junction",51.45922541,-0.180884959,1771
"Stanley Grove, Battersea",51.47047503,-0.152130083,2572.7
"Erin Close, Walham Green",51.47946386,-0.195777222,6479.1
"Cadogan Close, Victoria Park",51.54211855,-0.028941601,7384.9
"Felsham Road, Putney",51.464786,-0.215618902,2719.6
"Putney Rail Station, Putney",51.46071722,-0.216526155,3401.9
"Islington Green, Angel",51.53638435,-0.102757578,9511.9
"Charing Cross Hospital, Hammersmith",51.48728535,-0.217995921,3581.5
"Charlotte Terrace, Angel",51.53639219,-0.112721065,2785.8
"Shoreditch Court, Haggerston",51.53908372,-0.070329419,3317.9
"Belford House, Haggerston",51.5366541,-0.07023031,2774.6
"Battersea Church Road, Battersea",51.47696496,-0.174347066,4523.3
"Vicarage Crescent, Battersea",51.47287627,-0.176267008,5818.1
"Durant Street, Bethnal Green",51.52868155,-0.065550321,4363
"St. Bride Street, Holborn",51.51505991,-0.10534448,3892.3
"Mexfield Road, East Putney",51.45682071,-0.202802098,2050.1
"Upper Richmond Road, Putney",51.45971528,-0.212145939,2953.8
"Snowsfields, London Bridge",51.50215353,-0.083632928,3488.4
"Barons Court Station, West Kensington",51.49021762,-0.215087092,3388.8
"Disraeli Road, Putney",51.46161068,-0.21614583,2884.8
"Montserrat Road , Putney",51.46321128,-0.215550761,3339
"Albert Bridge Road, Battersea Park",51.47439218,-0.163347594,5102.9
"Everington Street, Fulham",51.48335692,-0.216305546,3577.7
"Mile End Stadium, Mile End",51.51854104,-0.034903714,5581.1
"Hawley Crescent, Camden Town",51.54100708,-0.14326094,2227.6
"Stewart's Road, Wandsworth Road",51.47311696,-0.137235175,2381.6
"Aylward Street, Stepney",51.51563007,-0.049067243,3352.2
"Stainsby Road , Poplar",51.51542791,-0.02356501,3131.4
"Dunston Road , Haggerston",51.53658514,-0.075885686,6837.6
"Ada Street, Hackney Central",51.53571683,-0.060291813,4066.1
"Victoria Park Road, Hackney Central",51.53642464,-0.054162264,7188.3
"Star Road, West Kensington",51.48724429,-0.205279052,3891.2
"Wendon Street, Old Ford",51.53603947,-0.026262677,3219.3
"Finnis Street, Bethnal Green",51.52458353,-0.058631453,3682.4
"Stephendale Road, Sands End",51.46822047,-0.190346493,8397.1
"Alma Road, Wandsworth",51.45799126,-0.184806157,1798
"Walworth Square, Walworth",51.491327,-0.096518684,5887.4
"Alfreda Street, Battersea Park",51.47505096,-0.150908371,5627.8
"Chesilton Road, Fulham",51.47569809,-0.20587627,5061.5
"Putney Bridge Road, East Putney",51.46199911,-0.206240805,2740.7
"St. Peter's Terrace, Fulham",51.47893931,-0.208485293,5008.7
"Bridge Avenue, Hammersmith",51.49208492,-0.229116862,5265.1
"Duke Street Hill, London Bridge",51.50630441,-0.087262995,6975.6
"Park Lane, Mayfair",51.50542628,-0.150817316,1417.7
"Plough Terrace, Clapham Junction",51.46230566,-0.175407201,2699.8
"Grant Road East, Clapham Junction",51.46489445,-0.17302926,2460.4
"Queensdale Road, Shepherd's Bush",51.50659035,-0.216104479,2169
"Fulham Broadway, Walham Green",51.47993289,-0.19411695,9334.4
"Imperial Road, Sands End",51.47514228,-0.187278987,3043.3
"Sirdar Road, Avondale",51.51092871,-0.214594781,1791.7
"Freston Road, Avondale",51.5129814,-0.219486603,1543.3
"Blenheim Crescent, Ladbroke Grove",51.51510818,-0.208565479,4638.5
"Oxford Road, Putney",51.46079243,-0.212607684,1666.3
"Ingrave Street, Clapham Junction",51.46745485,-0.172293499,2969.7
"Upcerne Road, West Chelsea",51.47816972,-0.18243547,2483
"Lots Road, West Chelsea",51.4795738,-0.17903854,4420.5
"Ormonde Gate, Chelsea",51.48796408,-0.161765173,3363
"Hertford Road, De Beauvoir Town",51.53727795,-0.079201849,4757.7
"Haggerston Road, Haggerston",51.53932857,-0.074284675,7267.4
"Culvert Road, Battersea",51.4710956,-0.157850096,2475.3
"Newton Street, Covent Garden",51.51612862,-0.120909408,1596.4
"Grenfell Road, Avondale",51.5129006,-0.214762686,1191.8
"The Vale, Chelsea",51.48512191,-0.174971902,5603
"Prince of Wales Drive, Battersea Park",51.47515398,-0.159169801,7129.7
"Harcourt Terrace, West Brompton",51.48795853,-0.187404506,6092.9
"Westbourne Park Road, Portobello",51.51787005,-0.201005397,4857.3
"Broadley Terrace, Marylebone",51.52456169,-0.165668686,1844.7
"Humbolt Road, Fulham",51.48321729,-0.211860644,3821.4
"Storey's Gate, Westminster",51.50070305,-0.129698963,10666.6
"Mile End Park Leisure Centre, Mile End",51.52059714,-0.032566533,5020.8
"St. John's Road, Clapham Junction",51.46239255,-0.16829214,6544.4
"Ranelagh Gardens, Fulham",51.46760141,-0.20682737,2697.8
"Ram Street, Wandsworth",51.45752945,-0.192165613,6066.5
"Santos Road, Wandsworth",51.45705988,-0.200806304,1149
"Clapham Common North Side, Clapham Common",51.46134382,-0.159322467,7418.4
"Sandilands Road, Walham Green",51.473611,-0.191803,5471
"Gwendwr Road, West Kensington",51.491026,-0.209121,4217.9
"Rifle Place, Avondale",51.509224,-0.216016,1664.9
"Binfield Road, Stockwell",51.47250956,-0.122831913,7886.8
"Tallis Street, Temple",51.511891,-0.107349,5424.4
"Hurlingham Park, Parsons Green",51.470131,-0.20464,2538.9
"Little Brook Green, Brook Green",51.496664,-0.223868,4471.1
"Abyssinia Close, Clapham Junction",51.460333,-0.167029,4471.5
"Limburg Road, Clapham Junction",51.4619230679,-0.165297856693,2074.1
"Houndsditch, Aldgate",51.514449,-0.077178979,4974.9
"Imperial Wharf Station, Sands End",51.474665,-0.18316517,7845.1
"Victoria & Albert Museum, South Kensington",51.495898,-0.173009,1797.4
"Halford Road, West Kensington",51.483911,-0.19760944,6411.9
"Monier Road, Hackney Wick",51.5403115,-0.021630359,3450.6
"East Village, Queen Elizabeth Olympic Park",51.546326,-0.00993526,3861.4
"Aquatic Centre, Queen Elizabeth Olympic Park",51.54094,-0.010510565,6053.4
"Lee Valley VeloPark, Queen Elizabeth Olympic Park",51.549369,-0.015717614,3877.8
"Timber Lodge, Queen Elizabeth Olympic Park",51.546805,-0.01469126,3720.9
"Podium, Queen Elizabeth Olympic Park",51.538718,-0.011889482,5573.9
"Stratford Station, Stratford",51.541793,-0.00481,4145.1
"Blackfriars Road, Southwark",51.505461,-0.10454093,3563.3
"Cromer Street, Bloomsbury",51.528279,-0.11955857,3522.1
"Victoria Rise, Clapham Common",51.461376,-0.14780467,NA
"Euston Square Gardens, Euston",51.527068,-0.13186102,1636.4
"Coram Street, Bloomsbury",51.524,-0.12640984,2909.4
"Ossulston Street, Somers Town",51.5293,-0.12827903,1669.5
"Birkenhead Street, King's Cross",51.5301998755,-0.122299440803,3812
"Kings Gate House, Westminster",51.4976984561,-0.137598896295,1798.8
"Sopwith Way, Battersea Park",51.4811219398,-0.149035374873,1749.9
"Lavington Street, Bankside",51.5052241745,-0.0980318118664,4141.4
"Albert Square, Stockwell",51.4765900593,-0.118256789081,6868.6
"Southwark Street, Bankside",51.5054099403,-0.0983410884509,3270.6
"Good's Way, King's Cross",51.5346677396,-0.125078652873,4417.6
"The Metropolitan, Portobello",51.520509,-0.20080483,NA
"Handyside Street, King's Cross",51.5372405623,-0.124807385707,4025.6
"Bevington Road West, North Kensington",51.5212,-0.208888173,7354.2
"Gauden Road, Clapham",51.464995,-0.13090885,NA
"Lincoln's Inn Fields, Holborn",51.5162778834,-0.118272991635,2146.6
"Tate Modern, Bankside",51.5067252868,-0.0988072461627,3038.6
"Westferry Circus, Canary Wharf",51.5057030357,-0.0277727426235,7264.2
"Here East North, Queen Elizabeth Olympic Park",51.5487311915,-0.0226065549321,2125.8
"New Spring Gardens Walk, Vauxhall",51.4878074485,-0.122759625866,4675.8
"Clapham Road, Lingham Street, Stockwell",51.4714330677,-0.123670735702,5314.5
"Lambeth Palace Road, Waterloo",51.5000891978,-0.116628700672,10035.3
"Here East South, Queen Elizabeth Olympic Park",51.5465327935,-0.0205975904647,1320.7
"Riverlight South, Nine Elms",51.4813354746,-0.138212295869,7376.3
"Westminster Pier, Westminster",51.501513,-0.12382322,12912.9
"Belvedere Road 2, South Bank",51.50621,-0.114842,2225.3
"Victory Place, Walworth",51.492807,-0.091938,3327
"Battersea Power Station, Battersea Park",51.4835074867,-0.147714557371,10707.8
"Allington Street, Victoria",51.496863,-0.1429434,6233.1
"Cranmer Road, Stockwell",51.479601,-0.11147178,6989.1
"Normandy Road, Stockwell",51.473874,-0.11258096,3870.9
"Wynne Road, Stockwell",51.469217,-0.11268674,3181.4
"Sidney Road, Stockwell",51.469202,-0.11902256,3753.3
"St John's Crescent, Brixton",51.466232,-0.11317995,3782
"Ferndale Road, Brixton",51.464019,-0.11578197,7030.5
"Saltoun Road, Brixton",51.460232,-0.11537509,9676.2
"Gas Holders, Battersea Park",51.477966,-0.14785703,7426.2
"Farringdon Street, Holborn",51.516785,-0.10494775,2477.8
"York Way, Kings Cross",51.541596,-0.12544145,3270.9
"Fore Street Avenue, Guildhall",51.518093,-0.0914017,1336.8
"Sea Containers, South Bank",51.508033,-0.10682363,4622.3
"George Row, Bermondsey",51.498585,-0.068981764,NA
"Tower Wharf, Bermondsey",51.500845,-0.074704305,NA
"Temple Gardens, Temple",51.510981,-0.10832249,NA
"Canada Water Station, Rotherhithe",51.498439,-0.049150215,NA
"Bermondsey Station, Bermondsey",51.497995,-0.063471392,NA
