"name","lat","long","k"
"River Street , Clerkenwell",51.52916347,-0.109970527,2508.3
"Phillimore Gardens, Kensington",51.49960695,-0.197574246,5635.8
"Christopher Street, Liverpool Street",51.52128377,-0.084605692,4243
"St. Chad's Street, King's Cross",51.53005939,-0.120973687,2953.8
"Sedding Street, Sloane Square",51.49313,-0.156876,8103.9
"Broadcasting House, Marylebone",51.51811784,-0.144228881,5239.8
"Charlbert Street, St. John's Wood",51.53430039,-0.1680743,1853.3
"Maida Vale, Maida Vale",51.529857,-0.18348604,3336.2
"New Globe Walk, Bankside",51.5073853,-0.096440751,3958.5
"Park Street, Bankside",51.50597426,-0.092754157,2812.6
"Brunswick Square, Bloomsbury",51.52395143,-0.122502346,3916.3
"Malet Street, Bloomsbury",51.52168078,-0.130431727,6600.1
"Scala Street, Fitzrovia",51.51991453,-0.136039674,3519.9
"Belgrove Street , King's Cross",51.52994371,-0.123616824,10356.8
"Great Russell Street, Bloomsbury",51.51772703,-0.127854211,5328.5
"Cartwright Gardens , Bloomsbury",51.52635795,-0.125979294,4586.1
"Hatton Wall, Holborn",51.5216612,-0.109006325,5893.9
"Drury Lane, Covent Garden",51.51477076,-0.12221963,6672.6
"Taviton Street, Bloomsbury",51.52505093,-0.131161087,5512.9
"Drummond Street , Euston",51.527326,-0.13605286,2260.9
"Northington Street , Holborn",51.5222641,-0.114079481,4277.7
"Red Lion Square, Holborn",51.51943538,-0.119123345,3540.3
"British Museum, Bloomsbury",51.51908011,-0.124678402,6514.2
"Doric Way , Somers Town",51.5288338,-0.132250369,5194.5
"Ampton Street , Clerkenwell",51.52728093,-0.11829517,3296.1
"Bouverie Street, Temple",51.51382102,-0.107927706,6307.2
"Bolsover Street, Fitzrovia",51.52351808,-0.143613641,4813.7
"Hereford Road, Bayswater",51.513735,-0.193487,3864.9
"Windsor Terrace, Hoxton",51.52915444,-0.093421615,4680.9
"Fanshaw Street, Hoxton",51.52953709,-0.083353323,3796.3
"Leonard Circus , Shoreditch",51.52469624,-0.084439283,8082.9
"Central House, Aldgate",51.515231,-0.07015,5958.6
"Pancras Road, King's Cross",51.5341235,-0.129386874,2575
"De Vere Gardens, Kensington",51.50173726,-0.184980612,5022
"Penywern Road, Earl's Court",51.49159394,-0.192369256,5209.6
"Abingdon Villas, Kensington",51.4973875,-0.197245586,3782.3
"Shoreditch High Street, Shoreditch",51.5263778,-0.078130921,8175.1
"Commercial Street, Shoreditch",51.52127071,-0.0755789,5181.5
"Pindar Street, Liverpool Street",51.520955,-0.083493552,5145.2
"Wenlock Road , Hoxton",51.53099181,-0.093903825,4525.2
"Crawford Street, Marylebone",51.52026,-0.157183945,5056.9
"Bruton Street, Mayfair",51.51073687,-0.144165239,5091
"Boston Place, Marylebone",51.522511,-0.162298,6794.4
"Nesham Street, Wapping",51.507131,-0.06691,5966.3
"Warwick Avenue Station, Maida Vale",51.52334476,-0.183846408,5027.1
"Godliman Street, St. Paul's",51.51248445,-0.099141408,6815.7
"Curzon Street, Mayfair",51.50706909,-0.145904427,24.5
"East Road, Hoxton",51.52867339,-0.087459376,3890.1
"Finsbury Library , Finsbury",51.52671796,-0.104298194,4014
"Roscoe Street, St. Luke's",51.52295439,-0.094934859,4908.7
"Grafton Street, Mayfair",51.5099923,-0.143495266,4311.4
"Golden Lane, Barbican",51.52174785,-0.094475072,4824.6
"Finsbury Circus, Liverpool Street",51.51707521,-0.086685542,9653.5
"Paddington Street, Marylebone",51.52058381,-0.154701411,4231
"Guilford Street , Bloomsbury",51.52334672,-0.120202614,5538.3
"New Inn Yard, Shoreditch",51.52452699,-0.079248081,6633.8
"Lisson Grove, St. John's Wood",51.52644828,-0.172190727,2315.6
"Great Dover Street, The Borough",51.49738251,-0.089446947,3498
"Cotton Garden Estate, Kennington",51.4907579,-0.106323685,2873.7
"Murray Grove , Hoxton",51.53089041,-0.089782579,2297.1
"William IV Street, Strand",51.50946212,-0.124749274,9053.7
"Holborn Circus, Holborn",51.51795029,-0.108657431,12584.8
"Hatton Garden, Holborn",51.51882555,-0.108028472,6861.9
"Theobald's Road , Holborn",51.52059681,-0.116688468,5389.1
"Euston Road, Euston",51.5262363,-0.134407652,5747.3
"Calshot Street , King's Cross",51.53136059,-0.117069978,2402.8
"Newgate Street , St. Paul's",51.5154186,-0.098850915,9999.8
"Farringdon Lane, Clerkenwell",51.52352001,-0.108340165,4719.5
"Old Street Station, St. Luke's",51.52548,-0.089659871,9000
"Vauxhall Cross, Vauxhall",51.48591714,-0.124469948,9254.7
"Torrens Street, Angel",51.53219984,-0.105480698,5124.3
"Longford Street, The Regent's Park",51.52559505,-0.144083893,2507
"Russell Square Station, Bloomsbury",51.52341837,-0.124121774,5388.9
"Sadlers Sports Centre, Finsbury",51.52486887,-0.099489485,6021.8
"Arundel Street, Temple",51.511726,-0.11385596,3959.2
"Webber Street , Southwark",51.50069361,-0.102091246,3882
"Great Titchfield Street, Fitzrovia",51.52025302,-0.141327271,4639.4
"Chancery Lane, Holborn",51.514274,-0.111257,3771.4
"Panton Street, West End",51.50963938,-0.131510949,8263.1
"Breams Buildings, Holborn",51.51593725,-0.111778348,4576.5
"Tanner Street, Bermondsey",51.50064702,-0.078600401,6792.3
"Sancroft Street, Vauxhall",51.48947903,-0.115156562,2790.6
"Devonshire Square, Liverpool Street",51.51646835,-0.079684557,6551.9
"Bayley Street , Bloomsbury",51.51858757,-0.132053392,7211
"Tavistock Place, Bloomsbury",51.5262503,-0.123509611,4881.6
"Harrington Square 1, Camden Town",51.53301907,-0.139174593,1583
"Walnut Tree Walk, Vauxhall",51.49368637,-0.111014912,4250.2
"Borough Road, Elephant & Castle",51.49889832,-0.100440521,4569.6
"Cloudesley Road, Angel",51.53440868,-0.109025404,4209.2
"Bricklayers Arms, Borough",51.49506109,-0.085814489,4802.7
"Aldersgate Street, Barbican",51.5208417,-0.097340162,7467.4
"Falkirk Street, Hoxton",51.53095071,-0.078505384,3211.7
"Gloucester Road (North), Kensington",51.49792478,-0.183834706,5024.3
"Hampstead Road, Euston",51.52554222,-0.138231303,5441.1
"Old Quebec Street, Marylebone",51.51457763,-0.158264483,9366.3
"Albert Embankment, Vauxhall",51.49043573,-0.122806861,5731.1
"Queen Street 1, Bank",51.51155322,-0.0929401,12186.6
"Jewry Street, Aldgate",51.51340693,-0.076793375,6574.2
"Vicarage Gate, Kensington",51.50472376,-0.192538767,2872.5
"Crosswall, Tower",51.51159481,-0.077121322,13387.4
"Westbourne Grove, Bayswater",51.51552971,-0.190240716,4307.3
"Woodstock Street, Mayfair",51.51410514,-0.147301667,3860
"Finsbury Leisure Centre, St. Luke's",51.52600832,-0.096317627,7539.4
"Abbey Orchard Street, Westminster",51.49812559,-0.132102166,8418.5
"Soho Square , Soho",51.51563144,-0.132328837,13729.2
"Wellington Road, St. John's Wood",51.53304322,-0.172528678,3211.3
"Park Lane , Hyde Park",51.5100172,-0.157275636,6884.5
"Stonecutter Street, Holborn",51.51580998,-0.105270275,2155.1
"Gloucester Road (Central), South Kensington",51.49646288,-0.183289032,5042
"Park Road (Baker Street), The Regent's Park",51.52451738,-0.158963647,4800.5
"Braham Street, Aldgate",51.51423368,-0.073537654,7828.2
"Little Argyll Street, West End",51.51449962,-0.141423695,10457.2
"Lollard Street, Vauxhall",51.49288067,-0.114934001,4109.4
"Rochester Row, Westminster",51.49582705,-0.13547809,4479.9
"Bath Street, St. Luke's",51.52589324,-0.090847761,7346.4
"The Guildhall, Guildhall",51.51573534,-0.093080779,5184.9
"Baker Street, Marylebone",51.51891348,-0.156166631,6296.9
"Norton Folgate, Liverpool Street",51.52111369,-0.078869751,7075.5
"St. John Street, Finsbury",51.52836014,-0.104724625,3458.3
"Eaton Square, Belgravia",51.49654462,-0.150905245,5106.6
"Borough High Street, The Borough",51.50069491,-0.094524319,5594.8
"Museum of London, Barbican",51.51782144,-0.096496865,8569.4
"Wood Street, Guildhall",51.51700801,-0.09388536,5681.9
"Emperor's Gate, South Kensington",51.49536226,-0.185296516,4823.6
"Golden Square, Soho",51.5118973,-0.137043852,7773.8
"Tower Gardens , Tower",51.50950627,-0.075459482,8304.6
"Eversholt Street , Camden Town",51.53300545,-0.136792671,2717.3
"Bethnal Green Road, Shoreditch",51.52364804,-0.074754872,12070.3
"Derry Street, Kensington",51.50136494,-0.191462381,10851.5
"Wapping High Street, Wapping",51.504904,-0.06797,3671.9
"Clerkenwell Green, Clerkenwell",51.52326004,-0.104708922,9691
"Queen Victoria Street, St. Paul's",51.51196176,-0.097441687,8338.2
"Green Street, Mayfair",51.51227622,-0.157436972,6732.9
"Lambeth Road, Vauxhall",51.49488108,-0.117974901,3594.6
"Finsbury Square , Moorgate",51.52096262,-0.085634242,8016.9
"Chapel Place, Marylebone",51.51530805,-0.147203711,7575
"West Cromwell Road, Earl's Court",51.49372451,-0.198286569,3687.6
"Pont Street, Knightsbridge",51.4968865,-0.161203828,6456.8
"Kennington Cross, Kennington",51.48894022,-0.111435796,7547.4
"Ilchester Place, Kensington",51.50074359,-0.202759212,2177.7
"Vauxhall Bridge , Pimlico",51.48836528,-0.129361842,5075.9
"Tachbrook Street, Victoria",51.49211134,-0.138364847,5619.5
"Kennington Road Post Office, Oval",51.48478899,-0.110683213,4930.6
"Holy Trinity Brompton, Knightsbridge",51.49705603,-0.168917077,6397.7
"Chepstow Villas, Notting Hill",51.51213691,-0.201554966,4364.4
"Hampton Street, Walworth",51.49217002,-0.101536865,5812.6
"Bayswater Road, Hyde Park",51.511933,-0.174411,9873.6
"Waterloo Station 3, Waterloo",51.50379168,-0.11282408,12115.9
"Lexham Gardens, Kensington",51.49586666,-0.191933711,4948.5
"New Kent Road, The Borough",51.49443626,-0.092921165,3951.2
"Wright's Lane, Kensington",51.50039792,-0.193068385,8787.4
"Trebovir Road, Earl's Court",51.49085368,-0.196170309,5188.9
"Waterloo Place, St. James's",51.50663341,-0.131773845,9251.6
"Guildhouse Street, Victoria",51.49234577,-0.141334487,5224.6
"Southampton Place, Holborn",51.51760685,-0.121328408,7336.2
"Sloane Avenue, Knightsbridge",51.4931848,-0.167894973,9093.6
"Cleveland Gardens, Bayswater",51.515607,-0.183118788,3450.1
"Orsett Terrace, Bayswater",51.517932,-0.183716959,2457.5
"Seville Street, Knightsbridge",51.50185512,-0.159237081,7329.1
"Eccleston Place, Victoria",51.49395092,-0.147624377,11938.3
"Argyll Road, Kensington",51.50040123,-0.195455928,5093.1
"Porchester Place, Paddington",51.51474612,-0.165164288,8297.1
"Hardwick Street, Clerkenwell",51.52784273,-0.108068155,3810.4
"Collingham Gardens, Earl's Court",51.4916156,-0.186753859,5046.8
"Sumner Place, South Kensington",51.49121192,-0.173715911,6479.8
"Waterloo Road, South Bank",51.50486,-0.113001,5958.5
"Worship Street, Shoreditch",51.521668,-0.079608554,7376.6
"Gloucester Terrace, Bayswater",51.51791921,-0.188098863,5021.7
"Ashley Place, Victoria",51.49616092,-0.140947636,11527.2
"Warwick Square, Pimlico",51.48985626,-0.141923621,5087.8
"North Audley Street, Mayfair",51.5129118,-0.153645496,6835.5
"Belgrave Square, Belgravia",51.49941247,-0.152317537,5366.8
"Bell Street , Marylebone",51.52202903,-0.165842551,6672.4
"Riverlight North, Nine Elms",51.482362,-0.13612398,7437.4
"Portland Place, Marylebone",51.52071513,-0.14521173,7401.1
"Alderney Street, Pimlico",51.48805753,-0.140741432,6240.9
"South Wharf Road, Paddington",51.51733558,-0.175810943,10811.1
"Queen's Gate (South), South Kensington",51.49247977,-0.178433004,8016.6
"Nutford Place, Marylebone",51.5165179,-0.164393768,4203.6
"Claremont Square, Angel",51.53166681,-0.109914711,4587.3
"Rampayne Street, Pimlico",51.48997562,-0.132845681,8514
"Hyde Park Corner, Hyde Park",51.50311799,-0.153520935,14233.6
"Wardour Street, Soho",51.51251523,-0.133201961,11475.1
"Bankside Mix, Bankside",51.50581776,-0.100186337,11241.9
"Hop Exchange, The Borough",51.50462759,-0.091773776,16689.2
"Milroy Walk, South Bank",51.50724437,-0.106237501,8626
"Union Street, The Borough",51.50368837,-0.098497684,6696.6
"Stamford Street, South Bank",51.50556905,-0.111606696,7097.6
"Great Tower Street, Monument",51.51048489,-0.082989638,14433.4
"LMU Commercial Road, Whitechapel",51.51492456,-0.066078037,5971.3
"Dorset Square, Marylebone",51.5225965,-0.161113413,7643.3
"Leman Street, Aldgate",51.51236389,-0.06954201,10555.6
"West Smithfield Rotunda, Farringdon",51.51821864,-0.100791005,9582.5
"Margery Street, Clerkenwell",51.52659961,-0.112432615,4904.4
"New Road 1 , Whitechapel",51.518154,-0.062697,8263.5
"Grosvenor Crescent, Belgravia",51.50135267,-0.153194766,4333.6
"Mallory Street, Marylebone",51.52505151,-0.166304359,1913.3
"Denyer Street, Knightsbridge",51.49358391,-0.165101392,5852.1
"Hinde Street, Marylebone",51.51681444,-0.151926305,9119.1
"Cadogan Place, Knightsbridge",51.49464523,-0.158105512,6950.1
"Wellington Arch, Hyde Park",51.50274025,-0.149569201,12079.1
"Endsleigh Gardens, Euston",51.52683806,-0.130504336,9561.3
"Moorfields, Moorgate",51.51906932,-0.088285377,11695.5
"Old Brompton Road, South Kensington",51.49094565,-0.181190899,8067.6
"Wormwood Street, Liverpool Street",51.51615461,-0.082422399,17243.5
"St. Luke's Church, Chelsea",51.48971651,-0.170194408,8351.6
"Bramham Gardens, Earl's Court",51.49016361,-0.19039362,7106.4
"Chelsea Green, Chelsea",51.49066456,-0.166485083,6750.4
"Horseferry Road, Westminster",51.49481649,-0.13045856,8135.6
"Knightsbridge, Hyde Park",51.50275704,-0.155349725,4507.7
"Rodney Road , Walworth",51.49148474,-0.090220911,5455.6
"Queensway, Kensington Gardens",51.51031,-0.18740235,NA
"Notting Hill Gate Station, Notting Hill",51.50935342,-0.196422,8391.8
"Charles II Street, West End",51.50844614,-0.131961389,9458.9
"Great Percy Street, Clerkenwell",51.52891573,-0.115480888,5590.1
"St. James's Square, St. James's",51.50742485,-0.134621209,14821.9
"Whitehall Place, Strand",51.50654321,-0.123179697,13842.3
"Poured Lines, Bankside",51.50669284,-0.103137426,6621.7
"Queen's Gate (Central), South Kensington",51.49396755,-0.17873226,8984.9
"Carey Street, Holborn",51.51501025,-0.112753217,3940.8
"Pall Mall East, West End",51.50777049,-0.130699733,11035.6
"Liverpool Road (N1 Centre), Angel",51.53450449,-0.106992706,7497.6
"Kennington Road  , Vauxhall",51.49571828,-0.110889274,7157.7
"Fashion Street, Whitechapel",51.51838043,-0.073438925,6285.1
"Dock Street, Wapping",51.5097860151,-0.0681619805156,6287.7
"Frampton Street, Paddington",51.5233534,-0.175116099,3184.3
"Warren Street Station, Euston",51.52443845,-0.138019439,9100.8
"Colombo Street, Southwark",51.50545935,-0.10569204,3161.2
"Beaumont Street, Marylebone",51.52200801,-0.151359288,6436.6
"Gloucester Street, Pimlico",51.49096258,-0.139625122,7935.1
"Earnshaw Street , Covent Garden",51.51611887,-0.128585022,10039.4
"Grosvenor Road, Pimlico",51.4853572,-0.142207481,4688
"Berry Street, Clerkenwell",51.52285301,-0.099994052,12722.6
"St. John's Wood Church, The Regent's Park",51.530529,-0.167515,4207.2
"Triangle Car Park, Hyde Park",51.50645179,-0.170279555,8769.2
"Harper Road, The Borough",51.49859784,-0.096191134,4514.5
"Royal Avenue 1, Chelsea",51.489932,-0.162727,6036.6
"Brushfield Street, Liverpool Street",51.518908,-0.079249,18608.5
"Jubilee Gardens, South Bank",51.5046364,-0.116542278,9549.9
"Shoreditch Park, Hoxton",51.53404294,-0.086379717,7122.8
"Chadwell Street, Angel",51.53051587,-0.106408455,8684.6
"Clifton Road, Maida Vale",51.52557531,-0.179592915,5396.1
"Houghton Street, Strand",51.51362054,-0.116764211,4561
"Westminster University, Marylebone",51.52248185,-0.154907218,5000.9
"Kensington Gore, Knightsbridge",51.50143293,-0.178656971,5294.3
"Bourne Street, Belgravia",51.490959,-0.1532331,7959.4
"Broadwick Street, Soho",51.5136846,-0.135580879,8804.9
"Princes Square, Bayswater",51.5134891,-0.191351186,4484.2
"LSBU (Borough Road), Elephant & Castle",51.49874469,-0.103132904,5682.2
"St. Mary Axe, Aldgate",51.51422502,-0.080660083,8366.7
"Tysoe Street, Clerkenwell",51.52644342,-0.109256828,10810.5
"Southwick Street, Paddington",51.51595344,-0.169249375,7980.7
"Queen's Gate (North), Kensington",51.50102668,-0.180246101,8541.7
"Regency Street, Westminster",51.49206037,-0.132224622,6150
"Belgrave Road, Victoria",51.49320445,-0.144132875,11167.8
"Empire Square, The Borough",51.50082346,-0.089740764,6259.1
"Kennington Lane Rail Bridge, Vauxhall",51.4863434,-0.122492418,13147.2
"London Zoo,  The Regent's Park",51.53583617,-0.156285395,3463.7
"Baylis Road, Waterloo",51.50144456,-0.110699309,13775.1
"Belvedere Road 1, South Bank",51.50613324,-0.114686385,10927.2
"Warwick Road, Olympia",51.49671237,-0.20528437,6601.9
"Barbican Centre, Barbican",51.52004497,-0.092176447,6623
"Lower Thames Street, Monument",51.50930161,-0.084985356,5960.5
"Kensington Church Street, Kensington",51.50315739,-0.191496313,7897.5
"Tooley Street, Bermondsey",51.5034938,-0.07962099,13642.8
"North Wharf Road, Paddington",51.51862243,-0.176645823,7466.5
"Royal Avenue 2, Chelsea",51.490083,-0.162418,9751
"Smith Square, Westminster",51.49580589,-0.127575233,9815.2
"Royal London Hospital, Whitechapel",51.518675,-0.06111,9922.1
"Kingsway, Covent Garden",51.51440928,-0.118478757,3841.7
"Lambeth North Station, Waterloo",51.49914063,-0.112031483,6313.5
"St. John's Wood Road, St. John's Wood",51.5272947,-0.174653609,3150.7
"Bedford Way, Bloomsbury",51.52367314,-0.128377673,7249.4
"Elizabeth Bridge, Victoria",51.49236962,-0.147478734,13122.2
"South Audley Street, Mayfair",51.50923022,-0.151296092,6133
"St Mary's Hospital, Paddington",51.518268,-0.17110323,NA
"Claverton Street, Pimlico",51.48483991,-0.138089062,7564
"Montpelier Street, Knightsbridge",51.49888404,-0.165471605,9596.1
"Kensington Olympia Station, Olympia",51.49815779,-0.209494128,4507.2
"St. George's Square, Pimlico",51.488226,-0.135635511,8981.4
"Swan Street, The Borough",51.50029631,-0.092762704,6761.2
"Knaresborough Place, Earl's Court",51.49363156,-0.190603326,6371.2
"Geraldine Street, Elephant & Castle",51.49612799,-0.106000855,2746.4
"Curlew Street, Shad Thames",51.50227992,-0.074189225,10638.7
"Vincent Square, Westminster",51.49398524,-0.136928582,4797
"Serpentine Car Park, Hyde Park",51.505014,-0.17306032,10807.3
"Marylebone Lane, Marylebone",51.51475963,-0.148105415,11838.8
"Putney Pier, Wandsworth",51.466907,-0.216573,7018.9
"Albert Gate, Hyde Park",51.50295379,-0.158456089,13819
"Rathbone Street, Fitzrovia",51.51816295,-0.135025698,6754
"Black Lion Gate, Kensington Gardens",51.50990837,-0.187842717,12862.4
"Long Lane , Bermondsey",51.49907558,-0.085666316,6696.1
"Embankment (Savoy), Strand",51.50963123,-0.119047563,6649.1
"Black Prince Road, Vauxhall",51.4908679,-0.116911864,7682.5
"Foley Street, Fitzrovia",51.51918144,-0.140485596,8550.9
"Grove End Road, St. John's Wood",51.53088935,-0.176770502,5443.7
"Wells Street, Fitzrovia",51.51734403,-0.138072691,10994.9
"Tyers Gate, Bermondsey",51.50088934,-0.083159352,7894.1
"The Tennis Courts, The Regent's Park",51.52536703,-0.153463612,4532.8
"Warwick Row, Westminster",51.497998,-0.14296064,NA
"Dickens Square, Borough",51.49679128,-0.093913472,2651.2
"Sackville Street, Mayfair",51.51004801,-0.138846453,10925.1
"Baldwin Street, St. Luke's",51.52702563,-0.088542771,9418.2
"Queen Mother Sports Centre, Victoria",51.49357351,-0.139956043,10697.6
"Bermondsey Street, Bermondsey",51.49785559,-0.081608045,8847.6
"Palissy Street, Shoreditch",51.526293,-0.073955,5409.8
"Clifton Street, Shoreditch",51.523196,-0.083067,6968.1
"Ontario Street, Elephant & Castle",51.49652013,-0.101384068,10138.8
"St. Martin's Street, West End",51.50908747,-0.129697889,7636.3
"Graham Street, Angel",51.53266186,-0.099981142,10928.4
"New North Road 1, Hoxton",51.53095,-0.085603,2677.2
"New North Road 2, Hoxton",51.53114,-0.086016,2866.6
"Prince Albert Road, The Regent's Park",51.53589283,-0.160854428,6358.7
"Eastbourne Mews, Paddington",51.51641749,-0.179135079,8868.2
"Bunhill Row, Moorgate",51.52085887,-0.089887855,11299.7
"Nevern Place, Earl's Court",51.49334336,-0.194757949,6025.8
"Palace Gardens Terrace, Notting Hill",51.50860544,-0.193764092,9028
"Concert Hall Approach 1, South Bank",51.505044,-0.115851,6787
"Tavistock Street, Covent Garden",51.51196803,-0.120718759,10295.3
"Concert Hall Approach 2, South Bank",51.504942,-0.115533,6913.2
"Pembridge Villas, Notting Hill",51.51108452,-0.197524944,6089.3
"Wellington Street , Strand",51.51175646,-0.119643424,13218.9
"Risinghill Street, Angel",51.5333196,-0.1117812,4403.7
"Bank of England Museum, Bank",51.51444134,-0.087587447,15266.4
"Craven Street, Strand",51.50810309,-0.12602103,21333.1
"London Zoo Car Park, The Regent's Park",51.53692216,-0.150181444,4043.8
"Goswell Road (City Uni), Finsbury",51.528246,-0.10102611,4253.3
"Flood Street, Chelsea",51.48802358,-0.166878535,13398.7
"Lower Marsh, Waterloo",51.50013942,-0.113936001,8853.3
"Grosvenor Square, Mayfair",51.51217033,-0.150481272,10469.8
"St. George Street, Mayfair",51.51196,-0.142783033,9359.5
"Queen's Gate, Kensington Gardens",51.5017154373867,-0.1798541843891,10586.9
"Macclesfield Rd, St Lukes",51.529423,-0.097122,8119.8
"Vauxhall Street, Vauxhall",51.486965,-0.116625,4886.3
"Greycoat Street , Westminster",51.49459148,-0.134234258,5463.4
"Northumberland Avenue, Strand",51.506767,-0.123702,13794.9
"Clapham Common Station, Clapham Common",51.461388,-0.13922146,NA
"South Kensington Station, South Kensington",51.494412,-0.173881,15779.8
"Howland Street, Fitzrovia",51.520994,-0.139016,10254
"High Holborn , Covent Garden",51.516226,-0.124826,NA
"Butler Place, Westminster",51.49782999,-0.135440826,7679.1
"Howick Place, Westminster",51.49675303,-0.138733562,13229.9
"Waterloo Station 2, Waterloo",51.50391973,-0.11342629,13377.7
"Royal College Street, Camden Town",51.536264,-0.133952,5548.1
"Lord's, St. John's Wood",51.5291212008901,-0.171185284853,2623.2
"Store Street, Bloomsbury",51.519572,-0.13214036,NA
"City Road, Angel",51.530344,-0.100168,6949.4
"Millennium Hotel, Mayfair",51.5109192966489,-0.1511263847351,7794.6
"Harrowby Street, Marylebone",51.5173721,-0.1642075,5818.3
"Harriet Street, Knightsbridge",51.50024195,-0.15934065,10731.9
"Paddington Green, Paddington",51.520205,-0.174593,2483.1
"King Edward Walk, Waterloo",51.49775,-0.10988,4795.4
"Sardinia Street, Holborn",51.515208,-0.117863,8870.3
"Prince Consort Road, Knightsbridge",51.49980661,-0.176415994,8174.1
"Waterloo Station 1, Waterloo",51.50402794,-0.11386436,20600.4
"Kensington Town Hall, Kensington",51.50194596,-0.194392952,6128.4
"Millbank Tower, Pimlico",51.49188409,-0.125674815,10689.9
"Waterloo Bridge, South Bank",51.50535447,-0.113656543,5894.4
"Natural History Museum, South Kensington",51.49559291,-0.179077626,11087
"Turquoise Island, Notting Hill",51.51431171,-0.200838199,9875.7
"Stanhope Gate, Mayfair",51.50686435,-0.150666888,6989.3
"Charlotte Street, Fitzrovia",51.51953043,-0.13577731,8615.8
"Farm Street, Mayfair",51.50935171,-0.14744969,6135.7
"Frith Street, Soho",51.51310333,-0.13121385,11302.9
"Marloes Road, Kensington",51.496481,-0.192404,5076.8
"Moor Street, Soho",51.51352755,-0.130110822,17638.4
"Fire Brigade Pier, Vauxhall",51.49369988,-0.121394101,9031.2
"Southampton Street, Strand",51.51070161,-0.121723604,14141.8
"Upper Grosvenor Street, Mayfair",51.51013066,-0.155757901,4554.4
"Buxton Street 1, Shoreditch",51.521776,-0.068856,4682.5
"Clifford Street, Mayfair",51.51066202,-0.142345694,NA
"Imperial College, Knightsbridge",51.49942855,-0.179702476,12583.5
"Snow Hill, Farringdon",51.51733427,-0.103604248,11816.1
"Aberdeen Place, St. John's Wood",51.524826,-0.176268,3393.8
"Cadogan Gardens, Chelsea",51.492462,-0.159919,13301.4
"Shouldham Street, Marylebone",51.51809,-0.163609,6033.4
"Devonshire Terrace, Bayswater",51.51348,-0.17977,8444.2
"Holland Park, Kensington",51.502319,-0.200742,4469.4
"Brick Lane Market, Shoreditch",51.52261762,-0.071653961,10555.3
"George Street, Marylebone",51.517703,-0.154106,12023.1
"Columbia Road, Shoreditch",51.528187,-0.075375,9415.2
"Penfold Street, Marylebone",51.52289229,-0.171681991,3897.9
"George Place Mews, Marylebone",51.51689296,-0.158249929,8519.5
"Palace Gate, Kensington Gardens",51.50204238,-0.184400221,12931.1
"Gloucester Road Station, South Kensington",51.49418566,-0.18267094,13725.2
"Strata, Elephant & Castle",51.493146,-0.099828,9922.9
"Edgware Road Station, Marylebone",51.519968,-0.169774,7834.3
"Rotherhithe Roundabout, Rotherhithe",51.499169,-0.055846029,NA
"Cleaver Street, Kennington",51.488105,-0.110121,4713.8
"Chelsea Bridge, Pimlico",51.485821,-0.149004,10336.6
"Southwark Station 1, Southwark",51.504043,-0.105312,8785.2
"Southwark Station 2, Southwark",51.504044,-0.104778,12114.6
"Eaton Square (South), Belgravia",51.49456127,-0.15393398,8787.6
"Ebury Bridge, Pimlico",51.490491,-0.149186,10296.8
"Harrington Square 2, Camden Town",51.533379,-0.139159,7801.9
"Vincent Street, Pimlico",51.493072,-0.129925,7401.9
"Cheapside, Bank",51.51397065,-0.09294031,22097.8
"Exhibition Road, Knightsbridge",51.499917,-0.174554,17171.3
"South Parade, Chelsea",51.48902,-0.17524,8930.1
"Crinan Street, King's Cross",51.534474,-0.122203,5662.5
"Exhibition Road Museums 1, South Kensington",51.496468,-0.17379696,NA
"Wren Street, Holborn",51.524564,-0.116279,10069.3
"Kennington Station, Kennington",51.488852,-0.105593,8134.4
"Red Lion Street, Holborn",51.51824,-0.11655,14215.2
"Vauxhall Walk, Vauxhall",51.488124,-0.120903,9374.6
"Killick Street, King's Cross",51.5338,-0.118677,3620.7
"Kennington Oval, Oval",51.483145,-0.113134,7559.6
"Sail Street, Vauxhall",51.495656,-0.114605,6963.4
"Walmer Road, Avondale",51.510101,-0.211358,4115.9
"Philpot Street, Whitechapel",51.515256,-0.058641,7811
"Bethnal Green Garden, Bethnal Green",51.52568,-0.055312,8436.8
"Cheshire Street, Bethnal Green",51.52388,-0.065076,6236
"York Hall, Bethnal Green",51.528936,-0.055894,10312.2
"Jubilee Crescent, Cubitt Town",51.493381,-0.007542,1469.9
"Fisherman's Walk West, Canary Wharf",51.50623,-0.02296,8137
"Shadwell Station, Shadwell",51.511088,-0.057159,10542.1
"Jubilee Street, Stepney",51.515975,-0.053177,5423.3
"Hermitage Court, Wapping",51.504719,-0.063531,5061.4
"St. Katharine's Way, Tower",51.505697,-0.070542,7848.4
"Garnet Street, Shadwell",51.508447,-0.055167,6085.1
"Napier Avenue, Millwall",51.487679,-0.021582,2918.3
"East Ferry Road, Cubitt Town",51.49447,-0.014409,2523.3
"Parkway, Camden Town",51.538071,-0.144664,7036.1
"Castlehaven Road, Camden Town",51.542138,-0.145393,9498.4
"Wapping Lane, Wapping",51.504749,-0.057544,8122.4
"Gunmakers Lane, Old Ford",51.535179,-0.03338,7714.1
"Burdett Road, Mile End",51.516196,-0.029138,6779
"Aston Street, Stepney",51.516,-0.038775,4174.9
"Bonny Street, Camden Town",51.541603,-0.138853,9335.1
"Thurtle Road, Haggerston",51.534776,-0.071881,NA
"St. Mary & St. Michael Church, Stepney",51.51417,-0.052099,4278.6
"Pitfield Street North,Hoxton",51.53558,-0.08249,10624.3
"Whiston Road, Haggerston",51.534464,-0.076341,6247
"Southern Grove, Bow",51.523538,-0.030556,4277.6
"Cantrell Road, Bow",51.521564,-0.022694,2630.3
"Lindfield Street, Poplar",51.513757,-0.020467,3834.7
"Mostyn Grove, Bow",51.530535,-0.025492,5357.4
"Hewison Street, Old Ford",51.533283,-0.028155,6260.4
"Malmesbury Road, Bow",51.529452,-0.027616,1609.6
"Millharbour, Millwall",51.496137,-0.019355,2112.2
"Gascoyne Road, Victoria Park",51.541515,-0.038557746,NA
"Lightermans Road, Millwall",51.499041,-0.020157,3779.6
"Stebondale Street, Cubitt Town",51.489096,-0.009205,2391.6
"Spindrift Avenue, Millwall",51.49109,-0.018716,2311.5
"Stepney Green Station, Stepney",51.521889,-0.04667,10778.7
"Pott Street, Bethnal Green",51.527152,-0.058005,10046.4
"Flamborough Street, Limehouse",51.5128711,-0.0389866,12111.5
"Saunders Ness Road, Cubitt Town",51.487129,-0.0090011,4921.4
"Exhibition Road Museums 2, South Kensington",51.495947,-0.17368958,NA
"Albert Gardens, Stepney",51.51328,-0.047784,6936.2
"Bromley High Street, Bow",51.528828,-0.013258,3852.9
"Old Ford Road, Bethnal Green",51.531127,-0.048017,8183
"Granby Street, Shoreditch",51.525645,-0.069543,9802.5
"Canton Street, Poplar",51.511811,-0.025626,3520.2
"Reardon Street, Wapping",51.506946,-0.058681,6654.3
"Christian Street, Whitechapel",51.513074,-0.064094,7603.4
"Pennington Street, Wapping",51.508622,-0.065006,4383.5
"Queen Mary's, Mile End",51.522507,-0.041378,9553.3
"Maplin Street, Mile End",51.525501,-0.032267204,NA
"South Quay East, Canary Wharf",51.50196,-0.016251,889.4
"Bow Church Station, Bow",51.528169,-0.018703,6995.9
"Devons Road, Bow",51.52512,-0.015578,6332.3
"Merchant Street, Bow",51.526578,-0.027581,5535.6
"Bow Road Station, Bow",51.527058,-0.025296,7065.7
"Furze Green, Bow",51.519265,-0.021345,5376.6
"Ansell House, Stepney",51.520019,-0.05438,10524.5
"Cephas Street, Bethnal Green",51.522561,-0.054883,5875.3
"Bonner Gate, Victoria Park",51.53341,-0.049591815,NA
"Cleveland Way, Stepney",51.520893,-0.051394,12753.7
"St. John's Park, Cubitt Town",51.496454,-0.009506,1416.3
"Ackroyd Drive, Bow",51.520398,-0.026768,4520
"Bell Lane, Liverpool Street",51.517475,-0.075855,11313.1
"Clarkson Street, Bethnal Green",51.528692,-0.059091,5920.6
"Fournier Street, Whitechapel",51.519362,-0.074431,13191.7
"Fore Street, Guildhall",51.517842,-0.090075,8452.1
"Westferry DLR, Limehouse",51.509303,-0.025996,10077.6
"Sutton Street, Shadwell",51.511066,-0.053558,10568.3
"Pritchard's Road, Bethnal Green",51.532091,-0.06142,13864.2
"Watney Market, Stepney",51.5142228,-0.055656,6582.4
"Portman Square, Marylebone",51.516204,-0.155525,10096.7
"Russell Gardens, Olympia",51.500088,-0.211316,3272.4
"Chrisp Street Market, Poplar",51.5112,-0.014438,4840.5
"Ford Road, Old Ford",51.532513,-0.033085,7180.9
"Antill Road, Mile End",51.528224,-0.037471,7421.7
"Teviot Street, Poplar",51.518811,-0.011662,1654.2
"Bancroft Road, Bethnal Green",51.526041,-0.047218,5826.7
"Driffield Road, Old Ford",51.534137,-0.037366,8310.2
"Clinton Road, Mile End",51.525941,-0.036017,7314
"Langdon Park, Poplar",51.51549,-0.013475,2462.2
"Lancaster Gate , Bayswater",51.511654,-0.179668,9442.7
"Lancaster Drive, Blackwall",51.503143,-0.008428,2122.3
"Hansard Mews, Holland Park",51.503802,-0.215808,7635.1
"Clarges Street, Mayfair",51.507326,-0.145827,12057.1
"Manresa Road, Chelsea",51.486892,-0.170983,10079
"Newby Place, Poplar",51.508896,-0.012413,3714.2
"Twig Folly Bridge, Mile End",51.530326,-0.042744,9301.9
"Jubilee Plaza, Canary Wharf",51.50357,-0.020068,9036.3
"Wellington Row, Bethnal Green",51.528222,-0.069743,8701.9
"Goldsmith's Row, Haggerston",51.531864,-0.066035,11166.8
"Gloucester Avenue, Camden Town",51.537349,-0.147154,8147.6
"Queensbridge Road, Haggerston",51.53385,-0.06992,8116.4
"Old Montague Street, Whitechapel",51.51793,-0.067937,9497.6
"Naval Row, Blackwall",51.508981,-0.00699,5257.5
"Hoxton Station, Hoxton",51.531091,-0.075901,7414.6
"Albany Street, The Regent's Park",51.528302,-0.144466,7348
"Green Park Station, Mayfair",51.506613,-0.142844,24483.9
"Salmon Lane, Limehouse",51.514115,-0.033828,7883.1
"Lansdowne Walk, Ladbroke Grove",51.509591,-0.204666,1708.1
"Percival Street, Finsbury",51.526153,-0.102208,9209.4
"Arlington Road, Camden Town",51.539957,-0.145246,7665
"New Fetter Lane, Holborn",51.517428,-0.107987,12117.4
"East India DLR, Blackwall",51.509474,-0.002275,3626.2
"Westminster Bridge Road, Elephant & Castle",51.498386,-0.107913,3475.7
"Gaywood  Street, Elephant & Castle",51.49605,-0.104193,9999
"Harford Street, Mile End",51.521564,-0.039264,5475.9
"Import Dock, Canary Wharf",51.505772,-0.016460175,5455.3
"Watney Street, Shadwell",51.511542,-0.056667,10797.2
"Regent's Row , Haggerston",51.535678,-0.062546,17102.1
"Aberfeldy Street, Poplar",51.513548,-0.005659,2862.4
"Heron Quays DLR, Canary Wharf",51.502661,-0.021596,5088.3
"King Edward Street, St Pauls",51.51601,-0.0985,8217.1
"Page Street, Westminster",51.493978,-0.127554,14510.1
"Abbotsbury Road, Holland Park",51.501391,-0.205991,4288.6
"Ladbroke Grove Central, Ladbroke Grove",51.511624,-0.205921,3229.1
"Rectory Square, Stepney",51.518369,-0.043371,5972.9
"Bury Place, Holborn",51.51746,-0.12335,12929.1
"Preston's Road, Cubitt Town",51.499286,-0.009152,3200.9
"Somerset House, Strand",51.509943,-0.117619,21011.1
"Selby Street, Whitechapel",51.521905,-0.063386,3133.9
"Westfield Ariel Way, White City",51.509158,-0.224103,7799.5
"Bishop's Bridge Road West, Bayswater",51.51616,-0.18697,11630.3
"Pitfield Street Central, Hoxton",51.53213,-0.08299,6806.9
"Upper Bank Street, Canary Wharf",51.503083,-0.017676,8796.1
"Westfield Southern Terrace ,Shepherd's Bush",51.506256,-0.218337,6789.6
"Greenland Road, Camden Town",51.539099,-0.141728,11737
"Limerston Street, West Chelsea",51.485587,-0.18119,21870.9
"Eagle Wharf Road, Hoxton",51.53356,-0.09315,15220.7
"Alpha Grove, Millwall",51.497304,-0.022793,2779.3
"Globe Town Market, Bethnal Green",51.528869,-0.047548,10406.2
"Hollybush Gardens, Bethnal Green",51.527607,-0.057133,6829
"Queen Street 2, Bank",51.511246,-0.093051,25561.7
"Doddington Grove, Kennington",51.48692917,-0.102996299,10975.9
"New Cavendish Street, Marylebone",51.519167,-0.147983,13035.7
"Ilchester Gardens, Bayswater",51.51244,-0.19096,10716.7
"Mudchute DLR, Cubitt Town",51.490645,-0.014582,2280.6
"Monument Street, Monument",51.50964,-0.08497,20304.6
"Hoxton Street, Hoxton",51.52959,-0.0801,9210.3
"Drayton Gardens, West Chelsea",51.487196,-0.179369,12943.3
"Greenberry Street, St.John's Wood",51.53256,-0.16862,3366.8
"Bishop's Bridge Road East, Bayswater",51.5171,-0.18377,6124.2
"Northdown Street, King's Cross",51.531066,-0.11934,8885.4
"Kingsway Southbound, Strand",51.513875,-0.117774,13367.7
"Hammersmith Road, Hammersmith",51.493267,-0.21985,13740.2
"Parson's Green , Parson's Green",51.472817,-0.199783,13995.6
"Fulham Park Road, Fulham",51.473471,-0.20782,9292.9
"Southerton Road, Hammersmith",51.494499,-0.228188,9776.4
"Manbre Road, Hammersmith",51.485743,-0.223616,5839.4
"South Lambeth Road, Vauxhall",51.481747,-0.124642,11079.9
"BBC White City, White City",51.514767,-0.225787,9224.5
"Union Grove, Wandsworth Road",51.472993,-0.133972,10120.7
"Caldwell Street, Stockwell",51.477839,-0.116493,10250.4
"St Martins Close, Camden Town",51.538792,-0.138535,4949.9
"Seymour Place, Marylebone",51.520331,-0.163667,12131.8
"Addison Road, Holland Park",51.504199,-0.210941,5836.6
"Putney Bridge Station, Fulham",51.468814,-0.210279,10193.6
"Colet Gardens, Hammersmith",51.491093,-0.216493,2891.8
"Sugden Road, Clapham",51.46512358,-0.157788279,7730.4
"Danvers Street, West Chelsea",51.48256792,-0.172078187,10009.7
"Princedale Road , Holland Park",51.50646524,-0.208486599,7597.8
"Wandsworth Rd, Isley Court, Wandsworth Road",51.46925984,-0.141812513,11846.7
"Woodstock Grove, Shepherd's Bush",51.50403821,-0.217400093,11476.1
"London Fields, Hackney Central",51.54119,-0.058826101,NA
"Finlay Street, Fulham",51.4768851,-0.215895601,9340
"Aintree Street, Fulham",51.48102131,-0.209973497,9274.1
"Elysium Place, Fulham",51.47107905,-0.207842908,8117.9
"Eel Brook Common, Walham Green",51.47625965,-0.193254007,9849.9
"Irene Road, Parsons Green",51.4737636,-0.197010096,9142.2
"Surrey Lane, Battersea",51.47518024,-0.167160736,9749.2
"Wandsworth Town Station, Wandsworth",51.46086446,-0.187427294,11268.8
"Lansdowne Road, Ladbroke Grove",51.50748124,-0.205535908,10209.4
"Nantes Close, Wandsworth",51.46193072,-0.180791784,4568.7
"Courland Grove, Wandsworth Road",51.4729184,-0.132102704,7285
"Queen's Circus, Battersea Park",51.47761941,-0.149551631,13849.3
"Normand Park, West Kensington",51.48438657,-0.20481514,13554.9
"Holden Street, Battersea",51.4687905,-0.158230901,5747.2
"William Morris Way, Sands End",51.46881971,-0.184318843,9382.2
"Morie Street, Wandsworth",51.45995384,-0.190184054,4453
"Clarence Walk, Stockwell",51.47073264,-0.126994068,7410.9
"Battersea Park Road, Nine Elms",51.4795017,-0.141770709,10999.8
"Sheepcote Lane, Battersea",51.47053858,-0.163041605,8647.1
"Vereker Road, West Kensington",51.48959104,-0.209378594,12060.6
"Brook Green South, Brook Green",51.49434708,-0.215804559,9433.9
"Greyhound Road, Hammersmith",51.48606206,-0.214428378,9668.4
"South Park, Sands End",51.46706414,-0.193502076,8056
"Spencer Park, Wandsworth Common",51.45787019,-0.174691623,4315.3
"Falcon Road, Clapham Junction",51.46663393,-0.169821175,12771.6
"Coomer Place, West Kensington",51.48357068,-0.202038682,12191.9
"Silverthorne Road, Battersea",51.47286577,-0.148059277,7852.4
"Archbishop's Park, Waterloo",51.49824168,-0.117495865,9399.6
"Fawcett Close, Battersea",51.46916161,-0.174485792,4445.6
"All Saints' Road, Portobello",51.5190427,-0.204764421,6760.1
"Rainville Road, Hammersmith",51.48373225,-0.223852256,9222.7
"Great Suffolk Street, The Borough",51.50173215,-0.100292412,10799.5
"Buckingham Gate, Westminster",51.49886563,-0.137424571,15611.5
"Richmond Way, Shepherd's Bush",51.50035306,-0.217515071,9206.5
"Peterborough Road, Sands End",51.46904022,-0.19627483,6288.2
"World's End Place, West Chelsea",51.48180515,-0.18027465,13188.5
"St. Mark's Road, North Kensington",51.51687069,-0.213872396,10780.2
"Thorndike Close, West Chelsea",51.48089844,-0.183853573,10145
"Evesham Street, Avondale",51.51148696,-0.218190203,4799.1
"Simpson Street, Clapham Junction",51.47084722,-0.17070367,12283.3
"Ashmole Estate, Oval",51.48267821,-0.117661574,10186.1
"Crabtree Lane, Fulham",51.48294452,-0.219346128,8949.5
"Broomhouse Lane, Parsons Green",51.46841875,-0.199135704,5534
"Blythe Road West, Shepherd's Bush",51.4996806,-0.221791552,7302.8
"Ethelburga Estate, Battersea Park",51.47729232,-0.16478637,18261.7
"Blackfriars Station, St. Paul's",51.511934,-0.10307894,NA
"West Kensington Station, West Kensington",51.49087074,-0.206029743,8758.2
"All Saints Church, Portobello",51.51632095,-0.202608612,14576.6
"Phene Street, Chelsea",51.48498496,-0.167919869,13878.5
"Clarendon Road, Avondale",51.51323001,-0.211593602,4602.8
"Austin Road, Battersea Park",51.474376,-0.155442787,12938.4
"Smugglers Way, Wandsworth",51.46108367,-0.191722864,8262
"Shepherd's Bush Road North, Shepherd's Bush",51.5015946,-0.222293381,9508.2
"Ravenscourt Park Station, Hammersmith",51.49422354,-0.236769936,8407.3
"Teversham Lane, Stockwell",51.47614939,-0.1232585,5024.1
"Ashley Crescent, Battersea",51.46718562,-0.152248582,11200.8
"Parsons Green Station, Parsons Green",51.475089,-0.201968,13888
"Hibbert Street, Battersea",51.46517078,-0.18038939,9365.9
"Carnegie Street, King's Cross",51.53546778,-0.11619105,6936.6
"Usk Road, Clapham Junction",51.46348914,-0.182126248,6134.3
"Hartington Road, Stockwell",51.47787084,-0.126874471,11151.5
"Heath Road, Battersea",51.46866929,-0.146544642,6150.3
"Esmond Street, Putney",51.46231278,-0.211468596,4229.6
"Orbel Street, Battersea",51.47453545,-0.170210533,8403
"Westbridge Road, Battersea",51.47768469,-0.170329317,18453
"Bishop's Avenue, Fulham",51.47303687,-0.214749808,8876.7
"Crisp Road, Hammersmith",51.48810829,-0.22660621,12746.3
"Dorothy Road, Clapham Junction",51.46506424,-0.163750945,9896.2
"Neville Gill Close, Wandsworth",51.45475251,-0.195197203,7061.7
"Osiers Road, Wandsworth",51.46067005,-0.198735357,8836.5
"Beryl Road, Hammersmith",51.48814438,-0.222456468,8805.3
"Northfields, Wandsworth",51.46095151,-0.20066766,4994.5
"Spanish Road, Clapham Junction",51.45922541,-0.180884959,3493.3
"Stanley Grove, Battersea",51.47047503,-0.152130083,7716.5
"Erin Close, Walham Green",51.47946386,-0.195777222,13614.1
"Cadogan Close, Victoria Park",51.54211855,-0.028941601,10647.2
"Felsham Road, Putney",51.464786,-0.215618902,7638.2
"Putney Rail Station, Putney",51.46071722,-0.216526155,7260.1
"Islington Green, Angel",51.53638435,-0.102757578,19822.7
"Charing Cross Hospital, Hammersmith",51.48728535,-0.217995921,10387.9
"Charlotte Terrace, Angel",51.53639219,-0.112721065,6936
"Shoreditch Court, Haggerston",51.53908372,-0.070329419,8699.9
"Belford House, Haggerston",51.5366541,-0.07023031,6910.6
"Battersea Church Road, Battersea",51.47696496,-0.174347066,11682.7
"Vicarage Crescent, Battersea",51.47287627,-0.176267008,12926.7
"Durant Street, Bethnal Green",51.52868155,-0.065550321,9154.2
"St. Bride Street, Holborn",51.51505991,-0.10534448,22242.5
"Mexfield Road, East Putney",51.45682071,-0.202802098,3639.6
"Upper Richmond Road, Putney",51.45971528,-0.212145939,3803.5
"Snowsfields, London Bridge",51.50215353,-0.083632928,14289.4
"Barons Court Station, West Kensington",51.49021762,-0.215087092,7298.8
"Disraeli Road, Putney",51.46161068,-0.21614583,7552.4
"Montserrat Road , Putney",51.46321128,-0.215550761,6748
"Albert Bridge Road, Battersea Park",51.47439218,-0.163347594,13196.4
"Everington Street, Fulham",51.48335692,-0.216305546,8578.9
"Mile End Stadium, Mile End",51.51854104,-0.034903714,8277.6
"Hawley Crescent, Camden Town",51.54100708,-0.14326094,5839.4
"Stewart's Road, Wandsworth Road",51.47311696,-0.137235175,4827
"Aylward Street, Stepney",51.51563007,-0.049067243,6596.2
"Stainsby Road , Poplar",51.51542791,-0.02356501,5356.1
"Dunston Road , Haggerston",51.53658514,-0.075885686,18471.4
"Ada Street, Hackney Central",51.53571683,-0.060291813,15096
"Victoria Park Road, Hackney Central",51.53642464,-0.054162264,15068.4
"Star Road, West Kensington",51.48724429,-0.205279052,8850.3
"Wendon Street, Old Ford",51.53603947,-0.026262677,5729.8
"Finnis Street, Bethnal Green",51.52458353,-0.058631453,9078.7
"Stephendale Road, Sands End",51.46822047,-0.190346493,13335.3
"Alma Road, Wandsworth",51.45799126,-0.184806157,6275.4
"Walworth Square, Walworth",51.491327,-0.096518684,NA
"Alfreda Street, Battersea Park",51.47505096,-0.150908371,9972.2
"Chesilton Road, Fulham",51.47569809,-0.20587627,14099.4
"Putney Bridge Road, East Putney",51.46199911,-0.206240805,6162.3
"St. Peter's Terrace, Fulham",51.47893931,-0.208485293,11602.3
"Bridge Avenue, Hammersmith",51.49208492,-0.229116862,11040.4
"Duke Street Hill, London Bridge",51.50630441,-0.087262995,28748.8
"Park Lane, Mayfair",51.50542628,-0.150817316,12501.7
"Plough Terrace, Clapham Junction",51.46230566,-0.175407201,7536.5
"Grant Road East, Clapham Junction",51.46489445,-0.17302926,11980.2
"Queensdale Road, Shepherd's Bush",51.50659035,-0.216104479,4506.7
"Fulham Broadway, Walham Green",51.47993289,-0.19411695,20626
"Imperial Road, Sands End",51.47514228,-0.187278987,7823.4
"Sirdar Road, Avondale",51.51092871,-0.214594781,3214.4
"Freston Road, Avondale",51.5129814,-0.219486603,5529
"Blenheim Crescent, Ladbroke Grove",51.51510818,-0.208565479,11945.2
"Oxford Road, Putney",51.46079243,-0.212607684,4450.4
"Ingrave Street, Clapham Junction",51.46745485,-0.172293499,4624.8
"Upcerne Road, West Chelsea",51.47816972,-0.18243547,9895.3
"Lots Road, West Chelsea",51.4795738,-0.17903854,10795.1
"Ormonde Gate, Chelsea",51.48796408,-0.161765173,16219.9
"Hertford Road, De Beauvoir Town",51.53727795,-0.079201849,12360.6
"Haggerston Road, Haggerston",51.53932857,-0.074284675,13914.7
"Culvert Road, Battersea",51.4710956,-0.157850096,6231.4
"Newton Street, Covent Garden",51.51612862,-0.120909408,11367.5
"Grenfell Road, Avondale",51.5129006,-0.214762686,5544.2
"The Vale, Chelsea",51.48512191,-0.174971902,14598.9
"Prince of Wales Drive, Battersea Park",51.47515398,-0.159169801,11475.4
"Harcourt Terrace, West Brompton",51.48795853,-0.187404506,9891.3
"Westbourne Park Road, Portobello",51.51787005,-0.201005397,4380.8
"Broadley Terrace, Marylebone",51.52456169,-0.165668686,5229.3
"Humbolt Road, Fulham",51.48321729,-0.211860644,9387
"Storey's Gate, Westminster",51.50070305,-0.129698963,32456.8
"Mile End Park Leisure Centre, Mile End",51.52059714,-0.032566533,7335.3
"St. John's Road, Clapham Junction",51.46239255,-0.16829214,9856.1
"Ranelagh Gardens, Fulham",51.46760141,-0.20682737,7443.4
"Ram Street, Wandsworth",51.45752945,-0.192165613,11172.2
"Santos Road, Wandsworth",51.45705988,-0.200806304,2956.9
"Clapham Common North Side, Clapham Common",51.46134382,-0.159322467,14748.1
"Sandilands Road, Walham Green",51.473611,-0.191803,10999.5
"Gwendwr Road, West Kensington",51.491026,-0.209121,6716.2
"Rifle Place, Avondale",51.509224,-0.216016,4708.5
"Binfield Road, Stockwell",51.47250956,-0.122831913,12019.9
"Tallis Street, Temple",51.511891,-0.107349,23227
"Hurlingham Park, Parsons Green",51.470131,-0.20464,5355.9
"Little Brook Green, Brook Green",51.496664,-0.223868,8089.5
"Abyssinia Close, Clapham Junction",51.460333,-0.167029,8749.4
"Limburg Road, Clapham Junction",51.4619230679,-0.165297856693,4736.7
"Houndsditch, Aldgate",51.514449,-0.077178979,15299.5
"Imperial Wharf Station, Sands End",51.474665,-0.18316517,18896.8
"Victoria & Albert Museum, South Kensington",51.495898,-0.173009,13794.6
"Halford Road, West Kensington",51.483911,-0.19760944,13512.2
"Monier Road, Hackney Wick",51.5403115,-0.021630359,7470.6
"East Village, Queen Elizabeth Olympic Park",51.546326,-0.00993526,6947.2
"Aquatic Centre, Queen Elizabeth Olympic Park",51.54094,-0.010510565,11905.1
"Lee Valley VeloPark, Queen Elizabeth Olympic Park",51.549369,-0.015717614,3457.7
"Timber Lodge, Queen Elizabeth Olympic Park",51.546805,-0.01469126,5549.3
"Podium, Queen Elizabeth Olympic Park",51.538718,-0.011889482,6595.1
"Stratford Station, Stratford",51.541793,-0.00481,7808.8
"Blackfriars Road, Southwark",51.505461,-0.10454093,18004.2
"Cromer Street, Bloomsbury",51.528279,-0.11955857,8633.7
"Victoria Rise, Clapham Common",51.461376,-0.14780467,NA
"Euston Square Gardens, Euston",51.527068,-0.13186102,11267.1
"Coram Street, Bloomsbury",51.524,-0.12640984,9380.6
"Ossulston Street, Somers Town",51.5293,-0.12827903,12518
"Birkenhead Street, King's Cross",51.5301998755,-0.122299440803,16505.4
"Kings Gate House, Westminster",51.4976984561,-0.137598896295,14407.6
"Sopwith Way, Battersea Park",51.4811219398,-0.149035374873,17413.9
"Lavington Street, Bankside",51.5052241745,-0.0980318118664,15851.6
"Albert Square, Stockwell",51.4765900593,-0.118256789081,10418.4
"Southwark Street, Bankside",51.5054099403,-0.0983410884509,10875.9
"Good's Way, King's Cross",51.5346677396,-0.125078652873,18174.3
"The Metropolitan, Portobello",51.520509,-0.20080483,NA
"Handyside Street, King's Cross",51.5372405623,-0.124807385707,12018.5
"Bevington Road West, North Kensington",51.5212,-0.208888173,11510.9
"Gauden Road, Clapham",51.464995,-0.13090885,NA
"Lincoln's Inn Fields, Holborn",51.5162778834,-0.118272991635,15964
"Tate Modern, Bankside",51.5067252868,-0.0988072461627,17240.7
"Westferry Circus, Canary Wharf",51.5057030357,-0.0277727426235,14097.8
"Here East North, Queen Elizabeth Olympic Park",51.5487311915,-0.0226065549321,4301.8
"New Spring Gardens Walk, Vauxhall",51.4878074485,-0.122759625866,10860.9
"Clapham Road, Lingham Street, Stockwell",51.4714330677,-0.123670735702,7744.3
"Lambeth Palace Road, Waterloo",51.5000891978,-0.116628700672,23036.8
"Here East South, Queen Elizabeth Olympic Park",51.5465327935,-0.0205975904647,3333.3
"Riverlight South, Nine Elms",51.4813354746,-0.138212295869,12214.6
"Westminster Pier, Westminster",51.501513,-0.12382322,NA
"Belvedere Road 2, South Bank",51.50621,-0.114842,16866.4
"Victory Place, Walworth",51.492807,-0.091938,9538.8
"Battersea Power Station, Battersea Park",51.4835074867,-0.147714557371,19105.8
"Allington Street, Victoria",51.496863,-0.1429434,33406.8
"Cranmer Road, Stockwell",51.479601,-0.11147178,14779.2
"Normandy Road, Stockwell",51.473874,-0.11258096,11475.1
"Wynne Road, Stockwell",51.469217,-0.11268674,5878.4
"Sidney Road, Stockwell",51.469202,-0.11902256,8372.1
"St John's Crescent, Brixton",51.466232,-0.11317995,6134.4
"Ferndale Road, Brixton",51.464019,-0.11578197,NA
"Saltoun Road, Brixton",51.460232,-0.11537509,12818.9
"Gas Holders, Battersea Park",51.477966,-0.14785703,10533.6
"Farringdon Street, Holborn",51.516785,-0.10494775,11107.8
"York Way, Kings Cross",51.541596,-0.12544145,8284.8
"Fore Street Avenue, Guildhall",51.518093,-0.0914017,12768.7
"Sea Containers, South Bank",51.508033,-0.10682363,20954.7
"George Row, Bermondsey",51.498585,-0.068981764,NA
"Tower Wharf, Bermondsey",51.500845,-0.074704305,NA
"Temple Gardens, Temple",51.510981,-0.10832249,NA
"Canada Water Station, Rotherhithe",51.498439,-0.049150215,NA
"Bermondsey Station, Bermondsey",51.497995,-0.063471392,NA
