"name","lat","long","k"
"River Street , Clerkenwell",51.52916347,-0.109970527,2503.3
"Phillimore Gardens, Kensington",51.49960695,-0.197574246,4392.7
"Christopher Street, Liverpool Street",51.52128377,-0.084605692,3887.1
"St. Chad's Street, King's Cross",51.53005939,-0.120973687,2275.9
"Sedding Street, Sloane Square",51.49313,-0.156876,5786.6
"Broadcasting House, Marylebone",51.51811784,-0.144228881,3888.8
"Charlbert Street, St. John's Wood",51.53430039,-0.1680743,1393.4
"Maida Vale, Maida Vale",51.529857,-0.18348604,2081.6
"New Globe Walk, Bankside",51.5073853,-0.096440751,3170.1
"Park Street, Bankside",51.50597426,-0.092754157,2595
"Brunswick Square, Bloomsbury",51.52395143,-0.122502346,3848.7
"Malet Street, Bloomsbury",51.52168078,-0.130431727,6789.9
"Scala Street, Fitzrovia",51.51991453,-0.136039674,2701.7
"Belgrove Street , King's Cross",51.52994371,-0.123616824,9792
"Great Russell Street, Bloomsbury",51.51772703,-0.127854211,3824.6
"Cartwright Gardens , Bloomsbury",51.52635795,-0.125979294,4428.4
"Hatton Wall, Holborn",51.5216612,-0.109006325,5579.6
"Drury Lane, Covent Garden",51.51477076,-0.12221963,6141.6
"Taviton Street, Bloomsbury",51.52505093,-0.131161087,4104.6
"Drummond Street , Euston",51.527326,-0.13605286,2664.4
"Northington Street , Holborn",51.5222641,-0.114079481,3975.2
"Red Lion Square, Holborn",51.51943538,-0.119123345,3153.2
"British Museum, Bloomsbury",51.51908011,-0.124678402,5681.3
"Doric Way , Somers Town",51.5288338,-0.132250369,5321
"Ampton Street , Clerkenwell",51.52728093,-0.11829517,2705.6
"Bouverie Street, Temple",51.51382102,-0.107927706,5467.4
"Bolsover Street, Fitzrovia",51.52351808,-0.143613641,3799.3
"Hereford Road, Bayswater",51.513735,-0.193487,3494.5
"Windsor Terrace, Hoxton",51.52915444,-0.093421615,3987.4
"Fanshaw Street, Hoxton",51.52953709,-0.083353323,3894.2
"Leonard Circus , Shoreditch",51.52469624,-0.084439283,7691.7
"Central House, Aldgate",51.515231,-0.07015,5042.5
"Pancras Road, King's Cross",51.5341235,-0.129386874,1674.2
"De Vere Gardens, Kensington",51.50173726,-0.184980612,4381.2
"Penywern Road, Earl's Court",51.49159394,-0.192369256,4265
"Abingdon Villas, Kensington",51.4973875,-0.197245586,3134.4
"Shoreditch High Street, Shoreditch",51.5263778,-0.078130921,7028
"Commercial Street, Shoreditch",51.52127071,-0.0755789,4467.3
"Pindar Street, Liverpool Street",51.520955,-0.083493552,5939.3
"Wenlock Road , Hoxton",51.53099181,-0.093903825,4268.5
"Crawford Street, Marylebone",51.52026,-0.157183945,3182
"Bruton Street, Mayfair",51.51073687,-0.144165239,3421.6
"Boston Place, Marylebone",51.522511,-0.162298,6622.3
"Nesham Street, Wapping",51.507131,-0.06691,5339.8
"Warwick Avenue Station, Maida Vale",51.52334476,-0.183846408,3818.5
"Godliman Street, St. Paul's",51.51248445,-0.099141408,6853
"Curzon Street, Mayfair",51.50706909,-0.145904427,3478.2
"East Road, Hoxton",51.52867339,-0.087459376,4112.1
"Finsbury Library , Finsbury",51.52671796,-0.104298194,3261.3
"Roscoe Street, St. Luke's",51.52295439,-0.094934859,3931
"Grafton Street, Mayfair",51.5099923,-0.143495266,3577.4
"Golden Lane, Barbican",51.52174785,-0.094475072,4886.6
"Finsbury Circus, Liverpool Street",51.51707521,-0.086685542,9964.7
"Paddington Street, Marylebone",51.52058381,-0.154701411,4488.2
"Guilford Street , Bloomsbury",51.52334672,-0.120202614,4673.6
"New Inn Yard, Shoreditch",51.52452699,-0.079248081,6302.6
"Lisson Grove, St. John's Wood",51.52644828,-0.172190727,1590.6
"Great Dover Street, The Borough",51.49738251,-0.089446947,3228.2
"Cotton Garden Estate, Kennington",51.4907579,-0.106323685,2297.5
"Murray Grove , Hoxton",51.53089041,-0.089782579,1954
"William IV Street, Strand",51.50946212,-0.124749274,8260
"Holborn Circus, Holborn",51.51795029,-0.108657431,10552.8
"Hatton Garden, Holborn",51.51882555,-0.108028472,6031.4
"Theobald's Road , Holborn",51.52059681,-0.116688468,4931.5
"Euston Road, Euston",51.5262363,-0.134407652,4608.6
"Calshot Street , King's Cross",51.53136059,-0.117069978,1826.2
"Newgate Street , St. Paul's",51.5154186,-0.098850915,8187.9
"Farringdon Lane, Clerkenwell",51.52352001,-0.108340165,4577.1
"Old Street Station, St. Luke's",51.52548,-0.089659871,9221.4
"Vauxhall Cross, Vauxhall",51.48591714,-0.124469948,8232.8
"Torrens Street, Angel",51.53219984,-0.105480698,5153.7
"Longford Street, The Regent's Park",51.52559505,-0.144083893,2608.5
"Russell Square Station, Bloomsbury",51.52341837,-0.124121774,4674
"Sadlers Sports Centre, Finsbury",51.52486887,-0.099489485,4781.8
"Arundel Street, Temple",51.511726,-0.11385596,3801
"Webber Street , Southwark",51.50069361,-0.102091246,3820.1
"Great Titchfield Street, Fitzrovia",51.52025302,-0.141327271,303.1
"Chancery Lane, Holborn",51.514274,-0.111257,3502.1
"Panton Street, West End",51.50963938,-0.131510949,6573.7
"Breams Buildings, Holborn",51.51593725,-0.111778348,4216.9
"Tanner Street, Bermondsey",51.50064702,-0.078600401,5314.7
"Sancroft Street, Vauxhall",51.48947903,-0.115156562,2350.6
"Devonshire Square, Liverpool Street",51.51646835,-0.079684557,6928.9
"Bayley Street , Bloomsbury",51.51858757,-0.132053392,4946.2
"Tavistock Place, Bloomsbury",51.5262503,-0.123509611,3900.4
"Harrington Square 1, Camden Town",51.53301907,-0.139174593,2308.8
"Walnut Tree Walk, Vauxhall",51.49368637,-0.111014912,3482.5
"Borough Road, Elephant & Castle",51.49889832,-0.100440521,4251.4
"Cloudesley Road, Angel",51.53440868,-0.109025404,5120.4
"Bricklayers Arms, Borough",51.49506109,-0.085814489,4460.2
"Aldersgate Street, Barbican",51.5208417,-0.097340162,7562.6
"Falkirk Street, Hoxton",51.53095071,-0.078505384,3315.2
"Gloucester Road (North), Kensington",51.49792478,-0.183834706,5567.3
"Hampstead Road, Euston",51.52554222,-0.138231303,5398.4
"Old Quebec Street, Marylebone",51.51457763,-0.158264483,6934
"Albert Embankment, Vauxhall",51.49043573,-0.122806861,1761.9
"Queen Street 1, Bank",51.51155322,-0.0929401,11997.4
"Jewry Street, Aldgate",51.51340693,-0.076793375,6184.3
"Vicarage Gate, Kensington",51.50472376,-0.192538767,1659.1
"Crosswall, Tower",51.51159481,-0.077121322,11472.4
"Westbourne Grove, Bayswater",51.51552971,-0.190240716,4324.8
"Woodstock Street, Mayfair",51.51410514,-0.147301667,3708.6
"Finsbury Leisure Centre, St. Luke's",51.52600832,-0.096317627,5855.7
"Abbey Orchard Street, Westminster",51.49812559,-0.132102166,7513.4
"Soho Square , Soho",51.51563144,-0.132328837,10070.7
"Wellington Road, St. John's Wood",51.53304322,-0.172528678,2314.6
"Park Lane , Hyde Park",51.5100172,-0.157275636,5495.7
"Stonecutter Street, Holborn",51.51580998,-0.105270275,3361.2
"Gloucester Road (Central), South Kensington",51.49646288,-0.183289032,3485
"Park Road (Baker Street), The Regent's Park",51.52451738,-0.158963647,3814.3
"Braham Street, Aldgate",51.51423368,-0.073537654,6550.7
"Little Argyll Street, West End",51.51449962,-0.141423695,8071.6
"Lollard Street, Vauxhall",51.49288067,-0.114934001,3916.5
"Rochester Row, Westminster",51.49582705,-0.13547809,4743.2
"Bath Street, St. Luke's",51.52589324,-0.090847761,7857.4
"The Guildhall, Guildhall",51.51573534,-0.093080779,4866.9
"Baker Street, Marylebone",51.51891348,-0.156166631,5674.6
"Norton Folgate, Liverpool Street",51.52111369,-0.078869751,6812.4
"St. John Street, Finsbury",51.52836014,-0.104724625,2630.6
"Eaton Square, Belgravia",51.49654462,-0.150905245,3680.5
"Borough High Street, The Borough",51.50069491,-0.094524319,5332.7
"Museum of London, Barbican",51.51782144,-0.096496865,6521.5
"Wood Street, Guildhall",51.51700801,-0.09388536,4358.5
"Emperor's Gate, South Kensington",51.49536226,-0.185296516,2623.8
"Golden Square, Soho",51.5118973,-0.137043852,6656.4
"Tower Gardens , Tower",51.50950627,-0.075459482,7024.5
"Eversholt Street , Camden Town",51.53300545,-0.136792671,2826.3
"Bethnal Green Road, Shoreditch",51.52364804,-0.074754872,9837.7
"Derry Street, Kensington",51.50136494,-0.191462381,9102.2
"Wapping High Street, Wapping",51.504904,-0.06797,2904.2
"Clerkenwell Green, Clerkenwell",51.52326004,-0.104708922,7632.2
"Queen Victoria Street, St. Paul's",51.51196176,-0.097441687,7829.4
"Green Street, Mayfair",51.51227622,-0.157436972,5794.1
"Lambeth Road, Vauxhall",51.49488108,-0.117974901,3178.2
"Finsbury Square , Moorgate",51.52096262,-0.085634242,8500.1
"Chapel Place, Marylebone",51.51530805,-0.147203711,5953.9
"West Cromwell Road, Earl's Court",51.49372451,-0.198286569,3503.3
"Pont Street, Knightsbridge",51.4968865,-0.161203828,5979.9
"Kennington Cross, Kennington",51.48894022,-0.111435796,5908
"Ilchester Place, Kensington",51.50074359,-0.202759212,1515.8
"Vauxhall Bridge , Pimlico",51.48836528,-0.129361842,2802.8
"Tachbrook Street, Victoria",51.49211134,-0.138364847,4602
"Kennington Road Post Office, Oval",51.48478899,-0.110683213,3541.7
"Holy Trinity Brompton, Knightsbridge",51.49705603,-0.168917077,5348.3
"Chepstow Villas, Notting Hill",51.51213691,-0.201554966,3195.9
"Hampton Street, Walworth",51.49217002,-0.101536865,5677.6
"Bayswater Road, Hyde Park",51.511933,-0.174411,6191.5
"Waterloo Station 3, Waterloo",51.50379168,-0.11282408,11871.3
"Lexham Gardens, Kensington",51.49586666,-0.191933711,4244.4
"New Kent Road, The Borough",51.49443626,-0.092921165,3556.3
"Wright's Lane, Kensington",51.50039792,-0.193068385,7248.3
"Trebovir Road, Earl's Court",51.49085368,-0.196170309,5129.9
"Waterloo Place, St. James's",51.50663341,-0.131773845,8100.7
"Guildhouse Street, Victoria",51.49234577,-0.141334487,4772
"Southampton Place, Holborn",51.51760685,-0.121328408,6468.4
"Sloane Avenue, Knightsbridge",51.4931848,-0.167894973,7040.6
"Cleveland Gardens, Bayswater",51.515607,-0.183118788,4452.2
"Orsett Terrace, Bayswater",51.517932,-0.183716959,2352.8
"Seville Street, Knightsbridge",51.50185512,-0.159237081,5007.2
"Eccleston Place, Victoria",51.49395092,-0.147624377,9858.2
"Argyll Road, Kensington",51.50040123,-0.195455928,3639.1
"Porchester Place, Paddington",51.51474612,-0.165164288,6442.4
"Hardwick Street, Clerkenwell",51.52784273,-0.108068155,3154.2
"Collingham Gardens, Earl's Court",51.4916156,-0.186753859,4050.6
"Sumner Place, South Kensington",51.49121192,-0.173715911,5163.4
"Waterloo Road, South Bank",51.50486,-0.113001,5026.3
"Worship Street, Shoreditch",51.521668,-0.079608554,NA
"Gloucester Terrace, Bayswater",51.51791921,-0.188098863,3558.8
"Ashley Place, Victoria",51.49616092,-0.140947636,9710.1
"Warwick Square, Pimlico",51.48985626,-0.141923621,5052.8
"North Audley Street, Mayfair",51.5129118,-0.153645496,5321.5
"Belgrave Square, Belgravia",51.49941247,-0.152317537,4172.2
"Bell Street , Marylebone",51.52202903,-0.165842551,5040
"Riverlight North, Nine Elms",51.482362,-0.13612398,5811.4
"Portland Place, Marylebone",51.52071513,-0.14521173,5843.8
"Alderney Street, Pimlico",51.48805753,-0.140741432,5572.7
"South Wharf Road, Paddington",51.51733558,-0.175810943,7958.7
"Queen's Gate (South), South Kensington",51.49247977,-0.178433004,5678.3
"Nutford Place, Marylebone",51.5165179,-0.164393768,3384.8
"Claremont Square, Angel",51.53166681,-0.109914711,3720.7
"Rampayne Street, Pimlico",51.48997562,-0.132845681,5710.8
"Hyde Park Corner, Hyde Park",51.50311799,-0.153520935,9964
"Wardour Street, Soho",51.51251523,-0.133201961,9759.8
"Bankside Mix, Bankside",51.50581776,-0.100186337,9274.3
"Hop Exchange, The Borough",51.50462759,-0.091773776,14534.9
"Milroy Walk, South Bank",51.50724437,-0.106237501,8557.5
"Union Street, The Borough",51.50368837,-0.098497684,4906.6
"Stamford Street, South Bank",51.50556905,-0.111606696,6274.1
"Great Tower Street, Monument",51.51048489,-0.082989638,12382.2
"LMU Commercial Road, Whitechapel",51.51492456,-0.066078037,5642.1
"Dorset Square, Marylebone",51.5225965,-0.161113413,7530.9
"Leman Street, Aldgate",51.51236389,-0.06954201,8267.3
"West Smithfield Rotunda, Farringdon",51.51821864,-0.100791005,8010.4
"Margery Street, Clerkenwell",51.52659961,-0.112432615,4507.8
"New Road 1 , Whitechapel",51.518154,-0.062697,6770.9
"Grosvenor Crescent, Belgravia",51.50135267,-0.153194766,3796.9
"Mallory Street, Marylebone",51.52505151,-0.166304359,1741.4
"Denyer Street, Knightsbridge",51.49358391,-0.165101392,3986.9
"Hinde Street, Marylebone",51.51681444,-0.151926305,8546.8
"Cadogan Place, Knightsbridge",51.49464523,-0.158105512,6054.6
"Wellington Arch, Hyde Park",51.50274025,-0.149569201,10836.2
"Endsleigh Gardens, Euston",51.52683806,-0.130504336,8682.8
"Moorfields, Moorgate",51.51906932,-0.088285377,10969.7
"Old Brompton Road, South Kensington",51.49094565,-0.181190899,6286.8
"Wormwood Street, Liverpool Street",51.51615461,-0.082422399,15612.7
"St. Luke's Church, Chelsea",51.48971651,-0.170194408,6710.3
"Bramham Gardens, Earl's Court",51.49016361,-0.19039362,6546.9
"Chelsea Green, Chelsea",51.49066456,-0.166485083,3885.6
"Horseferry Road, Westminster",51.49481649,-0.13045856,8623.1
"Knightsbridge, Hyde Park",51.50275704,-0.155349725,4277.8
"Rodney Road , Walworth",51.49148474,-0.090220911,5556.2
"Queensway, Kensington Gardens",51.51031,-0.18740235,NA
"Notting Hill Gate Station, Notting Hill",51.50935342,-0.196422,7318.8
"Charles II Street, West End",51.50844614,-0.131961389,7648.4
"Great Percy Street, Clerkenwell",51.52891573,-0.115480888,3542.7
"St. James's Square, St. James's",51.50742485,-0.134621209,13681.5
"Whitehall Place, Strand",51.50654321,-0.123179697,13617.1
"Poured Lines, Bankside",51.50669284,-0.103137426,4484.6
"Queen's Gate (Central), South Kensington",51.49396755,-0.17873226,5687.6
"Carey Street, Holborn",51.51501025,-0.112753217,4045.2
"Pall Mall East, West End",51.50777049,-0.130699733,9332.9
"Liverpool Road (N1 Centre), Angel",51.53450449,-0.106992706,NA
"Kennington Road  , Vauxhall",51.49571828,-0.110889274,5507.5
"Fashion Street, Whitechapel",51.51838043,-0.073438925,5573.5
"Dock Street, Wapping",51.5097860151,-0.0681619805156,6528.9
"Frampton Street, Paddington",51.5233534,-0.175116099,2056.2
"Warren Street Station, Euston",51.52443845,-0.138019439,7090.7
"Colombo Street, Southwark",51.50545935,-0.10569204,3238.3
"Beaumont Street, Marylebone",51.52200801,-0.151359288,6337.6
"Gloucester Street, Pimlico",51.49096258,-0.139625122,6173.7
"Earnshaw Street , Covent Garden",51.51611887,-0.128585022,7061
"Grosvenor Road, Pimlico",51.4853572,-0.142207481,2914.3
"Berry Street, Clerkenwell",51.52285301,-0.099994052,11437.4
"St. John's Wood Church, The Regent's Park",51.530529,-0.167515,3099
"Triangle Car Park, Hyde Park",51.50645179,-0.170279555,6982.6
"Harper Road, The Borough",51.49859784,-0.096191134,2897.2
"Royal Avenue 1, Chelsea",51.489932,-0.162727,5089.3
"Brushfield Street, Liverpool Street",51.518908,-0.079249,15370.9
"Jubilee Gardens, South Bank",51.5046364,-0.116542278,7422.7
"Shoreditch Park, Hoxton",51.53404294,-0.086379717,5470.8
"Chadwell Street, Angel",51.53051587,-0.106408455,7711.2
"Clifton Road, Maida Vale",51.52557531,-0.179592915,4194.8
"Houghton Street, Strand",51.51362054,-0.116764211,4226.9
"Westminster University, Marylebone",51.52248185,-0.154907218,5140
"Kensington Gore, Knightsbridge",51.50143293,-0.178656971,4265.9
"Bourne Street, Belgravia",51.490959,-0.1532331,5506.5
"Broadwick Street, Soho",51.5136846,-0.135580879,7286.9
"Princes Square, Bayswater",51.5134891,-0.191351186,3181.2
"LSBU (Borough Road), Elephant & Castle",51.49874469,-0.103132904,5424.7
"St. Mary Axe, Aldgate",51.51422502,-0.080660083,8044.9
"Tysoe Street, Clerkenwell",51.52644342,-0.109256828,9207.1
"Southwick Street, Paddington",51.51595344,-0.169249375,6153.9
"Queen's Gate (North), Kensington",51.50102668,-0.180246101,6571.8
"Regency Street, Westminster",51.49206037,-0.132224622,5344.2
"Belgrave Road, Victoria",51.49320445,-0.144132875,9006.2
"Empire Square, The Borough",51.50082346,-0.089740764,5357.5
"Kennington Lane Rail Bridge, Vauxhall",51.4863434,-0.122492418,10817.5
"London Zoo,  The Regent's Park",51.53583617,-0.156285395,2802.2
"Baylis Road, Waterloo",51.50144456,-0.110699309,11102.5
"Belvedere Road 1, South Bank",51.50613324,-0.114686385,9031
"Warwick Road, Olympia",51.49671237,-0.20528437,5396
"Barbican Centre, Barbican",51.52004497,-0.092176447,7199.3
"Lower Thames Street, Monument",51.50930161,-0.084985356,6260.5
"Kensington Church Street, Kensington",51.50315739,-0.191496313,5979.3
"Tooley Street, Bermondsey",51.5034938,-0.07962099,12197.4
"North Wharf Road, Paddington",51.51862243,-0.176645823,6732.3
"Royal Avenue 2, Chelsea",51.490083,-0.162418,7683.6
"Smith Square, Westminster",51.49580589,-0.127575233,9662.4
"Royal London Hospital, Whitechapel",51.518675,-0.06111,10951.8
"Kingsway, Covent Garden",51.51440928,-0.118478757,4016.6
"Lambeth North Station, Waterloo",51.49914063,-0.112031483,4296.8
"St. John's Wood Road, St. John's Wood",51.5272947,-0.174653609,2745.8
"Bedford Way, Bloomsbury",51.52367314,-0.128377673,4960.9
"Elizabeth Bridge, Victoria",51.49236962,-0.147478734,9651.5
"South Audley Street, Mayfair",51.50923022,-0.151296092,3847.2
"St Mary's Hospital, Paddington",51.518268,-0.17110323,NA
"Claverton Street, Pimlico",51.48483991,-0.138089062,6503.7
"Montpelier Street, Knightsbridge",51.49888404,-0.165471605,6909.9
"Kensington Olympia Station, Olympia",51.49815779,-0.209494128,3070.2
"St. George's Square, Pimlico",51.488226,-0.135635511,7125.1
"Swan Street, The Borough",51.50029631,-0.092762704,6192.9
"Knaresborough Place, Earl's Court",51.49363156,-0.190603326,4999.8
"Geraldine Street, Elephant & Castle",51.49612799,-0.106000855,2307.7
"Curlew Street, Shad Thames",51.50227992,-0.074189225,8982.7
"Vincent Square, Westminster",51.49398524,-0.136928582,4652.9
"Serpentine Car Park, Hyde Park",51.505014,-0.17306032,8133.8
"Marylebone Lane, Marylebone",51.51475963,-0.148105415,9156.2
"Putney Pier, Wandsworth",51.466907,-0.216573,6007.4
"Albert Gate, Hyde Park",51.50295379,-0.158456089,11337.2
"Rathbone Street, Fitzrovia",51.51816295,-0.135025698,6989.1
"Black Lion Gate, Kensington Gardens",51.50990837,-0.187842717,10571.8
"Long Lane , Bermondsey",51.49907558,-0.085666316,5128.9
"Embankment (Savoy), Strand",51.50963123,-0.119047563,6702.8
"Black Prince Road, Vauxhall",51.4908679,-0.116911864,6544.2
"Foley Street, Fitzrovia",51.51918144,-0.140485596,7892.3
"Grove End Road, St. John's Wood",51.53088935,-0.176770502,3737.3
"Wells Street, Fitzrovia",51.51734403,-0.138072691,10374.1
"Tyers Gate, Bermondsey",51.50088934,-0.083159352,6644.4
"The Tennis Courts, The Regent's Park",51.52536703,-0.153463612,4076.4
"Warwick Row, Westminster",51.497998,-0.14296064,NA
"Dickens Square, Borough",51.49679128,-0.093913472,3236.4
"Sackville Street, Mayfair",51.51004801,-0.138846453,9943.2
"Baldwin Street, St. Luke's",51.52702563,-0.088542771,NA
"Queen Mother Sports Centre, Victoria",51.49357351,-0.139956043,8584.6
"Bermondsey Street, Bermondsey",51.49785559,-0.081608045,8903.1
"Palissy Street, Shoreditch",51.526293,-0.073955,4210
"Clifton Street, Shoreditch",51.523196,-0.083067,7130.1
"Ontario Street, Elephant & Castle",51.49652013,-0.101384068,8733.4
"St. Martin's Street, West End",51.50908747,-0.129697889,6027.8
"Graham Street, Angel",51.53266186,-0.099981142,9178.7
"New North Road 1, Hoxton",51.53095,-0.085603,1997.9
"New North Road 2, Hoxton",51.53114,-0.086016,2686.1
"Prince Albert Road, The Regent's Park",51.53589283,-0.160854428,4812.5
"Eastbourne Mews, Paddington",51.51641749,-0.179135079,9066.2
"Bunhill Row, Moorgate",51.52085887,-0.089887855,9773.3
"Nevern Place, Earl's Court",51.49334336,-0.194757949,5291.6
"Palace Gardens Terrace, Notting Hill",51.50860544,-0.193764092,8464.2
"Concert Hall Approach 1, South Bank",51.505044,-0.115851,6723.8
"Tavistock Street, Covent Garden",51.51196803,-0.120718759,10317.2
"Concert Hall Approach 2, South Bank",51.504942,-0.115533,6011.1
"Pembridge Villas, Notting Hill",51.51108452,-0.197524944,4683.4
"Wellington Street , Strand",51.51175646,-0.119643424,12106.8
"Risinghill Street, Angel",51.5333196,-0.1117812,4127.5
"Bank of England Museum, Bank",51.51444134,-0.087587447,14487.1
"Craven Street, Strand",51.50810309,-0.12602103,18661.2
"London Zoo Car Park, The Regent's Park",51.53692216,-0.150181444,3218.1
"Goswell Road (City Uni), Finsbury",51.528246,-0.10102611,5211.6
"Flood Street, Chelsea",51.48802358,-0.166878535,10894.8
"Lower Marsh, Waterloo",51.50013942,-0.113936001,8227.1
"Grosvenor Square, Mayfair",51.51217033,-0.150481272,8742.8
"St. George Street, Mayfair",51.51196,-0.142783033,9210.1
"Queen's Gate, Kensington Gardens",51.5017154373867,-0.1798541843891,7090.9
"Macclesfield Rd, St Lukes",51.529423,-0.097122,7308.8
"Vauxhall Street, Vauxhall",51.486965,-0.116625,3680.9
"Greycoat Street , Westminster",51.49459148,-0.134234258,4940.4
"Northumberland Avenue, Strand",51.506767,-0.123702,9925.8
"Clapham Common Station, Clapham Common",51.461388,-0.13922146,NA
"South Kensington Station, South Kensington",51.494412,-0.173881,14106.5
"Howland Street, Fitzrovia",51.520994,-0.139016,12031.8
"High Holborn , Covent Garden",51.516226,-0.124826,7645
"Butler Place, Westminster",51.49782999,-0.135440826,NA
"Howick Place, Westminster",51.49675303,-0.138733562,12666.4
"Waterloo Station 2, Waterloo",51.50391973,-0.11342629,12977.6
"Royal College Street, Camden Town",51.536264,-0.133952,3547.4
"Lord's, St. John's Wood",51.5291212008901,-0.171185284853,1979.8
"Store Street, Bloomsbury",51.519572,-0.13214036,NA
"City Road, Angel",51.530344,-0.100168,6553.2
"Millennium Hotel, Mayfair",51.5109192966489,-0.1511263847351,7670.9
"Harrowby Street, Marylebone",51.5173721,-0.1642075,3050.5
"Harriet Street, Knightsbridge",51.50024195,-0.15934065,8853.5
"Paddington Green, Paddington",51.520205,-0.174593,2223.8
"King Edward Walk, Waterloo",51.49775,-0.10988,3515.9
"Sardinia Street, Holborn",51.515208,-0.117863,7975.7
"Prince Consort Road, Knightsbridge",51.49980661,-0.176415994,5816.2
"Waterloo Station 1, Waterloo",51.50402794,-0.11386436,18668.9
"Kensington Town Hall, Kensington",51.50194596,-0.194392952,5168.3
"Millbank Tower, Pimlico",51.49188409,-0.125674815,11604.8
"Waterloo Bridge, South Bank",51.50535447,-0.113656543,5128.5
"Natural History Museum, South Kensington",51.49559291,-0.179077626,9190.9
"Turquoise Island, Notting Hill",51.51431171,-0.200838199,6921.4
"Stanhope Gate, Mayfair",51.50686435,-0.150666888,5968.5
"Charlotte Street, Fitzrovia",51.51953043,-0.13577731,8137.2
"Farm Street, Mayfair",51.50935171,-0.14744969,5107.3
"Frith Street, Soho",51.51310333,-0.13121385,9459.3
"Marloes Road, Kensington",51.496481,-0.192404,4340.3
"Moor Street, Soho",51.51352755,-0.130110822,14217.5
"Fire Brigade Pier, Vauxhall",51.49369988,-0.121394101,9083.3
"Southampton Street, Strand",51.51070161,-0.121723604,11980.6
"Upper Grosvenor Street, Mayfair",51.51013066,-0.155757901,2390.2
"Buxton Street 1, Shoreditch",51.521776,-0.068856,4350.5
"Clifford Street, Mayfair",51.51066202,-0.142345694,NA
"Imperial College, Knightsbridge",51.49942855,-0.179702476,9843.4
"Snow Hill, Farringdon",51.51733427,-0.103604248,9721.7
"Aberdeen Place, St. John's Wood",51.524826,-0.176268,3033.2
"Cadogan Gardens, Chelsea",51.492462,-0.159919,9505.1
"Shouldham Street, Marylebone",51.51809,-0.163609,5217.4
"Devonshire Terrace, Bayswater",51.51348,-0.17977,2918.7
"Holland Park, Kensington",51.502319,-0.200742,3897.2
"Brick Lane Market, Shoreditch",51.52261762,-0.071653961,7506.1
"George Street, Marylebone",51.517703,-0.154106,9012
"Columbia Road, Shoreditch",51.528187,-0.075375,7162.6
"Penfold Street, Marylebone",51.52289229,-0.171681991,2566.2
"George Place Mews, Marylebone",51.51689296,-0.158249929,7485.8
"Palace Gate, Kensington Gardens",51.50204238,-0.184400221,7841.5
"Gloucester Road Station, South Kensington",51.49418566,-0.18267094,12338.2
"Strata, Elephant & Castle",51.493146,-0.099828,9031.1
"Edgware Road Station, Marylebone",51.519968,-0.169774,6665.3
"Rotherhithe Roundabout, Rotherhithe",51.499169,-0.055846029,NA
"Cleaver Street, Kennington",51.488105,-0.110121,4084.8
"Chelsea Bridge, Pimlico",51.485821,-0.149004,6702.9
"Southwark Station 1, Southwark",51.504043,-0.105312,7528.9
"Southwark Station 2, Southwark",51.504044,-0.104778,9980.3
"Eaton Square (South), Belgravia",51.49456127,-0.15393398,5959.9
"Ebury Bridge, Pimlico",51.490491,-0.149186,6959.7
"Harrington Square 2, Camden Town",51.533379,-0.139159,6537.9
"Vincent Street, Pimlico",51.493072,-0.129925,6905.5
"Cheapside, Bank",51.51397065,-0.09294031,20983.6
"Exhibition Road, Knightsbridge",51.499917,-0.174554,13805.7
"South Parade, Chelsea",51.48902,-0.17524,6549.3
"Crinan Street, King's Cross",51.534474,-0.122203,4754.6
"Exhibition Road Museums 1, South Kensington",51.496468,-0.17379696,NA
"Wren Street, Holborn",51.524564,-0.116279,9994.1
"Kennington Station, Kennington",51.488852,-0.105593,6678.2
"Red Lion Street, Holborn",51.51824,-0.11655,12237.1
"Vauxhall Walk, Vauxhall",51.488124,-0.120903,6476.9
"Killick Street, King's Cross",51.5338,-0.118677,4444.7
"Kennington Oval, Oval",51.483145,-0.113134,6410.6
"Sail Street, Vauxhall",51.495656,-0.114605,5386.8
"Walmer Road, Avondale",51.510101,-0.211358,3780.6
"Philpot Street, Whitechapel",51.515256,-0.058641,6724.6
"Bethnal Green Garden, Bethnal Green",51.52568,-0.055312,6411.5
"Cheshire Street, Bethnal Green",51.52388,-0.065076,5276.3
"York Hall, Bethnal Green",51.528936,-0.055894,7657.1
"Jubilee Crescent, Cubitt Town",51.493381,-0.007542,2127
"Fisherman's Walk West, Canary Wharf",51.50623,-0.02296,5664.2
"Shadwell Station, Shadwell",51.511088,-0.057159,9769.6
"Jubilee Street, Stepney",51.515975,-0.053177,4287
"Hermitage Court, Wapping",51.504719,-0.063531,4548.6
"St. Katharine's Way, Tower",51.505697,-0.070542,6125.4
"Garnet Street, Shadwell",51.508447,-0.055167,5854.2
"Napier Avenue, Millwall",51.487679,-0.021582,1882.2
"East Ferry Road, Cubitt Town",51.49447,-0.014409,2052.5
"Parkway, Camden Town",51.538071,-0.144664,6539
"Castlehaven Road, Camden Town",51.542138,-0.145393,6554.3
"Wapping Lane, Wapping",51.504749,-0.057544,6708.4
"Gunmakers Lane, Old Ford",51.535179,-0.03338,5892.3
"Burdett Road, Mile End",51.516196,-0.029138,5163.9
"Aston Street, Stepney",51.516,-0.038775,4268
"Bonny Street, Camden Town",51.541603,-0.138853,8061.6
"Thurtle Road, Haggerston",51.534776,-0.071881,NA
"St. Mary & St. Michael Church, Stepney",51.51417,-0.052099,2572.3
"Pitfield Street North,Hoxton",51.53558,-0.08249,7709.8
"Whiston Road, Haggerston",51.534464,-0.076341,3731.7
"Southern Grove, Bow",51.523538,-0.030556,2923.2
"Cantrell Road, Bow",51.521564,-0.022694,1789.5
"Lindfield Street, Poplar",51.513757,-0.020467,3937.2
"Mostyn Grove, Bow",51.530535,-0.025492,3808.1
"Hewison Street, Old Ford",51.533283,-0.028155,4987.5
"Malmesbury Road, Bow",51.529452,-0.027616,1052.6
"Millharbour, Millwall",51.496137,-0.019355,1754.8
"Gascoyne Road, Victoria Park",51.541515,-0.038557746,NA
"Lightermans Road, Millwall",51.499041,-0.020157,3663.6
"Stebondale Street, Cubitt Town",51.489096,-0.009205,1189.1
"Spindrift Avenue, Millwall",51.49109,-0.018716,2111.9
"Stepney Green Station, Stepney",51.521889,-0.04667,10205.9
"Pott Street, Bethnal Green",51.527152,-0.058005,8961.8
"Flamborough Street, Limehouse",51.5128711,-0.0389866,9670.9
"Saunders Ness Road, Cubitt Town",51.487129,-0.0090011,5003.7
"Exhibition Road Museums 2, South Kensington",51.495947,-0.17368958,NA
"Albert Gardens, Stepney",51.51328,-0.047784,6773.7
"Bromley High Street, Bow",51.528828,-0.013258,3417.3
"Old Ford Road, Bethnal Green",51.531127,-0.048017,7010
"Granby Street, Shoreditch",51.525645,-0.069543,9197
"Canton Street, Poplar",51.511811,-0.025626,3853.8
"Reardon Street, Wapping",51.506946,-0.058681,5821.4
"Christian Street, Whitechapel",51.513074,-0.064094,6457.8
"Pennington Street, Wapping",51.508622,-0.065006,3387.4
"Queen Mary's, Mile End",51.522507,-0.041378,9473
"Maplin Street, Mile End",51.525501,-0.032267204,NA
"South Quay East, Canary Wharf",51.50196,-0.016251,542.8
"Bow Church Station, Bow",51.528169,-0.018703,6094.8
"Devons Road, Bow",51.52512,-0.015578,4709.2
"Merchant Street, Bow",51.526578,-0.027581,4468.6
"Bow Road Station, Bow",51.527058,-0.025296,4697.3
"Furze Green, Bow",51.519265,-0.021345,5084.1
"Ansell House, Stepney",51.520019,-0.05438,7832.4
"Cephas Street, Bethnal Green",51.522561,-0.054883,5762.4
"Bonner Gate, Victoria Park",51.53341,-0.049591815,NA
"Cleveland Way, Stepney",51.520893,-0.051394,11352.7
"St. John's Park, Cubitt Town",51.496454,-0.009506,927.5
"Ackroyd Drive, Bow",51.520398,-0.026768,4342.8
"Bell Lane, Liverpool Street",51.517475,-0.075855,11315.3
"Clarkson Street, Bethnal Green",51.528692,-0.059091,5604
"Fournier Street, Whitechapel",51.519362,-0.074431,11536.4
"Fore Street, Guildhall",51.517842,-0.090075,8492.4
"Westferry DLR, Limehouse",51.509303,-0.025996,8853.6
"Sutton Street, Shadwell",51.511066,-0.053558,8774.1
"Pritchard's Road, Bethnal Green",51.532091,-0.06142,11394.6
"Watney Market, Stepney",51.5142228,-0.055656,6389.4
"Portman Square, Marylebone",51.516204,-0.155525,9696.6
"Russell Gardens, Olympia",51.500088,-0.211316,2644.9
"Chrisp Street Market, Poplar",51.5112,-0.014438,4470.8
"Ford Road, Old Ford",51.532513,-0.033085,5281.1
"Antill Road, Mile End",51.528224,-0.037471,6540.2
"Teviot Street, Poplar",51.518811,-0.011662,1326.9
"Bancroft Road, Bethnal Green",51.526041,-0.047218,6439
"Driffield Road, Old Ford",51.534137,-0.037366,5817.3
"Clinton Road, Mile End",51.525941,-0.036017,6574.2
"Langdon Park, Poplar",51.51549,-0.013475,1630.4
"Lancaster Gate , Bayswater",51.511654,-0.179668,10682.7
"Lancaster Drive, Blackwall",51.503143,-0.008428,1681.3
"Hansard Mews, Holland Park",51.503802,-0.215808,4617.1
"Clarges Street, Mayfair",51.507326,-0.145827,6872.4
"Manresa Road, Chelsea",51.486892,-0.170983,7898.9
"Newby Place, Poplar",51.508896,-0.012413,3260.5
"Twig Folly Bridge, Mile End",51.530326,-0.042744,7082.2
"Jubilee Plaza, Canary Wharf",51.50357,-0.020068,7817.3
"Wellington Row, Bethnal Green",51.528222,-0.069743,7806.1
"Goldsmith's Row, Haggerston",51.531864,-0.066035,8235.8
"Gloucester Avenue, Camden Town",51.537349,-0.147154,6014.4
"Queensbridge Road, Haggerston",51.53385,-0.06992,5739.2
"Old Montague Street, Whitechapel",51.51793,-0.067937,7976.4
"Naval Row, Blackwall",51.508981,-0.00699,4532.1
"Hoxton Station, Hoxton",51.531091,-0.075901,6588.2
"Albany Street, The Regent's Park",51.528302,-0.144466,6240.2
"Green Park Station, Mayfair",51.506613,-0.142844,21552.9
"Salmon Lane, Limehouse",51.514115,-0.033828,6068.1
"Lansdowne Walk, Ladbroke Grove",51.509591,-0.204666,2736.6
"Percival Street, Finsbury",51.526153,-0.102208,7307.5
"Arlington Road, Camden Town",51.539957,-0.145246,5603.8
"New Fetter Lane, Holborn",51.517428,-0.107987,11593
"East India DLR, Blackwall",51.509474,-0.002275,4002
"Westminster Bridge Road, Elephant & Castle",51.498386,-0.107913,3501.3
"Gaywood  Street, Elephant & Castle",51.49605,-0.104193,8230.2
"Harford Street, Mile End",51.521564,-0.039264,4411
"Import Dock, Canary Wharf",51.505772,-0.016460175,5438.5
"Watney Street, Shadwell",51.511542,-0.056667,9782
"Regent's Row , Haggerston",51.535678,-0.062546,13998.2
"Aberfeldy Street, Poplar",51.513548,-0.005659,1746.5
"Heron Quays DLR, Canary Wharf",51.502661,-0.021596,3799.9
"King Edward Street, St Pauls",51.51601,-0.0985,6218.4
"Page Street, Westminster",51.493978,-0.127554,12313.1
"Abbotsbury Road, Holland Park",51.501391,-0.205991,2490
"Ladbroke Grove Central, Ladbroke Grove",51.511624,-0.205921,3051
"Rectory Square, Stepney",51.518369,-0.043371,4502.1
"Bury Place, Holborn",51.51746,-0.12335,8726.7
"Preston's Road, Cubitt Town",51.499286,-0.009152,2231.4
"Somerset House, Strand",51.509943,-0.117619,18521.4
"Selby Street, Whitechapel",51.521905,-0.063386,2883.4
"Westfield Ariel Way, White City",51.509158,-0.224103,6230.2
"Bishop's Bridge Road West, Bayswater",51.51616,-0.18697,10869.5
"Pitfield Street Central, Hoxton",51.53213,-0.08299,5996.6
"Upper Bank Street, Canary Wharf",51.503083,-0.017676,8147.4
"Westfield Southern Terrace ,Shepherd's Bush",51.506256,-0.218337,5734.2
"Greenland Road, Camden Town",51.539099,-0.141728,9431.3
"Limerston Street, West Chelsea",51.485587,-0.18119,18071.9
"Eagle Wharf Road, Hoxton",51.53356,-0.09315,13040.3
"Alpha Grove, Millwall",51.497304,-0.022793,2940.9
"Globe Town Market, Bethnal Green",51.528869,-0.047548,8931.7
"Hollybush Gardens, Bethnal Green",51.527607,-0.057133,6333.4
"Queen Street 2, Bank",51.511246,-0.093051,21100.5
"Doddington Grove, Kennington",51.48692917,-0.102996299,8152
"New Cavendish Street, Marylebone",51.519167,-0.147983,11401.9
"Ilchester Gardens, Bayswater",51.51244,-0.19096,9363.5
"Mudchute DLR, Cubitt Town",51.490645,-0.014582,1465.7
"Monument Street, Monument",51.50964,-0.08497,16137.4
"Hoxton Street, Hoxton",51.52959,-0.0801,5564.9
"Drayton Gardens, West Chelsea",51.487196,-0.179369,10598.9
"Greenberry Street, St.John's Wood",51.53256,-0.16862,2386.1
"Bishop's Bridge Road East, Bayswater",51.5171,-0.18377,7127.5
"Northdown Street, King's Cross",51.531066,-0.11934,6684.2
"Kingsway Southbound, Strand",51.513875,-0.117774,13778.8
"Hammersmith Road, Hammersmith",51.493267,-0.21985,9083.7
"Parson's Green , Parson's Green",51.472817,-0.199783,10910
"Fulham Park Road, Fulham",51.473471,-0.20782,6070.8
"Southerton Road, Hammersmith",51.494499,-0.228188,7949.7
"Manbre Road, Hammersmith",51.485743,-0.223616,3677.7
"South Lambeth Road, Vauxhall",51.481747,-0.124642,9317.3
"BBC White City, White City",51.514767,-0.225787,5749
"Union Grove, Wandsworth Road",51.472993,-0.133972,8234
"Caldwell Street, Stockwell",51.477839,-0.116493,7977.6
"St Martins Close, Camden Town",51.538792,-0.138535,4233.6
"Seymour Place, Marylebone",51.520331,-0.163667,8508.4
"Addison Road, Holland Park",51.504199,-0.210941,4963.2
"Putney Bridge Station, Fulham",51.468814,-0.210279,9169.5
"Colet Gardens, Hammersmith",51.491093,-0.216493,1758.9
"Sugden Road, Clapham",51.46512358,-0.157788279,5607.1
"Danvers Street, West Chelsea",51.48256792,-0.172078187,8017.9
"Princedale Road , Holland Park",51.50646524,-0.208486599,6451.3
"Wandsworth Rd, Isley Court, Wandsworth Road",51.46925984,-0.141812513,8410.6
"Woodstock Grove, Shepherd's Bush",51.50403821,-0.217400093,9735.1
"London Fields, Hackney Central",51.54119,-0.058826101,NA
"Finlay Street, Fulham",51.4768851,-0.215895601,7209
"Aintree Street, Fulham",51.48102131,-0.209973497,8349.7
"Elysium Place, Fulham",51.47107905,-0.207842908,6495.4
"Eel Brook Common, Walham Green",51.47625965,-0.193254007,7040.9
"Irene Road, Parsons Green",51.4737636,-0.197010096,7870.1
"Surrey Lane, Battersea",51.47518024,-0.167160736,7169.4
"Wandsworth Town Station, Wandsworth",51.46086446,-0.187427294,8649.3
"Lansdowne Road, Ladbroke Grove",51.50748124,-0.205535908,7942.3
"Nantes Close, Wandsworth",51.46193072,-0.180791784,2582.1
"Courland Grove, Wandsworth Road",51.4729184,-0.132102704,5703.8
"Queen's Circus, Battersea Park",51.47761941,-0.149551631,NA
"Normand Park, West Kensington",51.48438657,-0.20481514,10839.5
"Holden Street, Battersea",51.4687905,-0.158230901,4444.6
"William Morris Way, Sands End",51.46881971,-0.184318843,9818.7
"Morie Street, Wandsworth",51.45995384,-0.190184054,2763.7
"Clarence Walk, Stockwell",51.47073264,-0.126994068,4899.3
"Battersea Park Road, Nine Elms",51.4795017,-0.141770709,8171
"Sheepcote Lane, Battersea",51.47053858,-0.163041605,7592.8
"Vereker Road, West Kensington",51.48959104,-0.209378594,8225.3
"Brook Green South, Brook Green",51.49434708,-0.215804559,7225.5
"Greyhound Road, Hammersmith",51.48606206,-0.214428378,7817.7
"South Park, Sands End",51.46706414,-0.193502076,6270.6
"Spencer Park, Wandsworth Common",51.45787019,-0.174691623,2733.2
"Falcon Road, Clapham Junction",51.46663393,-0.169821175,10965.8
"Coomer Place, West Kensington",51.48357068,-0.202038682,10009.4
"Silverthorne Road, Battersea",51.47286577,-0.148059277,8128.6
"Archbishop's Park, Waterloo",51.49824168,-0.117495865,7137
"Fawcett Close, Battersea",51.46916161,-0.174485792,3530.5
"All Saints' Road, Portobello",51.5190427,-0.204764421,3531.8
"Rainville Road, Hammersmith",51.48373225,-0.223852256,7213.5
"Great Suffolk Street, The Borough",51.50173215,-0.100292412,9533.9
"Buckingham Gate, Westminster",51.49886563,-0.137424571,13640.4
"Richmond Way, Shepherd's Bush",51.50035306,-0.217515071,7121.6
"Peterborough Road, Sands End",51.46904022,-0.19627483,3666.2
"World's End Place, West Chelsea",51.48180515,-0.18027465,9212.8
"St. Mark's Road, North Kensington",51.51687069,-0.213872396,6843.9
"Thorndike Close, West Chelsea",51.48089844,-0.183853573,8573.9
"Evesham Street, Avondale",51.51148696,-0.218190203,4012.1
"Simpson Street, Clapham Junction",51.47084722,-0.17070367,10062.6
"Ashmole Estate, Oval",51.48267821,-0.117661574,8917.8
"Crabtree Lane, Fulham",51.48294452,-0.219346128,6387.8
"Broomhouse Lane, Parsons Green",51.46841875,-0.199135704,4673.6
"Blythe Road West, Shepherd's Bush",51.4996806,-0.221791552,5652.6
"Ethelburga Estate, Battersea Park",51.47729232,-0.16478637,13309.5
"Blackfriars Station, St. Paul's",51.511934,-0.10307894,NA
"West Kensington Station, West Kensington",51.49087074,-0.206029743,7224.5
"All Saints Church, Portobello",51.51632095,-0.202608612,11521.4
"Phene Street, Chelsea",51.48498496,-0.167919869,11161
"Clarendon Road, Avondale",51.51323001,-0.211593602,3913.8
"Austin Road, Battersea Park",51.474376,-0.155442787,11018.8
"Smugglers Way, Wandsworth",51.46108367,-0.191722864,6252.9
"Shepherd's Bush Road North, Shepherd's Bush",51.5015946,-0.222293381,7440.1
"Ravenscourt Park Station, Hammersmith",51.49422354,-0.236769936,7268.9
"Teversham Lane, Stockwell",51.47614939,-0.1232585,4016.4
"Ashley Crescent, Battersea",51.46718562,-0.152248582,7888.1
"Parsons Green Station, Parsons Green",51.475089,-0.201968,9007.7
"Hibbert Street, Battersea",51.46517078,-0.18038939,6967.1
"Carnegie Street, King's Cross",51.53546778,-0.11619105,6930.8
"Usk Road, Clapham Junction",51.46348914,-0.182126248,6026.3
"Hartington Road, Stockwell",51.47787084,-0.126874471,9020.1
"Heath Road, Battersea",51.46866929,-0.146544642,6322.9
"Esmond Street, Putney",51.46231278,-0.211468596,2581.7
"Orbel Street, Battersea",51.47453545,-0.170210533,7154.6
"Westbridge Road, Battersea",51.47768469,-0.170329317,15380.4
"Bishop's Avenue, Fulham",51.47303687,-0.214749808,6493.7
"Crisp Road, Hammersmith",51.48810829,-0.22660621,8787.7
"Dorothy Road, Clapham Junction",51.46506424,-0.163750945,7465.3
"Neville Gill Close, Wandsworth",51.45475251,-0.195197203,4379.7
"Osiers Road, Wandsworth",51.46067005,-0.198735357,6142.5
"Beryl Road, Hammersmith",51.48814438,-0.222456468,6953.3
"Northfields, Wandsworth",51.46095151,-0.20066766,3360
"Spanish Road, Clapham Junction",51.45922541,-0.180884959,1920.1
"Stanley Grove, Battersea",51.47047503,-0.152130083,4881.9
"Erin Close, Walham Green",51.47946386,-0.195777222,10534.2
"Cadogan Close, Victoria Park",51.54211855,-0.028941601,6873.8
"Felsham Road, Putney",51.464786,-0.215618902,6319.2
"Putney Rail Station, Putney",51.46071722,-0.216526155,5025.9
"Islington Green, Angel",51.53638435,-0.102757578,16348.3
"Charing Cross Hospital, Hammersmith",51.48728535,-0.217995921,6928.8
"Charlotte Terrace, Angel",51.53639219,-0.112721065,6566.7
"Shoreditch Court, Haggerston",51.53908372,-0.070329419,8434.8
"Belford House, Haggerston",51.5366541,-0.07023031,5480
"Battersea Church Road, Battersea",51.47696496,-0.174347066,10179.2
"Vicarage Crescent, Battersea",51.47287627,-0.176267008,11818.4
"Durant Street, Bethnal Green",51.52868155,-0.065550321,8688.5
"St. Bride Street, Holborn",51.51505991,-0.10534448,20001.4
"Mexfield Road, East Putney",51.45682071,-0.202802098,3356.8
"Upper Richmond Road, Putney",51.45971528,-0.212145939,NA
"Snowsfields, London Bridge",51.50215353,-0.083632928,14898.8
"Barons Court Station, West Kensington",51.49021762,-0.215087092,6430.6
"Disraeli Road, Putney",51.46161068,-0.21614583,5187.6
"Montserrat Road , Putney",51.46321128,-0.215550761,5269
"Albert Bridge Road, Battersea Park",51.47439218,-0.163347594,9721.5
"Everington Street, Fulham",51.48335692,-0.216305546,6908.6
"Mile End Stadium, Mile End",51.51854104,-0.034903714,7758
"Hawley Crescent, Camden Town",51.54100708,-0.14326094,4934
"Stewart's Road, Wandsworth Road",51.47311696,-0.137235175,4662.9
"Aylward Street, Stepney",51.51563007,-0.049067243,5668.7
"Stainsby Road , Poplar",51.51542791,-0.02356501,6484.6
"Dunston Road , Haggerston",51.53658514,-0.075885686,16200.6
"Ada Street, Hackney Central",51.53571683,-0.060291813,11394
"Victoria Park Road, Hackney Central",51.53642464,-0.054162264,12352.8
"Star Road, West Kensington",51.48724429,-0.205279052,6550
"Wendon Street, Old Ford",51.53603947,-0.026262677,4720.5
"Finnis Street, Bethnal Green",51.52458353,-0.058631453,7384.2
"Stephendale Road, Sands End",51.46822047,-0.190346493,10136.2
"Alma Road, Wandsworth",51.45799126,-0.184806157,4208.8
"Walworth Square, Walworth",51.491327,-0.096518684,NA
"Alfreda Street, Battersea Park",51.47505096,-0.150908371,8709.5
"Chesilton Road, Fulham",51.47569809,-0.20587627,9548.2
"Putney Bridge Road, East Putney",51.46199911,-0.206240805,3933
"St. Peter's Terrace, Fulham",51.47893931,-0.208485293,9189.2
"Bridge Avenue, Hammersmith",51.49208492,-0.229116862,9352.1
"Duke Street Hill, London Bridge",51.50630441,-0.087262995,25948.8
"Park Lane, Mayfair",51.50542628,-0.150817316,8095.6
"Plough Terrace, Clapham Junction",51.46230566,-0.175407201,6563.4
"Grant Road East, Clapham Junction",51.46489445,-0.17302926,11003.1
"Queensdale Road, Shepherd's Bush",51.50659035,-0.216104479,3679.2
"Fulham Broadway, Walham Green",51.47993289,-0.19411695,17879.8
"Imperial Road, Sands End",51.47514228,-0.187278987,5009.3
"Sirdar Road, Avondale",51.51092871,-0.214594781,2214.7
"Freston Road, Avondale",51.5129814,-0.219486603,4542.4
"Blenheim Crescent, Ladbroke Grove",51.51510818,-0.208565479,8852.8
"Oxford Road, Putney",51.46079243,-0.212607684,4247.9
"Ingrave Street, Clapham Junction",51.46745485,-0.172293499,4578.7
"Upcerne Road, West Chelsea",51.47816972,-0.18243547,6685.2
"Lots Road, West Chelsea",51.4795738,-0.17903854,10898.1
"Ormonde Gate, Chelsea",51.48796408,-0.161765173,10177.6
"Hertford Road, De Beauvoir Town",51.53727795,-0.079201849,10565.9
"Haggerston Road, Haggerston",51.53932857,-0.074284675,11148
"Culvert Road, Battersea",51.4710956,-0.157850096,5148
"Newton Street, Covent Garden",51.51612862,-0.120909408,10265.1
"Grenfell Road, Avondale",51.5129006,-0.214762686,4567.1
"The Vale, Chelsea",51.48512191,-0.174971902,11927.8
"Prince of Wales Drive, Battersea Park",51.47515398,-0.159169801,8980.9
"Harcourt Terrace, West Brompton",51.48795853,-0.187404506,9931.5
"Westbourne Park Road, Portobello",51.51787005,-0.201005397,7353.4
"Broadley Terrace, Marylebone",51.52456169,-0.165668686,3049.3
"Humbolt Road, Fulham",51.48321729,-0.211860644,7184.8
"Storey's Gate, Westminster",51.50070305,-0.129698963,30493.9
"Mile End Park Leisure Centre, Mile End",51.52059714,-0.032566533,8133.2
"St. John's Road, Clapham Junction",51.46239255,-0.16829214,9419.7
"Ranelagh Gardens, Fulham",51.46760141,-0.20682737,4589.9
"Ram Street, Wandsworth",51.45752945,-0.192165613,10024.5
"Santos Road, Wandsworth",51.45705988,-0.200806304,1589.6
"Clapham Common North Side, Clapham Common",51.46134382,-0.159322467,9999.5
"Sandilands Road, Walham Green",51.473611,-0.191803,8564.1
"Gwendwr Road, West Kensington",51.491026,-0.209121,5569.6
"Rifle Place, Avondale",51.509224,-0.216016,5655
"Binfield Road, Stockwell",51.47250956,-0.122831913,11468.7
"Tallis Street, Temple",51.511891,-0.107349,19918.8
"Hurlingham Park, Parsons Green",51.470131,-0.20464,4385.8
"Little Brook Green, Brook Green",51.496664,-0.223868,6330.1
"Abyssinia Close, Clapham Junction",51.460333,-0.167029,6984.1
"Limburg Road, Clapham Junction",51.4619230679,-0.165297856693,419.8
"Houndsditch, Aldgate",51.514449,-0.077178979,14371.4
"Imperial Wharf Station, Sands End",51.474665,-0.18316517,15213.1
"Victoria & Albert Museum, South Kensington",51.495898,-0.173009,10936.1
"Halford Road, West Kensington",51.483911,-0.19760944,10312.7
"Monier Road, Hackney Wick",51.5403115,-0.021630359,6178.8
"East Village, Queen Elizabeth Olympic Park",51.546326,-0.00993526,5767.9
"Aquatic Centre, Queen Elizabeth Olympic Park",51.54094,-0.010510565,8760.9
"Lee Valley VeloPark, Queen Elizabeth Olympic Park",51.549369,-0.015717614,2761.1
"Timber Lodge, Queen Elizabeth Olympic Park",51.546805,-0.01469126,3342.7
"Podium, Queen Elizabeth Olympic Park",51.538718,-0.011889482,5853.5
"Stratford Station, Stratford",51.541793,-0.00481,6083.3
"Blackfriars Road, Southwark",51.505461,-0.10454093,14613.9
"Cromer Street, Bloomsbury",51.528279,-0.11955857,8150.5
"Victoria Rise, Clapham Common",51.461376,-0.14780467,NA
"Euston Square Gardens, Euston",51.527068,-0.13186102,9169.5
"Coram Street, Bloomsbury",51.524,-0.12640984,7508.8
"Ossulston Street, Somers Town",51.5293,-0.12827903,13396.4
"Birkenhead Street, King's Cross",51.5301998755,-0.122299440803,16194.9
"Kings Gate House, Westminster",51.4976984561,-0.137598896295,14615.4
"Sopwith Way, Battersea Park",51.4811219398,-0.149035374873,10738.4
"Lavington Street, Bankside",51.5052241745,-0.0980318118664,14376.4
"Albert Square, Stockwell",51.4765900593,-0.118256789081,9250.9
"Southwark Street, Bankside",51.5054099403,-0.0983410884509,8832.4
"Good's Way, King's Cross",51.5346677396,-0.125078652873,16821
"The Metropolitan, Portobello",51.520509,-0.20080483,NA
"Handyside Street, King's Cross",51.5372405623,-0.124807385707,8502.6
"Bevington Road West, North Kensington",51.5212,-0.208888173,9432.4
"Gauden Road, Clapham",51.464995,-0.13090885,NA
"Lincoln's Inn Fields, Holborn",51.5162778834,-0.118272991635,13032.8
"Tate Modern, Bankside",51.5067252868,-0.0988072461627,16465.3
"Westferry Circus, Canary Wharf",51.5057030357,-0.0277727426235,11277.1
"Here East North, Queen Elizabeth Olympic Park",51.5487311915,-0.0226065549321,2418.8
"New Spring Gardens Walk, Vauxhall",51.4878074485,-0.122759625866,14160
"Clapham Road, Lingham Street, Stockwell",51.4714330677,-0.123670735702,6124.1
"Lambeth Palace Road, Waterloo",51.5000891978,-0.116628700672,20556.3
"Here East South, Queen Elizabeth Olympic Park",51.5465327935,-0.0205975904647,2896
"Riverlight South, Nine Elms",51.4813354746,-0.138212295869,11073.3
"Westminster Pier, Westminster",51.501513,-0.12382322,NA
"Belvedere Road 2, South Bank",51.50621,-0.114842,14451.9
"Victory Place, Walworth",51.492807,-0.091938,8531.9
"Battersea Power Station, Battersea Park",51.4835074867,-0.147714557371,14544.2
"Allington Street, Victoria",51.496863,-0.1429434,26763.6
"Cranmer Road, Stockwell",51.479601,-0.11147178,11613.5
"Normandy Road, Stockwell",51.473874,-0.11258096,9223.8
"Wynne Road, Stockwell",51.469217,-0.11268674,5174.6
"Sidney Road, Stockwell",51.469202,-0.11902256,6894
"St John's Crescent, Brixton",51.466232,-0.11317995,5575.7
"Ferndale Road, Brixton",51.464019,-0.11578197,NA
"Saltoun Road, Brixton",51.460232,-0.11537509,8699.5
"Gas Holders, Battersea Park",51.477966,-0.14785703,9709
"Farringdon Street, Holborn",51.516785,-0.10494775,9757.3
"York Way, Kings Cross",51.541596,-0.12544145,7403.9
"Fore Street Avenue, Guildhall",51.518093,-0.0914017,9494.6
"Sea Containers, South Bank",51.508033,-0.10682363,18169.8
"George Row, Bermondsey",51.498585,-0.068981764,NA
"Tower Wharf, Bermondsey",51.500845,-0.074704305,NA
"Temple Gardens, Temple",51.510981,-0.10832249,NA
"Canada Water Station, Rotherhithe",51.498439,-0.049150215,NA
"Bermondsey Station, Bermondsey",51.497995,-0.063471392,NA
