"name","lat","long","k"
"River Street , Clerkenwell",51.52916347,-0.109970527,2275.6
"Phillimore Gardens, Kensington",51.49960695,-0.197574246,5303.7
"Christopher Street, Liverpool Street",51.52128377,-0.084605692,4890.5
"St. Chad's Street, King's Cross",51.53005939,-0.120973687,2277.8
"Sedding Street, Sloane Square",51.49313,-0.156876,5878
"Broadcasting House, Marylebone",51.51811784,-0.144228881,4126.9
"Charlbert Street, St. John's Wood",51.53430039,-0.1680743,1699.5
"Maida Vale, Maida Vale",51.529857,-0.18348604,3475.4
"New Globe Walk, Bankside",51.5073853,-0.096440751,3580.1
"Park Street, Bankside",51.50597426,-0.092754157,2712.9
"Brunswick Square, Bloomsbury",51.52395143,-0.122502346,3279.6
"Malet Street, Bloomsbury",51.52168078,-0.130431727,4664.5
"Scala Street, Fitzrovia",51.51991453,-0.136039674,2756.4
"Belgrove Street , King's Cross",51.52994371,-0.123616824,9713.4
"Great Russell Street, Bloomsbury",51.51772703,-0.127854211,4509.4
"Cartwright Gardens , Bloomsbury",51.52635795,-0.125979294,3320.7
"Hatton Wall, Holborn",51.5216612,-0.109006325,7078.1
"Drury Lane, Covent Garden",51.51477076,-0.12221963,6112.5
"Taviton Street, Bloomsbury",51.52505093,-0.131161087,4303.6
"Drummond Street , Euston",51.527326,-0.13605286,2151.6
"Northington Street , Holborn",51.5222641,-0.114079481,3903.2
"Red Lion Square, Holborn",51.51943538,-0.119123345,3167.5
"British Museum, Bloomsbury",51.51908011,-0.124678402,6116.8
"Doric Way , Somers Town",51.5288338,-0.132250369,4491.2
"Ampton Street , Clerkenwell",51.52728093,-0.11829517,2240.8
"Bouverie Street, Temple",51.51382102,-0.107927706,5118.2
"Bolsover Street, Fitzrovia",51.52351808,-0.143613641,4475.8
"Hereford Road, Bayswater",51.513735,-0.193487,3290.5
"Windsor Terrace, Hoxton",51.52915444,-0.093421615,4492.7
"Fanshaw Street, Hoxton",51.52953709,-0.083353323,4249.5
"Leonard Circus , Shoreditch",51.52469624,-0.084439283,8052.6
"Central House, Aldgate",51.515231,-0.07015,6846.9
"Pancras Road, King's Cross",51.5341235,-0.129386874,2287.9
"De Vere Gardens, Kensington",51.50173726,-0.184980612,3616.2
"Penywern Road, Earl's Court",51.49159394,-0.192369256,5083.2
"Abingdon Villas, Kensington",51.4973875,-0.197245586,2618
"Shoreditch High Street, Shoreditch",51.5263778,-0.078130921,8274.4
"Commercial Street, Shoreditch",51.52127071,-0.0755789,4802.2
"Pindar Street, Liverpool Street",51.520955,-0.083493552,4400.7
"Wenlock Road , Hoxton",51.53099181,-0.093903825,4494.7
"Crawford Street, Marylebone",51.52026,-0.157183945,5042.1
"Bruton Street, Mayfair",51.51073687,-0.144165239,3791.5
"Boston Place, Marylebone",51.522511,-0.162298,6315
"Nesham Street, Wapping",51.507131,-0.06691,5525.9
"Warwick Avenue Station, Maida Vale",51.52334476,-0.183846408,4105
"Godliman Street, St. Paul's",51.51248445,-0.099141408,7528.7
"Curzon Street, Mayfair",51.50706909,-0.145904427,4321.5
"East Road, Hoxton",51.52867339,-0.087459376,3885
"Finsbury Library , Finsbury",51.52671796,-0.104298194,3997.2
"Roscoe Street, St. Luke's",51.52295439,-0.094934859,4023.1
"Grafton Street, Mayfair",51.5099923,-0.143495266,3671.7
"Golden Lane, Barbican",51.52174785,-0.094475072,4710
"Finsbury Circus, Liverpool Street",51.51707521,-0.086685542,10001.3
"Paddington Street, Marylebone",51.52058381,-0.154701411,3879
"Guilford Street , Bloomsbury",51.52334672,-0.120202614,5530.1
"New Inn Yard, Shoreditch",51.52452699,-0.079248081,6079.1
"Lisson Grove, St. John's Wood",51.52644828,-0.172190727,1658.3
"Great Dover Street, The Borough",51.49738251,-0.089446947,2391.6
"Cotton Garden Estate, Kennington",51.4907579,-0.106323685,2032.5
"Murray Grove , Hoxton",51.53089041,-0.089782579,2100.4
"William IV Street, Strand",51.50946212,-0.124749274,8118.4
"Holborn Circus, Holborn",51.51795029,-0.108657431,11570.3
"Hatton Garden, Holborn",51.51882555,-0.108028472,6166.9
"Theobald's Road , Holborn",51.52059681,-0.116688468,4967.8
"Euston Road, Euston",51.5262363,-0.134407652,4286.5
"Calshot Street , King's Cross",51.53136059,-0.117069978,1868.2
"Newgate Street , St. Paul's",51.5154186,-0.098850915,9648.1
"Farringdon Lane, Clerkenwell",51.52352001,-0.108340165,4791.4
"Old Street Station, St. Luke's",51.52548,-0.089659871,7665.9
"Vauxhall Cross, Vauxhall",51.48591714,-0.124469948,9483.4
"Torrens Street, Angel",51.53219984,-0.105480698,4222.7
"Longford Street, The Regent's Park",51.52559505,-0.144083893,2763.6
"Russell Square Station, Bloomsbury",51.52341837,-0.124121774,4941
"Sadlers Sports Centre, Finsbury",51.52486887,-0.099489485,4954.6
"Arundel Street, Temple",51.511726,-0.11385596,3746.2
"Webber Street , Southwark",51.50069361,-0.102091246,3495.9
"Great Titchfield Street, Fitzrovia",51.52025302,-0.141327271,4672.6
"Chancery Lane, Holborn",51.514274,-0.111257,3185.7
"Panton Street, West End",51.50963938,-0.131510949,8425.3
"Breams Buildings, Holborn",51.51593725,-0.111778348,4398.3
"Tanner Street, Bermondsey",51.50064702,-0.078600401,6095.9
"Sancroft Street, Vauxhall",51.48947903,-0.115156562,3350.4
"Devonshire Square, Liverpool Street",51.51646835,-0.079684557,6793.6
"Bayley Street , Bloomsbury",51.51858757,-0.132053392,6344.4
"Tavistock Place, Bloomsbury",51.5262503,-0.123509611,3709.9
"Harrington Square 1, Camden Town",51.53301907,-0.139174593,1694.3
"Walnut Tree Walk, Vauxhall",51.49368637,-0.111014912,3667.2
"Borough Road, Elephant & Castle",51.49889832,-0.100440521,3972.8
"Cloudesley Road, Angel",51.53440868,-0.109025404,3827.3
"Bricklayers Arms, Borough",51.49506109,-0.085814489,4614.1
"Aldersgate Street, Barbican",51.5208417,-0.097340162,7266.9
"Falkirk Street, Hoxton",51.53095071,-0.078505384,4479.1
"Gloucester Road (North), Kensington",51.49792478,-0.183834706,5081.7
"Hampstead Road, Euston",51.52554222,-0.138231303,5529.1
"Old Quebec Street, Marylebone",51.51457763,-0.158264483,8780.6
"Albert Embankment, Vauxhall",51.49043573,-0.122806861,5555.2
"Queen Street 1, Bank",51.51155322,-0.0929401,11319.9
"Jewry Street, Aldgate",51.51340693,-0.076793375,7086.3
"Vicarage Gate, Kensington",51.50472376,-0.192538767,2578.7
"Crosswall, Tower",51.51159481,-0.077121322,11365
"Westbourne Grove, Bayswater",51.51552971,-0.190240716,4384.2
"Woodstock Street, Mayfair",51.51410514,-0.147301667,4513.2
"Finsbury Leisure Centre, St. Luke's",51.52600832,-0.096317627,7646.9
"Abbey Orchard Street, Westminster",51.49812559,-0.132102166,7839.3
"Soho Square , Soho",51.51563144,-0.132328837,14328.3
"Wellington Road, St. John's Wood",51.53304322,-0.172528678,3247.5
"Park Lane , Hyde Park",51.5100172,-0.157275636,7036
"Stonecutter Street, Holborn",51.51580998,-0.105270275,NA
"Gloucester Road (Central), South Kensington",51.49646288,-0.183289032,4411.5
"Park Road (Baker Street), The Regent's Park",51.52451738,-0.158963647,4412.3
"Braham Street, Aldgate",51.51423368,-0.073537654,8075.8
"Little Argyll Street, West End",51.51449962,-0.141423695,11619.7
"Lollard Street, Vauxhall",51.49288067,-0.114934001,4584.5
"Rochester Row, Westminster",51.49582705,-0.13547809,4523.6
"Bath Street, St. Luke's",51.52589324,-0.090847761,6905.8
"The Guildhall, Guildhall",51.51573534,-0.093080779,4096.5
"Baker Street, Marylebone",51.51891348,-0.156166631,6217.4
"Norton Folgate, Liverpool Street",51.52111369,-0.078869751,6836.6
"St. John Street, Finsbury",51.52836014,-0.104724625,3290.9
"Eaton Square, Belgravia",51.49654462,-0.150905245,2979.8
"Borough High Street, The Borough",51.50069491,-0.094524319,5779.8
"Museum of London, Barbican",51.51782144,-0.096496865,6695.3
"Wood Street, Guildhall",51.51700801,-0.09388536,4403.4
"Emperor's Gate, South Kensington",51.49536226,-0.185296516,4234.7
"Golden Square, Soho",51.5118973,-0.137043852,7059.6
"Tower Gardens , Tower",51.50950627,-0.075459482,7295
"Eversholt Street , Camden Town",51.53300545,-0.136792671,2868.4
"Bethnal Green Road, Shoreditch",51.52364804,-0.074754872,11531
"Derry Street, Kensington",51.50136494,-0.191462381,9463.3
"Wapping High Street, Wapping",51.504904,-0.06797,3162.3
"Clerkenwell Green, Clerkenwell",51.52326004,-0.104708922,7732.2
"Queen Victoria Street, St. Paul's",51.51196176,-0.097441687,8853.9
"Green Street, Mayfair",51.51227622,-0.157436972,6344.2
"Lambeth Road, Vauxhall",51.49488108,-0.117974901,3823.3
"Finsbury Square , Moorgate",51.52096262,-0.085634242,7927.4
"Chapel Place, Marylebone",51.51530805,-0.147203711,6948.7
"West Cromwell Road, Earl's Court",51.49372451,-0.198286569,3440.5
"Pont Street, Knightsbridge",51.4968865,-0.161203828,6028.4
"Kennington Cross, Kennington",51.48894022,-0.111435796,6727.6
"Ilchester Place, Kensington",51.50074359,-0.202759212,2364.9
"Vauxhall Bridge , Pimlico",51.48836528,-0.129361842,4630.8
"Tachbrook Street, Victoria",51.49211134,-0.138364847,5011.4
"Kennington Road Post Office, Oval",51.48478899,-0.110683213,4965.5
"Holy Trinity Brompton, Knightsbridge",51.49705603,-0.168917077,5415.7
"Chepstow Villas, Notting Hill",51.51213691,-0.201554966,3935.1
"Hampton Street, Walworth",51.49217002,-0.101536865,4956.8
"Bayswater Road, Hyde Park",51.511933,-0.174411,9176.3
"Waterloo Station 3, Waterloo",51.50379168,-0.11282408,11480.1
"Lexham Gardens, Kensington",51.49586666,-0.191933711,4897.2
"New Kent Road, The Borough",51.49443626,-0.092921165,3594.5
"Wright's Lane, Kensington",51.50039792,-0.193068385,8092.7
"Trebovir Road, Earl's Court",51.49085368,-0.196170309,4597
"Waterloo Place, St. James's",51.50663341,-0.131773845,9206
"Guildhouse Street, Victoria",51.49234577,-0.141334487,4606.7
"Southampton Place, Holborn",51.51760685,-0.121328408,6628.4
"Sloane Avenue, Knightsbridge",51.4931848,-0.167894973,8383.8
"Cleveland Gardens, Bayswater",51.515607,-0.183118788,3731
"Orsett Terrace, Bayswater",51.517932,-0.183716959,2049.8
"Seville Street, Knightsbridge",51.50185512,-0.159237081,5357.3
"Eccleston Place, Victoria",51.49395092,-0.147624377,11118.6
"Argyll Road, Kensington",51.50040123,-0.195455928,4204.9
"Porchester Place, Paddington",51.51474612,-0.165164288,6927.5
"Hardwick Street, Clerkenwell",51.52784273,-0.108068155,3359.2
"Collingham Gardens, Earl's Court",51.4916156,-0.186753859,3311.7
"Sumner Place, South Kensington",51.49121192,-0.173715911,5143.8
"Waterloo Road, South Bank",51.50486,-0.113001,1690
"Worship Street, Shoreditch",51.521668,-0.079608554,7139.5
"Gloucester Terrace, Bayswater",51.51791921,-0.188098863,4514.7
"Ashley Place, Victoria",51.49616092,-0.140947636,11076.8
"Warwick Square, Pimlico",51.48985626,-0.141923621,4950.2
"North Audley Street, Mayfair",51.5129118,-0.153645496,6618.3
"Belgrave Square, Belgravia",51.49941247,-0.152317537,3776.3
"Bell Street , Marylebone",51.52202903,-0.165842551,4485.5
"Riverlight North, Nine Elms",51.482362,-0.13612398,8198.7
"Portland Place, Marylebone",51.52071513,-0.14521173,6175.7
"Alderney Street, Pimlico",51.48805753,-0.140741432,5807.8
"South Wharf Road, Paddington",51.51733558,-0.175810943,13972.8
"Queen's Gate (South), South Kensington",51.49247977,-0.178433004,5089
"Nutford Place, Marylebone",51.5165179,-0.164393768,2734.8
"Claremont Square, Angel",51.53166681,-0.109914711,4126
"Rampayne Street, Pimlico",51.48997562,-0.132845681,6720.9
"Hyde Park Corner, Hyde Park",51.50311799,-0.153520935,13234.5
"Wardour Street, Soho",51.51251523,-0.133201961,11124.4
"Bankside Mix, Bankside",51.50581776,-0.100186337,10742.2
"Hop Exchange, The Borough",51.50462759,-0.091773776,16424.2
"Milroy Walk, South Bank",51.50724437,-0.106237501,8223.7
"Union Street, The Borough",51.50368837,-0.098497684,5551.9
"Stamford Street, South Bank",51.50556905,-0.111606696,6815.6
"Great Tower Street, Monument",51.51048489,-0.082989638,13777.5
"LMU Commercial Road, Whitechapel",51.51492456,-0.066078037,3346.8
"Dorset Square, Marylebone",51.5225965,-0.161113413,6940.6
"Leman Street, Aldgate",51.51236389,-0.06954201,9642.1
"West Smithfield Rotunda, Farringdon",51.51821864,-0.100791005,8132.4
"Margery Street, Clerkenwell",51.52659961,-0.112432615,5036.7
"New Road 1 , Whitechapel",51.518154,-0.062697,7013.2
"Grosvenor Crescent, Belgravia",51.50135267,-0.153194766,3522.8
"Mallory Street, Marylebone",51.52505151,-0.166304359,1987.3
"Denyer Street, Knightsbridge",51.49358391,-0.165101392,3576.5
"Hinde Street, Marylebone",51.51681444,-0.151926305,NA
"Cadogan Place, Knightsbridge",51.49464523,-0.158105512,6058.5
"Wellington Arch, Hyde Park",51.50274025,-0.149569201,14045
"Endsleigh Gardens, Euston",51.52683806,-0.130504336,8605.7
"Moorfields, Moorgate",51.51906932,-0.088285377,11497.7
"Old Brompton Road, South Kensington",51.49094565,-0.181190899,6741.5
"Wormwood Street, Liverpool Street",51.51615461,-0.082422399,14632.3
"St. Luke's Church, Chelsea",51.48971651,-0.170194408,7176.2
"Bramham Gardens, Earl's Court",51.49016361,-0.19039362,6961.1
"Chelsea Green, Chelsea",51.49066456,-0.166485083,5316.3
"Horseferry Road, Westminster",51.49481649,-0.13045856,7470.5
"Knightsbridge, Hyde Park",51.50275704,-0.155349725,3954.3
"Rodney Road , Walworth",51.49148474,-0.090220911,5426.9
"Queensway, Kensington Gardens",51.51031,-0.18740235,NA
"Notting Hill Gate Station, Notting Hill",51.50935342,-0.196422,7371.8
"Charles II Street, West End",51.50844614,-0.131961389,9125.7
"Great Percy Street, Clerkenwell",51.52891573,-0.115480888,5132.5
"St. James's Square, St. James's",51.50742485,-0.134621209,15415.9
"Whitehall Place, Strand",51.50654321,-0.123179697,13178.7
"Poured Lines, Bankside",51.50669284,-0.103137426,4830.4
"Queen's Gate (Central), South Kensington",51.49396755,-0.17873226,4886.8
"Carey Street, Holborn",51.51501025,-0.112753217,3339.4
"Pall Mall East, West End",51.50777049,-0.130699733,NA
"Liverpool Road (N1 Centre), Angel",51.53450449,-0.106992706,6940.2
"Kennington Road  , Vauxhall",51.49571828,-0.110889274,6005.5
"Fashion Street, Whitechapel",51.51838043,-0.073438925,5781.8
"Dock Street, Wapping",51.5097860151,-0.0681619805156,8269.5
"Frampton Street, Paddington",51.5233534,-0.175116099,3190.5
"Warren Street Station, Euston",51.52443845,-0.138019439,8199.6
"Colombo Street, Southwark",51.50545935,-0.10569204,3479
"Beaumont Street, Marylebone",51.52200801,-0.151359288,5950.3
"Gloucester Street, Pimlico",51.49096258,-0.139625122,6665.1
"Earnshaw Street , Covent Garden",51.51611887,-0.128585022,9572.6
"Grosvenor Road, Pimlico",51.4853572,-0.142207481,7303.2
"Berry Street, Clerkenwell",51.52285301,-0.099994052,10939.8
"St. John's Wood Church, The Regent's Park",51.530529,-0.167515,4884.7
"Triangle Car Park, Hyde Park",51.50645179,-0.170279555,8769.7
"Harper Road, The Borough",51.49859784,-0.096191134,5498.4
"Royal Avenue 1, Chelsea",51.489932,-0.162727,4493.7
"Brushfield Street, Liverpool Street",51.518908,-0.079249,17496.5
"Jubilee Gardens, South Bank",51.5046364,-0.116542278,11188.4
"Shoreditch Park, Hoxton",51.53404294,-0.086379717,6974.9
"Chadwell Street, Angel",51.53051587,-0.106408455,7707.6
"Clifton Road, Maida Vale",51.52557531,-0.179592915,4703.2
"Houghton Street, Strand",51.51362054,-0.116764211,3287.8
"Westminster University, Marylebone",51.52248185,-0.154907218,5657.1
"Kensington Gore, Knightsbridge",51.50143293,-0.178656971,5371.7
"Bourne Street, Belgravia",51.490959,-0.1532331,6455
"Broadwick Street, Soho",51.5136846,-0.135580879,8387.5
"Princes Square, Bayswater",51.5134891,-0.191351186,3420.5
"LSBU (Borough Road), Elephant & Castle",51.49874469,-0.103132904,4838.1
"St. Mary Axe, Aldgate",51.51422502,-0.080660083,7983.5
"Tysoe Street, Clerkenwell",51.52644342,-0.109256828,8036.6
"Southwick Street, Paddington",51.51595344,-0.169249375,7083.1
"Queen's Gate (North), Kensington",51.50102668,-0.180246101,6054.5
"Regency Street, Westminster",51.49206037,-0.132224622,5384.5
"Belgrave Road, Victoria",51.49320445,-0.144132875,10726.2
"Empire Square, The Borough",51.50082346,-0.089740764,7199.6
"Kennington Lane Rail Bridge, Vauxhall",51.4863434,-0.122492418,11742.8
"London Zoo,  The Regent's Park",51.53583617,-0.156285395,3161.4
"Baylis Road, Waterloo",51.50144456,-0.110699309,12727.3
"Belvedere Road 1, South Bank",51.50613324,-0.114686385,9746.1
"Warwick Road, Olympia",51.49671237,-0.20528437,7239.9
"Barbican Centre, Barbican",51.52004497,-0.092176447,7081.4
"Lower Thames Street, Monument",51.50930161,-0.084985356,6791.4
"Kensington Church Street, Kensington",51.50315739,-0.191496313,6847.2
"Tooley Street, Bermondsey",51.5034938,-0.07962099,16194.3
"North Wharf Road, Paddington",51.51862243,-0.176645823,7252.5
"Royal Avenue 2, Chelsea",51.490083,-0.162418,8425.2
"Smith Square, Westminster",51.49580589,-0.127575233,8141.6
"Royal London Hospital, Whitechapel",51.518675,-0.06111,10761.9
"Kingsway, Covent Garden",51.51440928,-0.118478757,3202.3
"Lambeth North Station, Waterloo",51.49914063,-0.112031483,5578
"St. John's Wood Road, St. John's Wood",51.5272947,-0.174653609,4032.7
"Bedford Way, Bloomsbury",51.52367314,-0.128377673,4287.7
"Elizabeth Bridge, Victoria",51.49236962,-0.147478734,10560
"South Audley Street, Mayfair",51.50923022,-0.151296092,3737.4
"St Mary's Hospital, Paddington",51.518268,-0.17110323,NA
"Claverton Street, Pimlico",51.48483991,-0.138089062,NA
"Montpelier Street, Knightsbridge",51.49888404,-0.165471605,9619.9
"Kensington Olympia Station, Olympia",51.49815779,-0.209494128,3484.4
"St. George's Square, Pimlico",51.488226,-0.135635511,7958.9
"Swan Street, The Borough",51.50029631,-0.092762704,5860.7
"Knaresborough Place, Earl's Court",51.49363156,-0.190603326,4333.5
"Geraldine Street, Elephant & Castle",51.49612799,-0.106000855,2369.5
"Curlew Street, Shad Thames",51.50227992,-0.074189225,10586.3
"Vincent Square, Westminster",51.49398524,-0.136928582,5162
"Serpentine Car Park, Hyde Park",51.505014,-0.17306032,11717.4
"Marylebone Lane, Marylebone",51.51475963,-0.148105415,10613.6
"Putney Pier, Wandsworth",51.466907,-0.216573,6121.1
"Albert Gate, Hyde Park",51.50295379,-0.158456089,13467.4
"Rathbone Street, Fitzrovia",51.51816295,-0.135025698,6165.6
"Black Lion Gate, Kensington Gardens",51.50990837,-0.187842717,12052.8
"Long Lane , Bermondsey",51.49907558,-0.085666316,5812.6
"Embankment (Savoy), Strand",51.50963123,-0.119047563,8053.3
"Black Prince Road, Vauxhall",51.4908679,-0.116911864,7710.5
"Foley Street, Fitzrovia",51.51918144,-0.140485596,7474.8
"Grove End Road, St. John's Wood",51.53088935,-0.176770502,5608.2
"Wells Street, Fitzrovia",51.51734403,-0.138072691,9989
"Tyers Gate, Bermondsey",51.50088934,-0.083159352,8067.8
"The Tennis Courts, The Regent's Park",51.52536703,-0.153463612,4759.3
"Warwick Row, Westminster",51.497998,-0.14296064,NA
"Dickens Square, Borough",51.49679128,-0.093913472,2511.3
"Sackville Street, Mayfair",51.51004801,-0.138846453,10581.7
"Baldwin Street, St. Luke's",51.52702563,-0.088542771,9453.6
"Queen Mother Sports Centre, Victoria",51.49357351,-0.139956043,10162.4
"Bermondsey Street, Bermondsey",51.49785559,-0.081608045,9544.2
"Palissy Street, Shoreditch",51.526293,-0.073955,5136.9
"Clifton Street, Shoreditch",51.523196,-0.083067,6946.9
"Ontario Street, Elephant & Castle",51.49652013,-0.101384068,7706.2
"St. Martin's Street, West End",51.50908747,-0.129697889,9244.7
"Graham Street, Angel",51.53266186,-0.099981142,10759.7
"New North Road 1, Hoxton",51.53095,-0.085603,2369.7
"New North Road 2, Hoxton",51.53114,-0.086016,3800
"Prince Albert Road, The Regent's Park",51.53589283,-0.160854428,5257.1
"Eastbourne Mews, Paddington",51.51641749,-0.179135079,9459.7
"Bunhill Row, Moorgate",51.52085887,-0.089887855,11406.2
"Nevern Place, Earl's Court",51.49334336,-0.194757949,5013.2
"Palace Gardens Terrace, Notting Hill",51.50860544,-0.193764092,7091.7
"Concert Hall Approach 1, South Bank",51.505044,-0.115851,7058.3
"Tavistock Street, Covent Garden",51.51196803,-0.120718759,10693.7
"Concert Hall Approach 2, South Bank",51.504942,-0.115533,7218.6
"Pembridge Villas, Notting Hill",51.51108452,-0.197524944,5309
"Wellington Street , Strand",51.51175646,-0.119643424,13772.2
"Risinghill Street, Angel",51.5333196,-0.1117812,3668.8
"Bank of England Museum, Bank",51.51444134,-0.087587447,14859.8
"Craven Street, Strand",51.50810309,-0.12602103,19483.1
"London Zoo Car Park, The Regent's Park",51.53692216,-0.150181444,2845.9
"Goswell Road (City Uni), Finsbury",51.528246,-0.10102611,2878.7
"Flood Street, Chelsea",51.48802358,-0.166878535,12769.1
"Lower Marsh, Waterloo",51.50013942,-0.113936001,9318.6
"Grosvenor Square, Mayfair",51.51217033,-0.150481272,9463.8
"St. George Street, Mayfair",51.51196,-0.142783033,8753.9
"Queen's Gate, Kensington Gardens",51.5017154373867,-0.1798541843891,10455
"Macclesfield Rd, St Lukes",51.529423,-0.097122,6849.7
"Vauxhall Street, Vauxhall",51.486965,-0.116625,5351.3
"Greycoat Street , Westminster",51.49459148,-0.134234258,4108.5
"Northumberland Avenue, Strand",51.506767,-0.123702,13810.3
"Clapham Common Station, Clapham Common",51.461388,-0.13922146,NA
"South Kensington Station, South Kensington",51.494412,-0.173881,12501.9
"Howland Street, Fitzrovia",51.520994,-0.139016,9497.5
"High Holborn , Covent Garden",51.516226,-0.124826,8749
"Butler Place, Westminster",51.49782999,-0.135440826,6597.5
"Howick Place, Westminster",51.49675303,-0.138733562,12376.5
"Waterloo Station 2, Waterloo",51.50391973,-0.11342629,12794.6
"Royal College Street, Camden Town",51.536264,-0.133952,4926.4
"Lord's, St. John's Wood",51.5291212008901,-0.171185284853,3416.5
"Store Street, Bloomsbury",51.519572,-0.13214036,NA
"City Road, Angel",51.530344,-0.100168,7116.4
"Millennium Hotel, Mayfair",51.5109192966489,-0.1511263847351,6169.3
"Harrowby Street, Marylebone",51.5173721,-0.1642075,5833.2
"Harriet Street, Knightsbridge",51.50024195,-0.15934065,9301.2
"Paddington Green, Paddington",51.520205,-0.174593,1895.7
"King Edward Walk, Waterloo",51.49775,-0.10988,2979.6
"Sardinia Street, Holborn",51.515208,-0.117863,5413.5
"Prince Consort Road, Knightsbridge",51.49980661,-0.176415994,6300.1
"Waterloo Station 1, Waterloo",51.50402794,-0.11386436,20154.6
"Kensington Town Hall, Kensington",51.50194596,-0.194392952,4463.2
"Millbank Tower, Pimlico",51.49188409,-0.125674815,10092.7
"Waterloo Bridge, South Bank",51.50535447,-0.113656543,6577.9
"Natural History Museum, South Kensington",51.49559291,-0.179077626,8555.2
"Turquoise Island, Notting Hill",51.51431171,-0.200838199,7237.3
"Stanhope Gate, Mayfair",51.50686435,-0.150666888,6146.1
"Charlotte Street, Fitzrovia",51.51953043,-0.13577731,7084.3
"Farm Street, Mayfair",51.50935171,-0.14744969,4394
"Frith Street, Soho",51.51310333,-0.13121385,12561
"Marloes Road, Kensington",51.496481,-0.192404,4844.8
"Moor Street, Soho",51.51352755,-0.130110822,15777.6
"Fire Brigade Pier, Vauxhall",51.49369988,-0.121394101,8285.9
"Southampton Street, Strand",51.51070161,-0.121723604,12918.3
"Upper Grosvenor Street, Mayfair",51.51013066,-0.155757901,2512.5
"Buxton Street 1, Shoreditch",51.521776,-0.068856,3970.4
"Clifford Street, Mayfair",51.51066202,-0.142345694,NA
"Imperial College, Knightsbridge",51.49942855,-0.179702476,8888.4
"Snow Hill, Farringdon",51.51733427,-0.103604248,10249.2
"Aberdeen Place, St. John's Wood",51.524826,-0.176268,3945.6
"Cadogan Gardens, Chelsea",51.492462,-0.159919,11729.7
"Shouldham Street, Marylebone",51.51809,-0.163609,5718.1
"Devonshire Terrace, Bayswater",51.51348,-0.17977,9230.2
"Holland Park, Kensington",51.502319,-0.200742,5628.2
"Brick Lane Market, Shoreditch",51.52261762,-0.071653961,10274.2
"George Street, Marylebone",51.517703,-0.154106,10835.6
"Columbia Road, Shoreditch",51.528187,-0.075375,8928.7
"Penfold Street, Marylebone",51.52289229,-0.171681991,3082.5
"George Place Mews, Marylebone",51.51689296,-0.158249929,8797.9
"Palace Gate, Kensington Gardens",51.50204238,-0.184400221,9442.7
"Gloucester Road Station, South Kensington",51.49418566,-0.18267094,11931
"Strata, Elephant & Castle",51.493146,-0.099828,8978.9
"Edgware Road Station, Marylebone",51.519968,-0.169774,5956
"Rotherhithe Roundabout, Rotherhithe",51.499169,-0.055846029,NA
"Cleaver Street, Kennington",51.488105,-0.110121,6013.9
"Chelsea Bridge, Pimlico",51.485821,-0.149004,7071.2
"Southwark Station 1, Southwark",51.504043,-0.105312,9622.7
"Southwark Station 2, Southwark",51.504044,-0.104778,9063.1
"Eaton Square (South), Belgravia",51.49456127,-0.15393398,5124.6
"Ebury Bridge, Pimlico",51.490491,-0.149186,7126
"Harrington Square 2, Camden Town",51.533379,-0.139159,6449.7
"Vincent Street, Pimlico",51.493072,-0.129925,6267.2
"Cheapside, Bank",51.51397065,-0.09294031,21116.9
"Exhibition Road, Knightsbridge",51.499917,-0.174554,15127
"South Parade, Chelsea",51.48902,-0.17524,6358.7
"Crinan Street, King's Cross",51.534474,-0.122203,6075.2
"Exhibition Road Museums 1, South Kensington",51.496468,-0.17379696,NA
"Wren Street, Holborn",51.524564,-0.116279,9387.8
"Kennington Station, Kennington",51.488852,-0.105593,6454.3
"Red Lion Street, Holborn",51.51824,-0.11655,12708
"Vauxhall Walk, Vauxhall",51.488124,-0.120903,9458.1
"Killick Street, King's Cross",51.5338,-0.118677,4098.7
"Kennington Oval, Oval",51.483145,-0.113134,10196.2
"Sail Street, Vauxhall",51.495656,-0.114605,6288.1
"Walmer Road, Avondale",51.510101,-0.211358,NA
"Philpot Street, Whitechapel",51.515256,-0.058641,7779.6
"Bethnal Green Garden, Bethnal Green",51.52568,-0.055312,8142.4
"Cheshire Street, Bethnal Green",51.52388,-0.065076,4903.7
"York Hall, Bethnal Green",51.528936,-0.055894,9608.6
"Jubilee Crescent, Cubitt Town",51.493381,-0.007542,1937.1
"Fisherman's Walk West, Canary Wharf",51.50623,-0.02296,7858.6
"Shadwell Station, Shadwell",51.511088,-0.057159,9531.5
"Jubilee Street, Stepney",51.515975,-0.053177,5503.9
"Hermitage Court, Wapping",51.504719,-0.063531,5303.3
"St. Katharine's Way, Tower",51.505697,-0.070542,6725.4
"Garnet Street, Shadwell",51.508447,-0.055167,6103.3
"Napier Avenue, Millwall",51.487679,-0.021582,2643.3
"East Ferry Road, Cubitt Town",51.49447,-0.014409,2682.4
"Parkway, Camden Town",51.538071,-0.144664,7488.3
"Castlehaven Road, Camden Town",51.542138,-0.145393,9313.5
"Wapping Lane, Wapping",51.504749,-0.057544,7283.9
"Gunmakers Lane, Old Ford",51.535179,-0.03338,6936.9
"Burdett Road, Mile End",51.516196,-0.029138,7037.7
"Aston Street, Stepney",51.516,-0.038775,3689.8
"Bonny Street, Camden Town",51.541603,-0.138853,9088.7
"Thurtle Road, Haggerston",51.534776,-0.071881,NA
"St. Mary & St. Michael Church, Stepney",51.51417,-0.052099,3633.1
"Pitfield Street North,Hoxton",51.53558,-0.08249,9288.8
"Whiston Road, Haggerston",51.534464,-0.076341,5691.4
"Southern Grove, Bow",51.523538,-0.030556,4489.5
"Cantrell Road, Bow",51.521564,-0.022694,1989.3
"Lindfield Street, Poplar",51.513757,-0.020467,4185.6
"Mostyn Grove, Bow",51.530535,-0.025492,5009.6
"Hewison Street, Old Ford",51.533283,-0.028155,5732
"Malmesbury Road, Bow",51.529452,-0.027616,2348.5
"Millharbour, Millwall",51.496137,-0.019355,3277.5
"Gascoyne Road, Victoria Park",51.541515,-0.038557746,NA
"Lightermans Road, Millwall",51.499041,-0.020157,4097.5
"Stebondale Street, Cubitt Town",51.489096,-0.009205,1920.2
"Spindrift Avenue, Millwall",51.49109,-0.018716,2826.6
"Stepney Green Station, Stepney",51.521889,-0.04667,10652.8
"Pott Street, Bethnal Green",51.527152,-0.058005,10738.1
"Flamborough Street, Limehouse",51.5128711,-0.0389866,10795.5
"Saunders Ness Road, Cubitt Town",51.487129,-0.0090011,4693.9
"Exhibition Road Museums 2, South Kensington",51.495947,-0.17368958,NA
"Albert Gardens, Stepney",51.51328,-0.047784,7305.8
"Bromley High Street, Bow",51.528828,-0.013258,3627.4
"Old Ford Road, Bethnal Green",51.531127,-0.048017,6972.4
"Granby Street, Shoreditch",51.525645,-0.069543,10353.7
"Canton Street, Poplar",51.511811,-0.025626,3337.7
"Reardon Street, Wapping",51.506946,-0.058681,5767.9
"Christian Street, Whitechapel",51.513074,-0.064094,8582.6
"Pennington Street, Wapping",51.508622,-0.065006,4177.8
"Queen Mary's, Mile End",51.522507,-0.041378,8070.8
"Maplin Street, Mile End",51.525501,-0.032267204,NA
"South Quay East, Canary Wharf",51.50196,-0.016251,1359.5
"Bow Church Station, Bow",51.528169,-0.018703,7584.7
"Devons Road, Bow",51.52512,-0.015578,6050.9
"Merchant Street, Bow",51.526578,-0.027581,5457.1
"Bow Road Station, Bow",51.527058,-0.025296,6245.2
"Furze Green, Bow",51.519265,-0.021345,6565.7
"Ansell House, Stepney",51.520019,-0.05438,10015.7
"Cephas Street, Bethnal Green",51.522561,-0.054883,6220.1
"Bonner Gate, Victoria Park",51.53341,-0.049591815,8085.6
"Cleveland Way, Stepney",51.520893,-0.051394,11989.6
"St. John's Park, Cubitt Town",51.496454,-0.009506,2087.8
"Ackroyd Drive, Bow",51.520398,-0.026768,4574.2
"Bell Lane, Liverpool Street",51.517475,-0.075855,9868.1
"Clarkson Street, Bethnal Green",51.528692,-0.059091,5364.1
"Fournier Street, Whitechapel",51.519362,-0.074431,12759
"Fore Street, Guildhall",51.517842,-0.090075,10023.4
"Westferry DLR, Limehouse",51.509303,-0.025996,11248.7
"Sutton Street, Shadwell",51.511066,-0.053558,8562.6
"Pritchard's Road, Bethnal Green",51.532091,-0.06142,12853.4
"Watney Market, Stepney",51.5142228,-0.055656,7624.8
"Portman Square, Marylebone",51.516204,-0.155525,11316.7
"Russell Gardens, Olympia",51.500088,-0.211316,4363.4
"Chrisp Street Market, Poplar",51.5112,-0.014438,4545.8
"Ford Road, Old Ford",51.532513,-0.033085,6855.2
"Antill Road, Mile End",51.528224,-0.037471,8199.2
"Teviot Street, Poplar",51.518811,-0.011662,1458
"Bancroft Road, Bethnal Green",51.526041,-0.047218,6751.9
"Driffield Road, Old Ford",51.534137,-0.037366,7922.8
"Clinton Road, Mile End",51.525941,-0.036017,6905.5
"Langdon Park, Poplar",51.51549,-0.013475,2455.1
"Lancaster Gate , Bayswater",51.511654,-0.179668,7369.2
"Lancaster Drive, Blackwall",51.503143,-0.008428,2303.7
"Hansard Mews, Holland Park",51.503802,-0.215808,6476.5
"Clarges Street, Mayfair",51.507326,-0.145827,6187.1
"Manresa Road, Chelsea",51.486892,-0.170983,10399.6
"Newby Place, Poplar",51.508896,-0.012413,2883.9
"Twig Folly Bridge, Mile End",51.530326,-0.042744,9619.8
"Jubilee Plaza, Canary Wharf",51.50357,-0.020068,8539.9
"Wellington Row, Bethnal Green",51.528222,-0.069743,8745.8
"Goldsmith's Row, Haggerston",51.531864,-0.066035,10348.4
"Gloucester Avenue, Camden Town",51.537349,-0.147154,7227.6
"Queensbridge Road, Haggerston",51.53385,-0.06992,5841.1
"Old Montague Street, Whitechapel",51.51793,-0.067937,9060.3
"Naval Row, Blackwall",51.508981,-0.00699,4360.8
"Hoxton Station, Hoxton",51.531091,-0.075901,3517
"Albany Street, The Regent's Park",51.528302,-0.144466,6283.7
"Green Park Station, Mayfair",51.506613,-0.142844,19593.1
"Salmon Lane, Limehouse",51.514115,-0.033828,8416.3
"Lansdowne Walk, Ladbroke Grove",51.509591,-0.204666,3001.3
"Percival Street, Finsbury",51.526153,-0.102208,7275
"Arlington Road, Camden Town",51.539957,-0.145246,7094.7
"New Fetter Lane, Holborn",51.517428,-0.107987,12891
"East India DLR, Blackwall",51.509474,-0.002275,4397.5
"Westminster Bridge Road, Elephant & Castle",51.498386,-0.107913,5052.7
"Gaywood  Street, Elephant & Castle",51.49605,-0.104193,8423
"Harford Street, Mile End",51.521564,-0.039264,4769.7
"Import Dock, Canary Wharf",51.505772,-0.016460175,4412.3
"Watney Street, Shadwell",51.511542,-0.056667,10000.7
"Regent's Row , Haggerston",51.535678,-0.062546,15813.4
"Aberfeldy Street, Poplar",51.513548,-0.005659,1907.8
"Heron Quays DLR, Canary Wharf",51.502661,-0.021596,5689.7
"King Edward Street, St Pauls",51.51601,-0.0985,7733.5
"Page Street, Westminster",51.493978,-0.127554,13605.3
"Abbotsbury Road, Holland Park",51.501391,-0.205991,3295.4
"Ladbroke Grove Central, Ladbroke Grove",51.511624,-0.205921,3079.3
"Rectory Square, Stepney",51.518369,-0.043371,4618.4
"Bury Place, Holborn",51.51746,-0.12335,9548.7
"Preston's Road, Cubitt Town",51.499286,-0.009152,1959
"Somerset House, Strand",51.509943,-0.117619,19251.5
"Selby Street, Whitechapel",51.521905,-0.063386,3813.4
"Westfield Ariel Way, White City",51.509158,-0.224103,9759.5
"Bishop's Bridge Road West, Bayswater",51.51616,-0.18697,9572.5
"Pitfield Street Central, Hoxton",51.53213,-0.08299,7830.1
"Upper Bank Street, Canary Wharf",51.503083,-0.017676,7944.2
"Westfield Southern Terrace ,Shepherd's Bush",51.506256,-0.218337,5752.1
"Greenland Road, Camden Town",51.539099,-0.141728,11235.7
"Limerston Street, West Chelsea",51.485587,-0.18119,17661.8
"Eagle Wharf Road, Hoxton",51.53356,-0.09315,12978.6
"Alpha Grove, Millwall",51.497304,-0.022793,3017.6
"Globe Town Market, Bethnal Green",51.528869,-0.047548,9514.9
"Hollybush Gardens, Bethnal Green",51.527607,-0.057133,7132.8
"Queen Street 2, Bank",51.511246,-0.093051,23431.8
"Doddington Grove, Kennington",51.48692917,-0.102996299,8568.6
"New Cavendish Street, Marylebone",51.519167,-0.147983,13613.6
"Ilchester Gardens, Bayswater",51.51244,-0.19096,8563.9
"Mudchute DLR, Cubitt Town",51.490645,-0.014582,2490.4
"Monument Street, Monument",51.50964,-0.08497,17730.4
"Hoxton Street, Hoxton",51.52959,-0.0801,6620.4
"Drayton Gardens, West Chelsea",51.487196,-0.179369,13584.4
"Greenberry Street, St.John's Wood",51.53256,-0.16862,3828.9
"Bishop's Bridge Road East, Bayswater",51.5171,-0.18377,5806.3
"Northdown Street, King's Cross",51.531066,-0.11934,8018
"Kingsway Southbound, Strand",51.513875,-0.117774,9113
"Hammersmith Road, Hammersmith",51.493267,-0.21985,12052.7
"Parson's Green , Parson's Green",51.472817,-0.199783,13674.7
"Fulham Park Road, Fulham",51.473471,-0.20782,9167.5
"Southerton Road, Hammersmith",51.494499,-0.228188,9770
"Manbre Road, Hammersmith",51.485743,-0.223616,4706.8
"South Lambeth Road, Vauxhall",51.481747,-0.124642,12982.9
"BBC White City, White City",51.514767,-0.225787,8457.1
"Union Grove, Wandsworth Road",51.472993,-0.133972,10816.2
"Caldwell Street, Stockwell",51.477839,-0.116493,9507.9
"St Martins Close, Camden Town",51.538792,-0.138535,3990.7
"Seymour Place, Marylebone",51.520331,-0.163667,9446.2
"Addison Road, Holland Park",51.504199,-0.210941,3264.5
"Putney Bridge Station, Fulham",51.468814,-0.210279,8692.9
"Colet Gardens, Hammersmith",51.491093,-0.216493,1589.2
"Sugden Road, Clapham",51.46512358,-0.157788279,6445.1
"Danvers Street, West Chelsea",51.48256792,-0.172078187,8060.2
"Princedale Road , Holland Park",51.50646524,-0.208486599,6405.7
"Wandsworth Rd, Isley Court, Wandsworth Road",51.46925984,-0.141812513,10669.6
"Woodstock Grove, Shepherd's Bush",51.50403821,-0.217400093,11729.2
"London Fields, Hackney Central",51.54119,-0.058826101,NA
"Finlay Street, Fulham",51.4768851,-0.215895601,9056
"Aintree Street, Fulham",51.48102131,-0.209973497,9170.4
"Elysium Place, Fulham",51.47107905,-0.207842908,5940.1
"Eel Brook Common, Walham Green",51.47625965,-0.193254007,8020.7
"Irene Road, Parsons Green",51.4737636,-0.197010096,8061.4
"Surrey Lane, Battersea",51.47518024,-0.167160736,6271.4
"Wandsworth Town Station, Wandsworth",51.46086446,-0.187427294,11507.5
"Lansdowne Road, Ladbroke Grove",51.50748124,-0.205535908,9038
"Nantes Close, Wandsworth",51.46193072,-0.180791784,4235.2
"Courland Grove, Wandsworth Road",51.4729184,-0.132102704,7233.1
"Queen's Circus, Battersea Park",51.47761941,-0.149551631,13796.9
"Normand Park, West Kensington",51.48438657,-0.20481514,12031.1
"Holden Street, Battersea",51.4687905,-0.158230901,4582
"William Morris Way, Sands End",51.46881971,-0.184318843,10276.9
"Morie Street, Wandsworth",51.45995384,-0.190184054,4580
"Clarence Walk, Stockwell",51.47073264,-0.126994068,7135.8
"Battersea Park Road, Nine Elms",51.4795017,-0.141770709,10019.9
"Sheepcote Lane, Battersea",51.47053858,-0.163041605,7336.8
"Vereker Road, West Kensington",51.48959104,-0.209378594,8621.8
"Brook Green South, Brook Green",51.49434708,-0.215804559,7057.1
"Greyhound Road, Hammersmith",51.48606206,-0.214428378,5947
"South Park, Sands End",51.46706414,-0.193502076,6974.5
"Spencer Park, Wandsworth Common",51.45787019,-0.174691623,3781.4
"Falcon Road, Clapham Junction",51.46663393,-0.169821175,12596.2
"Coomer Place, West Kensington",51.48357068,-0.202038682,11491
"Silverthorne Road, Battersea",51.47286577,-0.148059277,6296.5
"Archbishop's Park, Waterloo",51.49824168,-0.117495865,9695
"Fawcett Close, Battersea",51.46916161,-0.174485792,3749.3
"All Saints' Road, Portobello",51.5190427,-0.204764421,5698.5
"Rainville Road, Hammersmith",51.48373225,-0.223852256,6586.4
"Great Suffolk Street, The Borough",51.50173215,-0.100292412,8250.5
"Buckingham Gate, Westminster",51.49886563,-0.137424571,15638.6
"Richmond Way, Shepherd's Bush",51.50035306,-0.217515071,8355.6
"Peterborough Road, Sands End",51.46904022,-0.19627483,4269.7
"World's End Place, West Chelsea",51.48180515,-0.18027465,10340.2
"St. Mark's Road, North Kensington",51.51687069,-0.213872396,8476.5
"Thorndike Close, West Chelsea",51.48089844,-0.183853573,9605
"Evesham Street, Avondale",51.51148696,-0.218190203,4220.3
"Simpson Street, Clapham Junction",51.47084722,-0.17070367,12168
"Ashmole Estate, Oval",51.48267821,-0.117661574,7944.3
"Crabtree Lane, Fulham",51.48294452,-0.219346128,6962.4
"Broomhouse Lane, Parsons Green",51.46841875,-0.199135704,4520.3
"Blythe Road West, Shepherd's Bush",51.4996806,-0.221791552,NA
"Ethelburga Estate, Battersea Park",51.47729232,-0.16478637,15075.6
"Blackfriars Station, St. Paul's",51.511934,-0.10307894,NA
"West Kensington Station, West Kensington",51.49087074,-0.206029743,7461.4
"All Saints Church, Portobello",51.51632095,-0.202608612,12148.8
"Phene Street, Chelsea",51.48498496,-0.167919869,10139.9
"Clarendon Road, Avondale",51.51323001,-0.211593602,3381.3
"Austin Road, Battersea Park",51.474376,-0.155442787,10200.5
"Smugglers Way, Wandsworth",51.46108367,-0.191722864,8781.5
"Shepherd's Bush Road North, Shepherd's Bush",51.5015946,-0.222293381,9015.1
"Ravenscourt Park Station, Hammersmith",51.49422354,-0.236769936,9223
"Teversham Lane, Stockwell",51.47614939,-0.1232585,4795.8
"Ashley Crescent, Battersea",51.46718562,-0.152248582,8332.6
"Parsons Green Station, Parsons Green",51.475089,-0.201968,11679.6
"Hibbert Street, Battersea",51.46517078,-0.18038939,9217.3
"Carnegie Street, King's Cross",51.53546778,-0.11619105,6199.5
"Usk Road, Clapham Junction",51.46348914,-0.182126248,7169.6
"Hartington Road, Stockwell",51.47787084,-0.126874471,10131.2
"Heath Road, Battersea",51.46866929,-0.146544642,4570.1
"Esmond Street, Putney",51.46231278,-0.211468596,2782.6
"Orbel Street, Battersea",51.47453545,-0.170210533,5635.5
"Westbridge Road, Battersea",51.47768469,-0.170329317,16303.6
"Bishop's Avenue, Fulham",51.47303687,-0.214749808,7989
"Crisp Road, Hammersmith",51.48810829,-0.22660621,11636.3
"Dorothy Road, Clapham Junction",51.46506424,-0.163750945,6516.1
"Neville Gill Close, Wandsworth",51.45475251,-0.195197203,6943.6
"Osiers Road, Wandsworth",51.46067005,-0.198735357,7533.5
"Beryl Road, Hammersmith",51.48814438,-0.222456468,9403.6
"Northfields, Wandsworth",51.46095151,-0.20066766,5271.7
"Spanish Road, Clapham Junction",51.45922541,-0.180884959,4163.1
"Stanley Grove, Battersea",51.47047503,-0.152130083,6184.5
"Erin Close, Walham Green",51.47946386,-0.195777222,11720.6
"Cadogan Close, Victoria Park",51.54211855,-0.028941601,9625.2
"Felsham Road, Putney",51.464786,-0.215618902,7355
"Putney Rail Station, Putney",51.46071722,-0.216526155,7618.8
"Islington Green, Angel",51.53638435,-0.102757578,19548.9
"Charing Cross Hospital, Hammersmith",51.48728535,-0.217995921,8452.2
"Charlotte Terrace, Angel",51.53639219,-0.112721065,7074.5
"Shoreditch Court, Haggerston",51.53908372,-0.070329419,9297
"Belford House, Haggerston",51.5366541,-0.07023031,6320.6
"Battersea Church Road, Battersea",51.47696496,-0.174347066,9954.5
"Vicarage Crescent, Battersea",51.47287627,-0.176267008,12917.2
"Durant Street, Bethnal Green",51.52868155,-0.065550321,10184.1
"St. Bride Street, Holborn",51.51505991,-0.10534448,22154.2
"Mexfield Road, East Putney",51.45682071,-0.202802098,2621.3
"Upper Richmond Road, Putney",51.45971528,-0.212145939,3229.7
"Snowsfields, London Bridge",51.50215353,-0.083632928,17006.5
"Barons Court Station, West Kensington",51.49021762,-0.215087092,6962.1
"Disraeli Road, Putney",51.46161068,-0.21614583,6215.4
"Montserrat Road , Putney",51.46321128,-0.215550761,6350.3
"Albert Bridge Road, Battersea Park",51.47439218,-0.163347594,12099.3
"Everington Street, Fulham",51.48335692,-0.216305546,6515.4
"Mile End Stadium, Mile End",51.51854104,-0.034903714,9207.8
"Hawley Crescent, Camden Town",51.54100708,-0.14326094,6585.9
"Stewart's Road, Wandsworth Road",51.47311696,-0.137235175,6188.5
"Aylward Street, Stepney",51.51563007,-0.049067243,4808.5
"Stainsby Road , Poplar",51.51542791,-0.02356501,6186
"Dunston Road , Haggerston",51.53658514,-0.075885686,17385.2
"Ada Street, Hackney Central",51.53571683,-0.060291813,15001.4
"Victoria Park Road, Hackney Central",51.53642464,-0.054162264,13923.4
"Star Road, West Kensington",51.48724429,-0.205279052,9390.8
"Wendon Street, Old Ford",51.53603947,-0.026262677,7740.7
"Finnis Street, Bethnal Green",51.52458353,-0.058631453,7816.5
"Stephendale Road, Sands End",51.46822047,-0.190346493,12629.6
"Alma Road, Wandsworth",51.45799126,-0.184806157,4173.8
"Walworth Square, Walworth",51.491327,-0.096518684,8543.8
"Alfreda Street, Battersea Park",51.47505096,-0.150908371,10135.4
"Chesilton Road, Fulham",51.47569809,-0.20587627,12072.2
"Putney Bridge Road, East Putney",51.46199911,-0.206240805,4790.8
"St. Peter's Terrace, Fulham",51.47893931,-0.208485293,10346.1
"Bridge Avenue, Hammersmith",51.49208492,-0.229116862,10480.4
"Duke Street Hill, London Bridge",51.50630441,-0.087262995,27765.7
"Park Lane, Mayfair",51.50542628,-0.150817316,9571.5
"Plough Terrace, Clapham Junction",51.46230566,-0.175407201,5759.5
"Grant Road East, Clapham Junction",51.46489445,-0.17302926,10353.3
"Queensdale Road, Shepherd's Bush",51.50659035,-0.216104479,4899.6
"Fulham Broadway, Walham Green",51.47993289,-0.19411695,19960.8
"Imperial Road, Sands End",51.47514228,-0.187278987,6716.5
"Sirdar Road, Avondale",51.51092871,-0.214594781,2914.8
"Freston Road, Avondale",51.5129814,-0.219486603,3957.6
"Blenheim Crescent, Ladbroke Grove",51.51510818,-0.208565479,10420.4
"Oxford Road, Putney",51.46079243,-0.212607684,5026.5
"Ingrave Street, Clapham Junction",51.46745485,-0.172293499,3651.1
"Upcerne Road, West Chelsea",51.47816972,-0.18243547,6934.5
"Lots Road, West Chelsea",51.4795738,-0.17903854,9233.1
"Ormonde Gate, Chelsea",51.48796408,-0.161765173,8375
"Hertford Road, De Beauvoir Town",51.53727795,-0.079201849,10967.7
"Haggerston Road, Haggerston",51.53932857,-0.074284675,13491.4
"Culvert Road, Battersea",51.4710956,-0.157850096,5740.1
"Newton Street, Covent Garden",51.51612862,-0.120909408,11073.6
"Grenfell Road, Avondale",51.5129006,-0.214762686,5279.7
"The Vale, Chelsea",51.48512191,-0.174971902,13677.2
"Prince of Wales Drive, Battersea Park",51.47515398,-0.159169801,10140.8
"Harcourt Terrace, West Brompton",51.48795853,-0.187404506,10252.6
"Westbourne Park Road, Portobello",51.51787005,-0.201005397,7044.8
"Broadley Terrace, Marylebone",51.52456169,-0.165668686,3139.3
"Humbolt Road, Fulham",51.48321729,-0.211860644,8862.2
"Storey's Gate, Westminster",51.50070305,-0.129698963,28414.4
"Mile End Park Leisure Centre, Mile End",51.52059714,-0.032566533,8235
"St. John's Road, Clapham Junction",51.46239255,-0.16829214,12190.3
"Ranelagh Gardens, Fulham",51.46760141,-0.20682737,7500.5
"Ram Street, Wandsworth",51.45752945,-0.192165613,12836.2
"Santos Road, Wandsworth",51.45705988,-0.200806304,2941.9
"Clapham Common North Side, Clapham Common",51.46134382,-0.159322467,11365.3
"Sandilands Road, Walham Green",51.473611,-0.191803,9503.4
"Gwendwr Road, West Kensington",51.491026,-0.209121,7984.2
"Rifle Place, Avondale",51.509224,-0.216016,5768.1
"Binfield Road, Stockwell",51.47250956,-0.122831913,12348.1
"Tallis Street, Temple",51.511891,-0.107349,20321.1
"Hurlingham Park, Parsons Green",51.470131,-0.20464,4385.1
"Little Brook Green, Brook Green",51.496664,-0.223868,8945.5
"Abyssinia Close, Clapham Junction",51.460333,-0.167029,7450.9
"Limburg Road, Clapham Junction",51.4619230679,-0.165297856693,2059.6
"Houndsditch, Aldgate",51.514449,-0.077178979,17661.2
"Imperial Wharf Station, Sands End",51.474665,-0.18316517,16538
"Victoria & Albert Museum, South Kensington",51.495898,-0.173009,10017.9
"Halford Road, West Kensington",51.483911,-0.19760944,12342.1
"Monier Road, Hackney Wick",51.5403115,-0.021630359,8646.7
"East Village, Queen Elizabeth Olympic Park",51.546326,-0.00993526,6892.5
"Aquatic Centre, Queen Elizabeth Olympic Park",51.54094,-0.010510565,12290.5
"Lee Valley VeloPark, Queen Elizabeth Olympic Park",51.549369,-0.015717614,4411.4
"Timber Lodge, Queen Elizabeth Olympic Park",51.546805,-0.01469126,6724.3
"Podium, Queen Elizabeth Olympic Park",51.538718,-0.011889482,8268.9
"Stratford Station, Stratford",51.541793,-0.00481,6869
"Blackfriars Road, Southwark",51.505461,-0.10454093,16505.9
"Cromer Street, Bloomsbury",51.528279,-0.11955857,6689.2
"Victoria Rise, Clapham Common",51.461376,-0.14780467,NA
"Euston Square Gardens, Euston",51.527068,-0.13186102,9788.1
"Coram Street, Bloomsbury",51.524,-0.12640984,3503.4
"Ossulston Street, Somers Town",51.5293,-0.12827903,13427.2
"Birkenhead Street, King's Cross",51.5301998755,-0.122299440803,15752.6
"Kings Gate House, Westminster",51.4976984561,-0.137598896295,9563.3
"Sopwith Way, Battersea Park",51.4811219398,-0.149035374873,17378
"Lavington Street, Bankside",51.5052241745,-0.0980318118664,14367.3
"Albert Square, Stockwell",51.4765900593,-0.118256789081,10814.6
"Southwark Street, Bankside",51.5054099403,-0.0983410884509,10553
"Good's Way, King's Cross",51.5346677396,-0.125078652873,18586.4
"The Metropolitan, Portobello",51.520509,-0.20080483,NA
"Handyside Street, King's Cross",51.5372405623,-0.124807385707,10194.7
"Bevington Road West, North Kensington",51.5212,-0.208888173,10863.3
"Gauden Road, Clapham",51.464995,-0.13090885,NA
"Lincoln's Inn Fields, Holborn",51.5162778834,-0.118272991635,13363.7
"Tate Modern, Bankside",51.5067252868,-0.0988072461627,17998.8
"Westferry Circus, Canary Wharf",51.5057030357,-0.0277727426235,15270.1
"Here East North, Queen Elizabeth Olympic Park",51.5487311915,-0.0226065549321,3938.7
"New Spring Gardens Walk, Vauxhall",51.4878074485,-0.122759625866,11952.1
"Clapham Road, Lingham Street, Stockwell",51.4714330677,-0.123670735702,7472.8
"Lambeth Palace Road, Waterloo",51.5000891978,-0.116628700672,22675.7
"Here East South, Queen Elizabeth Olympic Park",51.5465327935,-0.0205975904647,4019.2
"Riverlight South, Nine Elms",51.4813354746,-0.138212295869,15298.1
"Westminster Pier, Westminster",51.501513,-0.12382322,NA
"Belvedere Road 2, South Bank",51.50621,-0.114842,12852.9
"Victory Place, Walworth",51.492807,-0.091938,8817.2
"Battersea Power Station, Battersea Park",51.4835074867,-0.147714557371,17204.8
"Allington Street, Victoria",51.496863,-0.1429434,31451.8
"Cranmer Road, Stockwell",51.479601,-0.11147178,11541.5
"Normandy Road, Stockwell",51.473874,-0.11258096,10955.8
"Wynne Road, Stockwell",51.469217,-0.11268674,7770.7
"Sidney Road, Stockwell",51.469202,-0.11902256,9457.1
"St John's Crescent, Brixton",51.466232,-0.11317995,8059.4
"Ferndale Road, Brixton",51.464019,-0.11578197,13211.8
"Saltoun Road, Brixton",51.460232,-0.11537509,11761.5
"Gas Holders, Battersea Park",51.477966,-0.14785703,7829.8
"Farringdon Street, Holborn",51.516785,-0.10494775,9188.8
"York Way, Kings Cross",51.541596,-0.12544145,7924.8
"Fore Street Avenue, Guildhall",51.518093,-0.0914017,12325
"Sea Containers, South Bank",51.508033,-0.10682363,20027.7
"George Row, Bermondsey",51.498585,-0.068981764,NA
"Tower Wharf, Bermondsey",51.500845,-0.074704305,NA
"Temple Gardens, Temple",51.510981,-0.10832249,NA
"Canada Water Station, Rotherhithe",51.498439,-0.049150215,NA
"Bermondsey Station, Bermondsey",51.497995,-0.063471392,NA
