"id","trip","duration","name","lat","long","nbDocks"
12,39,1106.15384615385,"Malet Street, Bloomsbury",51.52168078,-0.130431727,49
15,26,1105.38461538462,"Great Russell Street, Bloomsbury",51.51772703,-0.127854211,26
19,26,1373.07692307692,"Taviton Street, Bloomsbury",51.52505093,-0.131161087,30
24,62,1612.25806451613,"British Museum, Bloomsbury",51.51908011,-0.124678402,35
31,69,1177.39130434783,"Fanshaw Street, Hoxton",51.52953709,-0.083353323,36
34,29,1253.79310344828,"Pancras Road, King's Cross",51.5341235,-0.129386874,16
51,36,1350,"Finsbury Library , Finsbury",51.52671796,-0.104298194,29
69,28,891.428571428571,"Euston Road, Euston",51.5262363,-0.134407652,24
79,40,3631.5,"Arundel Street, Temple",51.511726,-0.11385596,18
92,47,1077.44680851064,"Borough Road, Elephant & Castle",51.49889832,-0.100440521,41
94,132,1456.81818181818,"Bricklayers Arms, Borough",51.49506109,-0.085814489,28
96,57,1427.36842105263,"Falkirk Street, Hoxton",51.53095071,-0.078505384,26
123,46,1300.4347826087,"St. John Street, Finsbury",51.52836014,-0.104724625,18
146,56,1509.64285714286,"Vauxhall Bridge , Pimlico",51.48836528,-0.129361842,35
154,62,849.677419354839,"Waterloo Station 3, Waterloo",51.50379168,-0.11282408,35
156,46,1189.5652173913,"New Kent Road, The Borough",51.49443626,-0.092921165,33
185,96,1147.5,"Alderney Street, Pimlico",51.48805753,-0.140741432,14
194,155,1049.8064516129,"Hop Exchange, The Borough",51.50462759,-0.091773776,56
231,32,7796.25,"Queen's Gate (Central), South Kensington",51.49396755,-0.17873226,31
232,11,1080,"Carey Street, Holborn",51.51501025,-0.112753217,16
239,83,1421.92771084337,"Warren Street Station, Euston",51.52443845,-0.138019439,26
246,57,1181.05263157895,"Berry Street, Clerkenwell",51.52285301,-0.099994052,41
256,23,1207.82608695652,"Houghton Street, Strand",51.51362054,-0.116764211,15
262,38,1403.68421052632,"LSBU (Borough Road), Elephant & Castle",51.49874469,-0.103132904,35
269,59,1349.49152542373,"Empire Square, The Borough",51.50082346,-0.089740764,46
272,93,2118.06451612903,"Baylis Road, Waterloo",51.50144456,-0.110699309,22
283,14,1585.71428571429,"Kingsway, Covent Garden",51.51440928,-0.118478757,16
284,58,1422.41379310345,"Lambeth North Station, Waterloo",51.49914063,-0.112031483,20
287,14,2832.85714285714,"Bedford Way, Bloomsbury",51.52367314,-0.128377673,23
324,68,1351.76470588235,"Ontario Street, Elephant & Castle",51.49652013,-0.101384068,15
339,24,2155,"Risinghill Street, Angel",51.5333196,-0.1117812,25
344,36,1208.33333333333,"Goswell Road (City Uni), Finsbury",51.528246,-0.10102611,17
347,61,1239.34426229508,"Lower Marsh, Waterloo",51.50013942,-0.113936001,17
352,58,644.48275862069,"Vauxhall Street, Vauxhall",51.486965,-0.116625,19
353,38,4016.84210526316,"Greycoat Street , Westminster",51.49459148,-0.134234258,17
356,101,1066.33663366337,"South Kensington Station, South Kensington",51.494412,-0.173881,15
359,20,1356,"Butler Place, Westminster",51.49782999,-0.135440826,18
361,20,765,"Waterloo Station 2, Waterloo",51.50391973,-0.11342629,55
362,46,1154.34782608696,"Royal College Street, Camden Town",51.536264,-0.133952,57
372,8,1080,"Sardinia Street, Holborn",51.515208,-0.117863,24
373,9,893.333333333333,"Prince Consort Road, Knightsbridge",51.49980661,-0.176415994,18
374,90,1477.33333333333,"Waterloo Station 1, Waterloo",51.50402794,-0.11386436,36
378,22,1317.27272727273,"Natural History Museum, South Kensington",51.49559291,-0.179077626,40
387,76,1145.52631578947,"Fire Brigade Pier, Vauxhall",51.49369988,-0.121394101,30
392,49,1231.83673469388,"Imperial College, Knightsbridge",51.49942855,-0.179702476,21
428,65,1906.15384615385,"Exhibition Road, Knightsbridge",51.499917,-0.174554,20
432,24,1065,"Exhibition Road Museums 1, South Kensington",51.496468,-0.17379696,13
443,80,1075.5,"Philpot Street, Whitechapel",51.515256,-0.058641,30
464,20,1305,"St. Mary & St. Michael Church, Stepney",51.51417,-0.052099,25
472,12,1240,"Malmesbury Road, Bow",51.529452,-0.027616,21
483,66,1491.81818181818,"Albert Gardens, Stepney",51.51328,-0.047784,33
486,62,1550.32258064516,"Granby Street, Shoreditch",51.525645,-0.069543,37
491,65,1304.30769230769,"Queen Mary's, Mile End",51.522507,-0.041378,45
497,42,1372.85714285714,"Merchant Street, Bow",51.526578,-0.027581,27
498,74,1609.45945945946,"Bow Road Station, Bow",51.527058,-0.025296,41
505,40,1584,"Ackroyd Drive, Bow",51.520398,-0.026768,29
520,57,4390.52631578947,"Bancroft Road, Bethnal Green",51.526041,-0.047218,21
523,51,1421.17647058824,"Langdon Park, Poplar",51.51549,-0.013475,24
544,54,941.111111111111,"Percival Street, Finsbury",51.526153,-0.102208,22
549,42,928.571428571429,"Gaywood  Street, Elephant & Castle",51.49605,-0.104193,45
550,34,1030.58823529412,"Harford Street, Mile End",51.521564,-0.039264,23
565,25,780,"Selby Street, Whitechapel",51.521905,-0.063386,17
588,24,1270,"Hoxton Street, Hoxton",51.52959,-0.0801,27
594,20,1815,"Kingsway Southbound, Strand",51.513875,-0.117774,33
595,58,1492.75862068966,"Hammersmith Road, Hammersmith",51.493267,-0.21985,22
597,52,1745.76923076923,"Fulham Park Road, Fulham",51.473471,-0.20782,27
598,80,1727.25,"Southerton Road, Hammersmith",51.494499,-0.228188,38
601,73,2503.56164383562,"BBC White City, White City",51.514767,-0.225787,36
608,8,2160,"Colet Gardens, Hammersmith",51.491093,-0.216493,30
615,74,1696.21621621622,"Finlay Street, Fulham",51.4768851,-0.215895601,24
616,57,1417.89473684211,"Aintree Street, Fulham",51.48102131,-0.209973497,24
617,28,1125,"Elysium Place, Fulham",51.47107905,-0.207842908,21
627,32,1650,"Holden Street, Battersea",51.4687905,-0.158230901,20
630,43,2486.51162790698,"Clarence Walk, Stockwell",51.47073264,-0.126994068,28
634,50,3932.4,"Brook Green South, Brook Green",51.49434708,-0.215804559,33
637,38,1801.57894736842,"Spencer Park, Wandsworth Common",51.45787019,-0.174691623,25
639,80,1083,"Coomer Place, West Kensington",51.48357068,-0.202038682,27
676,78,1442.30769230769,"Hartington Road, Stockwell",51.47787084,-0.126874471,35
679,41,1160.48780487805,"Orbel Street, Battersea",51.47453545,-0.170210533,26
680,92,2173.04347826087,"Westbridge Road, Battersea",51.47768469,-0.170329317,28
690,40,1371,"Stanley Grove, Battersea",51.47047503,-0.152130083,24
696,55,1363.63636363636,"Charing Cross Hospital, Hammersmith",51.48728535,-0.217995921,21
707,61,1441.96721311475,"Barons Court Station, West Kensington",51.49021762,-0.215087092,32
720,56,1370.35714285714,"Star Road, West Kensington",51.48724429,-0.205279052,23
729,82,1855.60975609756,"St. Peter's Terrace, Fulham",51.47893931,-0.208485293,24
734,31,1834.83870967742,"Plough Terrace, Clapham Junction",51.46230566,-0.175407201,31
737,147,1754.69387755102,"Fulham Broadway, Walham Green",51.47993289,-0.19411695,26
744,45,1292,"Ingrave Street, Clapham Junction",51.46745485,-0.172293499,30
750,24,2202.5,"Culvert Road, Battersea",51.4710956,-0.157850096,27
751,16,911.25,"Newton Street, Covent Garden",51.51612862,-0.120909408,24
761,46,1083.91304347826,"Humbolt Road, Fulham",51.48321729,-0.211860644,26
772,121,1469.25619834711,"Binfield Road, Stockwell",51.47250956,-0.122831913,35
777,26,1989.23076923077,"Limburg Road, Clapham Junction",51.4619230679,-0.165297856693,20
781,18,1343.33333333333,"Victoria & Albert Museum, South Kensington",51.495898,-0.173009,30
782,76,1879.73684210526,"Halford Road, West Kensington",51.483911,-0.19760944,24
795,19,1269.47368421053,"Euston Square Gardens, Euston",51.527068,-0.13186102,30
796,43,883.255813953488,"Coram Street, Bloomsbury",51.524,-0.12640984,29
797,17,762.352941176471,"Ossulston Street, Somers Town",51.5293,-0.12827903,30
807,128,2786.25,"Bevington Road West, North Kensington",51.5212,-0.208888173,24
809,21,1311.42857142857,"Lincoln's Inn Fields, Holborn",51.5162778834,-0.118272991635,28
