"id","name","lat","long",".cluster"
"1","River Street , Clerkenwell","51.52916347","-0.109970527",3
"2","Phillimore Gardens, Kensington","51.49960695","-0.197574246",3
"4","St. Chad's Street, King's Cross","51.53005939","-0.120973687",3
"5","Sedding Street, Sloane Square","51.49313","-0.156876",3
"6","Broadcasting House, Marylebone","51.51811784","-0.144228881",3
"7","Charlbert Street, St. John's Wood","51.53430039","-0.1680743",3
"8","Maida Vale, Maida Vale","51.529857","-0.18348604",3
"16","Cartwright Gardens , Bloomsbury","51.52635795","-0.125979294",3
"22","Northington Street , Holborn","51.5222641","-0.114079481",3
"26","Ampton Street , Clerkenwell","51.52728093","-0.11829517",3
"29","Hereford Road, Bayswater","51.513735","-0.193487",3
"30","Windsor Terrace, Hoxton","51.52915444","-0.093421615",3
"33","Central House, Aldgate","51.515231","-0.07015",3
"37","Penywern Road, Earl's Court","51.49159394","-0.192369256",3
"38","Abingdon Villas, Kensington","51.4973875","-0.197245586",3
"42","Wenlock Road , Hoxton","51.53099181","-0.093903825",3
"43","Crawford Street, Marylebone","51.52026","-0.157183945",3
"45","Boston Place, Marylebone","51.522511","-0.162298",3
"46","Nesham Street, Wapping","51.507131","-0.06691",3
"47","Warwick Avenue Station, Maida Vale","51.52334476","-0.183846408",3
"49","Curzon Street, Mayfair","51.50706909","-0.145904427",3
"50","East Road, Hoxton","51.52867339","-0.087459376",3
"52","Roscoe Street, St. Luke's","51.52295439","-0.094934859",3
"54","Golden Lane, Barbican","51.52174785","-0.094475072",3
"56","Paddington Street, Marylebone","51.52058381","-0.154701411",3
"60","Lisson Grove, St. John's Wood","51.52644828","-0.172190727",3
"62","Cotton Garden Estate, Kennington","51.4907579","-0.106323685",3
"63","Murray Grove , Hoxton","51.53089041","-0.089782579",3
"70","Calshot Street , King's Cross","51.53136059","-0.117069978",3
"78","Sadlers Sports Centre, Finsbury","51.52486887","-0.099489485",3
"81","Great Titchfield Street, Fitzrovia","51.52025302","-0.141327271",3
"86","Sancroft Street, Vauxhall","51.48947903","-0.115156562",3
"89","Tavistock Place, Bloomsbury","51.5262503","-0.123509611",3
"97","Gloucester Road (North), Kensington","51.49792478","-0.183834706",3
"99","Old Quebec Street, Marylebone","51.51457763","-0.158264483",3
"103","Vicarage Gate, Kensington","51.50472376","-0.192538767",3
"105","Westbourne Grove, Bayswater","51.51552971","-0.190240716",3
"110","Wellington Road, St. John's Wood","51.53304322","-0.172528678",3
"113","Gloucester Road (Central), South Kensington","51.49646288","-0.183289032",3
"119","Bath Street, St. Luke's","51.52589324","-0.090847761",3
"121","Baker Street, Marylebone","51.51891348","-0.156166631",3
"124","Eaton Square, Belgravia","51.49654462","-0.150905245",3
"126","Museum of London, Barbican","51.51782144","-0.096496865",3
"128","Emperor's Gate, South Kensington","51.49536226","-0.185296516",3
"133","Derry Street, Kensington","51.50136494","-0.191462381",3
"134","Wapping High Street, Wapping","51.504904","-0.06797",3
"142","West Cromwell Road, Earl's Court","51.49372451","-0.198286569",3
"143","Pont Street, Knightsbridge","51.4968865","-0.161203828",3
"144","Kennington Cross, Kennington","51.48894022","-0.111435796",3
"148","Tachbrook Street, Victoria","51.49211134","-0.138364847",3
"150","Holy Trinity Brompton, Knightsbridge","51.49705603","-0.168917077",3
"151","Chepstow Villas, Notting Hill","51.51213691","-0.201554966",3
"152","Hampton Street, Walworth","51.49217002","-0.101536865",3
"155","Lexham Gardens, Kensington","51.49586666","-0.191933711",3
"157","Wright's Lane, Kensington","51.50039792","-0.193068385",3
"158","Trebovir Road, Earl's Court","51.49085368","-0.196170309",3
"163","Sloane Avenue, Knightsbridge","51.4931848","-0.167894973",3
"164","Cleveland Gardens, Bayswater","51.515607","-0.183118788",3
"165","Orsett Terrace, Bayswater","51.517932","-0.183716959",3
"167","Eccleston Place, Victoria","51.49395092","-0.147624377",3
"168","Argyll Road, Kensington","51.50040123","-0.195455928",3
"169","Porchester Place, Paddington","51.51474612","-0.165164288",3
"170","Hardwick Street, Clerkenwell","51.52784273","-0.108068155",3
"171","Collingham Gardens, Earl's Court","51.4916156","-0.186753859",3
"172","Sumner Place, South Kensington","51.49121192","-0.173715911",3
"176","Gloucester Terrace, Bayswater","51.51791921","-0.188098863",3
"177","Ashley Place, Victoria","51.49616092","-0.140947636",3
"178","Warwick Square, Pimlico","51.48985626","-0.141923621",3
"181","Belgrave Square, Belgravia","51.49941247","-0.152317537",3
"182","Bell Street , Marylebone","51.52202903","-0.165842551",3
"183","Riverlight North, Nine Elms","51.482362","-0.13612398",3
"184","Portland Place, Marylebone","51.52071513","-0.14521173",3
"187","Queen's Gate (South), South Kensington","51.49247977","-0.178433004",3
"188","Nutford Place, Marylebone","51.5165179","-0.164393768",3
"190","Rampayne Street, Pimlico","51.48997562","-0.132845681",3
"200","LMU Commercial Road, Whitechapel","51.51492456","-0.066078037",3
"201","Dorset Square, Marylebone","51.5225965","-0.161113413",3
"202","Leman Street, Aldgate","51.51236389","-0.06954201",3
"204","Margery Street, Clerkenwell","51.52659961","-0.112432615",3
"208","Mallory Street, Marylebone","51.52505151","-0.166304359",3
"209","Denyer Street, Knightsbridge","51.49358391","-0.165101392",3
"210","Hinde Street, Marylebone","51.51681444","-0.151926305",3
"211","Cadogan Place, Knightsbridge","51.49464523","-0.158105512",3
"216","Old Brompton Road, South Kensington","51.49094565","-0.181190899",3
"218","St. Luke's Church, Chelsea","51.48971651","-0.170194408",3
"219","Bramham Gardens, Earl's Court","51.49016361","-0.19039362",3
"220","Chelsea Green, Chelsea","51.49066456","-0.166485083",3
"221","Horseferry Road, Westminster","51.49481649","-0.13045856",3
"225","Notting Hill Gate Station, Notting Hill","51.50935342","-0.196422",3
"227","Great Percy Street, Clerkenwell","51.52891573","-0.115480888",3
"237","Dock Street, Wapping","51.5097860151","-0.0681619805156",3
"238","Frampton Street, Paddington","51.5233534","-0.175116099",3
"242","Beaumont Street, Marylebone","51.52200801","-0.151359288",3
"243","Gloucester Street, Pimlico","51.49096258","-0.139625122",3
"245","Grosvenor Road, Pimlico","51.4853572","-0.142207481",3
"247","St. John's Wood Church, The Regent's Park","51.530529","-0.167515",3
"250","Royal Avenue 1, Chelsea","51.489932","-0.162727",3
"255","Clifton Road, Maida Vale","51.52557531","-0.179592915",3
"259","Bourne Street, Belgravia","51.490959","-0.1532331",3
"261","Princes Square, Bayswater","51.5134891","-0.191351186",3
"265","Southwick Street, Paddington","51.51595344","-0.169249375",3
"267","Regency Street, Westminster","51.49206037","-0.132224622",3
"268","Belgrave Road, Victoria","51.49320445","-0.144132875",3
"274","Warwick Road, Olympia","51.49671237","-0.20528437",3
"275","Barbican Centre, Barbican","51.52004497","-0.092176447",3
"277","Kensington Church Street, Kensington","51.50315739","-0.191496313",3
"279","North Wharf Road, Paddington","51.51862243","-0.176645823",3
"280","Royal Avenue 2, Chelsea","51.490083","-0.162418",3
"286","St. John's Wood Road, St. John's Wood","51.5272947","-0.174653609",3
"288","Elizabeth Bridge, Victoria","51.49236962","-0.147478734",3
"289","South Audley Street, Mayfair","51.50923022","-0.151296092",3
"290","St Mary's Hospital, Paddington","51.518268","-0.17110323",3
"291","Claverton Street, Pimlico","51.48483991","-0.138089062",3
"292","Montpelier Street, Knightsbridge","51.49888404","-0.165471605",3
"293","Kensington Olympia Station, Olympia","51.49815779","-0.209494128",3
"296","Knaresborough Place, Earl's Court","51.49363156","-0.190603326",3
"298","Curlew Street, Shad Thames","51.50227992","-0.074189225",3
"299","Vincent Square, Westminster","51.49398524","-0.136928582",3
"310","Black Prince Road, Vauxhall","51.4908679","-0.116911864",3
"311","Foley Street, Fitzrovia","51.51918144","-0.140485596",3
"312","Grove End Road, St. John's Wood","51.53088935","-0.176770502",3
"319","Baldwin Street, St. Luke's","51.52702563","-0.088542771",3
"320","Queen Mother Sports Centre, Victoria","51.49357351","-0.139956043",3
"321","Bermondsey Street, Bermondsey","51.49785559","-0.081608045",3
"322","Palissy Street, Shoreditch","51.526293","-0.073955",3
"327","New North Road 1, Hoxton","51.53095","-0.085603",3
"328","New North Road 2, Hoxton","51.53114","-0.086016",3
"330","Eastbourne Mews, Paddington","51.51641749","-0.179135079",3
"332","Nevern Place, Earl's Court","51.49334336","-0.194757949",3
"333","Palace Gardens Terrace, Notting Hill","51.50860544","-0.193764092",3
"337","Pembridge Villas, Notting Hill","51.51108452","-0.197524944",3
"345","Flood Street, Chelsea","51.48802358","-0.166878535",3
"351","Macclesfield Rd, St Lukes","51.529423","-0.097122",3
"357","Howland Street, Fitzrovia","51.520994","-0.139016",3
"360","Howick Place, Westminster","51.49675303","-0.138733562",3
"363","Lord's, St. John's Wood","51.5291212008901","-0.171185284853",3
"365","City Road, Angel","51.530344","-0.100168",3
"367","Harrowby Street, Marylebone","51.5173721","-0.1642075",3
"368","Harriet Street, Knightsbridge","51.50024195","-0.15934065",3
"375","Kensington Town Hall, Kensington","51.50194596","-0.194392952",3
"379","Turquoise Island, Notting Hill","51.51431171","-0.200838199",3
"382","Farm Street, Mayfair","51.50935171","-0.14744969",3
"384","Marloes Road, Kensington","51.496481","-0.192404",3
"394","Aberdeen Place, St. John's Wood","51.524826","-0.176268",3
"395","Cadogan Gardens, Chelsea","51.492462","-0.159919",3
"396","Shouldham Street, Marylebone","51.51809","-0.163609",3
"397","Devonshire Terrace, Bayswater","51.51348","-0.17977",3
"400","George Street, Marylebone","51.517703","-0.154106",3
"402","Penfold Street, Marylebone","51.52289229","-0.171681991",3
"403","George Place Mews, Marylebone","51.51689296","-0.158249929",3
"405","Gloucester Road Station, South Kensington","51.49418566","-0.18267094",3
"410","Edgware Road Station, Marylebone","51.519968","-0.169774",3
"412","Cleaver Street, Kennington","51.488105","-0.110121",3
"423","Eaton Square (South), Belgravia","51.49456127","-0.15393398",3
"424","Ebury Bridge, Pimlico","51.490491","-0.149186",3
"426","Vincent Street, Pimlico","51.493072","-0.129925",3
"430","South Parade, Chelsea","51.48902","-0.17524",3
"435","Kennington Station, Kennington","51.488852","-0.105593",3
"442","Walmer Road, Avondale","51.510101","-0.211358",3
"449","Shadwell Station, Shadwell","51.511088","-0.057159",3
"450","Jubilee Street, Stepney","51.515975","-0.053177",3
"452","St. Katharine's Way, Tower","51.505697","-0.070542",3
"453","Garnet Street, Shadwell","51.508447","-0.055167",3
"454","Napier Avenue, Millwall","51.487679","-0.021582",3
"458","Wapping Lane, Wapping","51.504749","-0.057544",3
"461","Aston Street, Stepney","51.516","-0.038775",3
"462","Bonny Street, Camden Town","51.541603","-0.138853",3
"463","Thurtle Road, Haggerston","51.534776","-0.071881",3
"466","Whiston Road, Haggerston","51.534464","-0.076341",3
"467","Southern Grove, Bow","51.523538","-0.030556",3
"468","Cantrell Road, Bow","51.521564","-0.022694",3
"470","Mostyn Grove, Bow","51.530535","-0.025492",3
"471","Hewison Street, Old Ford","51.533283","-0.028155",3
"473","Millharbour, Millwall","51.496137","-0.019355",3
"475","Lightermans Road, Millwall","51.499041","-0.020157",3
"477","Spindrift Avenue, Millwall","51.49109","-0.018716",3
"478","Stepney Green Station, Stepney","51.521889","-0.04667",3
"480","Flamborough Street, Limehouse","51.5128711","-0.0389866",3
"484","Bromley High Street, Bow","51.528828","-0.013258",3
"487","Canton Street, Poplar","51.511811","-0.025626",3
"489","Christian Street, Whitechapel","51.513074","-0.064094",3
"490","Pennington Street, Wapping","51.508622","-0.065006",3
"492","Maplin Street, Mile End","51.525501","-0.032267204",3
"495","Bow Church Station, Bow","51.528169","-0.018703",3
"496","Devons Road, Bow","51.52512","-0.015578",3
"499","Furze Green, Bow","51.519265","-0.021345",3
"500","Ansell House, Stepney","51.520019","-0.05438",3
"501","Cephas Street, Bethnal Green","51.522561","-0.054883",3
"503","Cleveland Way, Stepney","51.520893","-0.051394",3
"507","Clarkson Street, Bethnal Green","51.528692","-0.059091",3
"510","Westferry DLR, Limehouse","51.509303","-0.025996",3
"511","Sutton Street, Shadwell","51.511066","-0.053558",3
"512","Pritchard's Road, Bethnal Green","51.532091","-0.06142",3
"513","Watney Market, Stepney","51.5142228","-0.055656",3
"515","Russell Gardens, Olympia","51.500088","-0.211316",3
"517","Ford Road, Old Ford","51.532513","-0.033085",3
"519","Teviot Street, Poplar","51.518811","-0.011662",3
"526","Lancaster Drive, Blackwall","51.503143","-0.008428",3
"528","Clarges Street, Mayfair","51.507326","-0.145827",3
"529","Manresa Road, Chelsea","51.486892","-0.170983",3
"537","Old Montague Street, Whitechapel","51.51793","-0.067937",3
"542","Salmon Lane, Limehouse","51.514115","-0.033828",3
"543","Lansdowne Walk, Ladbroke Grove","51.509591","-0.204666",3
"547","East India DLR, Blackwall","51.509474","-0.002275",3
"552","Watney Street, Shadwell","51.511542","-0.056667",3
"553","Regent's Row , Haggerston","51.535678","-0.062546",3
"560","Ladbroke Grove Central, Ladbroke Grove","51.511624","-0.205921",3
"563","Preston's Road, Cubitt Town","51.499286","-0.009152",3
"568","Bishop's Bridge Road West, Bayswater","51.51616","-0.18697",3
"573","Limerston Street, West Chelsea","51.485587","-0.18119",3
"576","Alpha Grove, Millwall","51.497304","-0.022793",3
"581","New Cavendish Street, Marylebone","51.519167","-0.147983",3
"584","Ilchester Gardens, Bayswater","51.51244","-0.19096",3
"589","Drayton Gardens, West Chelsea","51.487196","-0.179369",3
"590","Greenberry Street, St.John's Wood","51.53256","-0.16862",3
"592","Bishop's Bridge Road East, Bayswater","51.5171","-0.18377",3
"593","Northdown Street, King's Cross","51.531066","-0.11934",3
"596","Parson's Green , Parson's Green","51.472817","-0.199783",3
"599","Manbre Road, Hammersmith","51.485743","-0.223616",3
"603","Caldwell Street, Stockwell","51.477839","-0.116493",3
"604","St Martins Close, Camden Town","51.538792","-0.138535",3
"605","Seymour Place, Marylebone","51.520331","-0.163667",3
"606","Addison Road, Holland Park","51.504199","-0.210941",3
"609","Sugden Road, Clapham","51.46512358","-0.157788279",3
"610","Danvers Street, West Chelsea","51.48256792","-0.172078187",3
"611","Princedale Road , Holland Park","51.50646524","-0.208486599",3
"620","Surrey Lane, Battersea","51.47518024","-0.167160736",3
"621","Wandsworth Town Station, Wandsworth","51.46086446","-0.187427294",3
"622","Lansdowne Road, Ladbroke Grove","51.50748124","-0.205535908",3
"623","Nantes Close, Wandsworth","51.46193072","-0.180791784",3
"629","Morie Street, Wandsworth","51.45995384","-0.190184054",3
"631","Battersea Park Road, Nine Elms","51.4795017","-0.141770709",3
"633","Vereker Road, West Kensington","51.48959104","-0.209378594",3
"638","Falcon Road, Clapham Junction","51.46663393","-0.169821175",3
"640","Silverthorne Road, Battersea","51.47286577","-0.148059277",3
"643","All Saints' Road, Portobello","51.5190427","-0.204764421",3
"644","Rainville Road, Hammersmith","51.48373225","-0.223852256",3
"645","Great Suffolk Street, The Borough","51.50173215","-0.100292412",3
"647","Richmond Way, Shepherd's Bush","51.50035306","-0.217515071",3
"649","World's End Place, West Chelsea","51.48180515","-0.18027465",3
"650","St. Mark's Road, North Kensington","51.51687069","-0.213872396",3
"651","Thorndike Close, West Chelsea","51.48089844","-0.183853573",3
"652","Evesham Street, Avondale","51.51148696","-0.218190203",3
"657","Blythe Road West, Shepherd's Bush","51.4996806","-0.221791552",3
"660","West Kensington Station, West Kensington","51.49087074","-0.206029743",3
"661","All Saints Church, Portobello","51.51632095","-0.202608612",3
"662","Phene Street, Chelsea","51.48498496","-0.167919869",3
"663","Clarendon Road, Avondale","51.51323001","-0.211593602",3
"665","Smugglers Way, Wandsworth","51.46108367","-0.191722864",3
"667","Shepherd's Bush Road North, Shepherd's Bush","51.5015946","-0.222293381",3
"669","Teversham Lane, Stockwell","51.47614939","-0.1232585",3
"670","Ashley Crescent, Battersea","51.46718562","-0.152248582",3
"671","Parsons Green Station, Parsons Green","51.475089","-0.201968",3
"673","Hibbert Street, Battersea","51.46517078","-0.18038939",3
"675","Usk Road, Clapham Junction","51.46348914","-0.182126248",3
"678","Esmond Street, Putney","51.46231278","-0.211468596",3
"685","Osiers Road, Wandsworth","51.46067005","-0.198735357",3
"698","Shoreditch Court, Haggerston","51.53908372","-0.070329419",3
"699","Belford House, Haggerston","51.5366541","-0.07023031",3
"700","Battersea Church Road, Battersea","51.47696496","-0.174347066",3
"701","Vicarage Crescent, Battersea","51.47287627","-0.176267008",3
"704","Mexfield Road, East Putney","51.45682071","-0.202802098",3
"705","Upper Richmond Road, Putney","51.45971528","-0.212145939",3
"714","Stewart's Road, Wandsworth Road","51.47311696","-0.137235175",3
"715","Aylward Street, Stepney","51.51563007","-0.049067243",3
"717","Dunston Road , Haggerston","51.53658514","-0.075885686",3
"718","Ada Street, Hackney Central","51.53571683","-0.060291813",3
"721","Wendon Street, Old Ford","51.53603947","-0.026262677",3
"724","Alma Road, Wandsworth","51.45799126","-0.184806157",3
"725","Walworth Square, Walworth","51.491327","-0.096518684",3
"726","Alfreda Street, Battersea Park","51.47505096","-0.150908371",3
"727","Chesilton Road, Fulham","51.47569809","-0.20587627",3
"735","Grant Road East, Clapham Junction","51.46489445","-0.17302926",3
"738","Imperial Road, Sands End","51.47514228","-0.187278987",3
"740","Sirdar Road, Avondale","51.51092871","-0.214594781",3
"741","Freston Road, Avondale","51.5129814","-0.219486603",3
"742","Blenheim Crescent, Ladbroke Grove","51.51510818","-0.208565479",3
"743","Oxford Road, Putney","51.46079243","-0.212607684",3
"745","Upcerne Road, West Chelsea","51.47816972","-0.18243547",3
"746","Lots Road, West Chelsea","51.4795738","-0.17903854",3
"748","Hertford Road, De Beauvoir Town","51.53727795","-0.079201849",3
"754","Grenfell Road, Avondale","51.5129006","-0.214762686",3
"755","The Vale, Chelsea","51.48512191","-0.174971902",3
"757","Harcourt Terrace, West Brompton","51.48795853","-0.187404506",3
"758","Westbourne Park Road, Portobello","51.51787005","-0.201005397",3
"759","Broadley Terrace, Marylebone","51.52456169","-0.165668686",3
"766","Ram Street, Wandsworth","51.45752945","-0.192165613",3
"767","Santos Road, Wandsworth","51.45705988","-0.200806304",3
"770","Gwendwr Road, West Kensington","51.491026","-0.209121",3
"771","Rifle Place, Avondale","51.509224","-0.216016",3
"780","Imperial Wharf Station, Sands End","51.474665","-0.18316517",3
"793","Cromer Street, Bloomsbury","51.528279","-0.11955857",3
"798","Birkenhead Street, King's Cross","51.5301998755","-0.122299440803",3
"801","Lavington Street, Bankside","51.5052241745","-0.0980318118664",3
"802","Albert Square, Stockwell","51.4765900593","-0.118256789081",3
"803","Southwark Street, Bankside","51.5054099403","-0.0983410884509",3
"805","The Metropolitan, Portobello","51.520509","-0.20080483",3
"808","Gauden Road, Clapham","51.464995","-0.13090885",3
"814","Clapham Road, Lingham Street, Stockwell","51.4714330677","-0.123670735702",3
"817","Riverlight South, Nine Elms","51.4813354746","-0.138212295869",3
"820","Victory Place, Walworth","51.492807","-0.091938",3
"830","Sidney Road, Stockwell","51.469202","-0.11902256",3
"836","York Way, Kings Cross","51.541596","-0.12544145",3
"841","Tower Wharf, Bermondsey","51.500845","-0.074704305",3
"844","Canada Water Station, Rotherhithe","51.498439","-0.049150215",3
