"id","name","lat","long",".cluster"
"12","Malet Street, Bloomsbury","51.52168078","-0.130431727",2
"14","Belgrove Street , King's Cross","51.52994371","-0.123616824",2
"15","Great Russell Street, Bloomsbury","51.51772703","-0.127854211",2
"19","Taviton Street, Bloomsbury","51.52505093","-0.131161087",2
"23","Red Lion Square, Holborn","51.51943538","-0.119123345",2
"24","British Museum, Bloomsbury","51.51908011","-0.124678402",2
"31","Fanshaw Street, Hoxton","51.52953709","-0.083353323",2
"34","Pancras Road, King's Cross","51.5341235","-0.129386874",2
"51","Finsbury Library , Finsbury","51.52671796","-0.104298194",2
"61","Great Dover Street, The Borough","51.49738251","-0.089446947",2
"69","Euston Road, Euston","51.5262363","-0.134407652",2
"79","Arundel Street, Temple","51.511726","-0.11385596",2
"80","Webber Street , Southwark","51.50069361","-0.102091246",2
"82","Chancery Lane, Holborn","51.514274","-0.111257",2
"92","Borough Road, Elephant & Castle","51.49889832","-0.100440521",2
"94","Bricklayers Arms, Borough","51.49506109","-0.085814489",2
"95","Aldersgate Street, Barbican","51.5208417","-0.097340162",2
"96","Falkirk Street, Hoxton","51.53095071","-0.078505384",2
"118","Rochester Row, Westminster","51.49582705","-0.13547809",2
"123","St. John Street, Finsbury","51.52836014","-0.104724625",2
"146","Vauxhall Bridge , Pimlico","51.48836528","-0.129361842",2
"154","Waterloo Station 3, Waterloo","51.50379168","-0.11282408",2
"156","New Kent Road, The Borough","51.49443626","-0.092921165",2
"185","Alderney Street, Pimlico","51.48805753","-0.140741432",2
"186","South Wharf Road, Paddington","51.51733558","-0.175810943",2
"193","Bankside Mix, Bankside","51.50581776","-0.100186337",2
"194","Hop Exchange, The Borough","51.50462759","-0.091773776",2
"214","Endsleigh Gardens, Euston","51.52683806","-0.130504336",2
"231","Queen's Gate (Central), South Kensington","51.49396755","-0.17873226",2
"232","Carey Street, Holborn","51.51501025","-0.112753217",2
"239","Warren Street Station, Euston","51.52443845","-0.138019439",2
"246","Berry Street, Clerkenwell","51.52285301","-0.099994052",2
"256","Houghton Street, Strand","51.51362054","-0.116764211",2
"262","LSBU (Borough Road), Elephant & Castle","51.49874469","-0.103132904",2
"269","Empire Square, The Borough","51.50082346","-0.089740764",2
"272","Baylis Road, Waterloo","51.50144456","-0.110699309",2
"282","Royal London Hospital, Whitechapel","51.518675","-0.06111",2
"283","Kingsway, Covent Garden","51.51440928","-0.118478757",2
"284","Lambeth North Station, Waterloo","51.49914063","-0.112031483",2
"287","Bedford Way, Bloomsbury","51.52367314","-0.128377673",2
"294","St. George's Square, Pimlico","51.488226","-0.135635511",2
"324","Ontario Street, Elephant & Castle","51.49652013","-0.101384068",2
"339","Risinghill Street, Angel","51.5333196","-0.1117812",2
"344","Goswell Road (City Uni), Finsbury","51.528246","-0.10102611",2
"347","Lower Marsh, Waterloo","51.50013942","-0.113936001",2
"352","Vauxhall Street, Vauxhall","51.486965","-0.116625",2
"353","Greycoat Street , Westminster","51.49459148","-0.134234258",2
"356","South Kensington Station, South Kensington","51.494412","-0.173881",2
"359","Butler Place, Westminster","51.49782999","-0.135440826",2
"362","Royal College Street, Camden Town","51.536264","-0.133952",2
"372","Sardinia Street, Holborn","51.515208","-0.117863",2
"373","Prince Consort Road, Knightsbridge","51.49980661","-0.176415994",2
"378","Natural History Museum, South Kensington","51.49559291","-0.179077626",2
"387","Fire Brigade Pier, Vauxhall","51.49369988","-0.121394101",2
"390","Buxton Street 1, Shoreditch","51.521776","-0.068856",2
"392","Imperial College, Knightsbridge","51.49942855","-0.179702476",2
"428","Exhibition Road, Knightsbridge","51.499917","-0.174554",2
"432","Exhibition Road Museums 1, South Kensington","51.496468","-0.17379696",2
"439","Killick Street, King's Cross","51.5338","-0.118677",2
"443","Philpot Street, Whitechapel","51.515256","-0.058641",2
"464","St. Mary & St. Michael Church, Stepney","51.51417","-0.052099",2
"472","Malmesbury Road, Bow","51.529452","-0.027616",2
"482","Exhibition Road Museums 2, South Kensington","51.495947","-0.17368958",2
"483","Albert Gardens, Stepney","51.51328","-0.047784",2
"485","Old Ford Road, Bethnal Green","51.531127","-0.048017",2
"486","Granby Street, Shoreditch","51.525645","-0.069543",2
"491","Queen Mary's, Mile End","51.522507","-0.041378",2
"497","Merchant Street, Bow","51.526578","-0.027581",2
"498","Bow Road Station, Bow","51.527058","-0.025296",2
"504","St. John's Park, Cubitt Town","51.496454","-0.009506",2
"505","Ackroyd Drive, Bow","51.520398","-0.026768",2
"520","Bancroft Road, Bethnal Green","51.526041","-0.047218",2
"523","Langdon Park, Poplar","51.51549","-0.013475",2
"533","Wellington Row, Bethnal Green","51.528222","-0.069743",2
"539","Hoxton Station, Hoxton","51.531091","-0.075901",2
"544","Percival Street, Finsbury","51.526153","-0.102208",2
"549","Gaywood  Street, Elephant & Castle","51.49605","-0.104193",2
"550","Harford Street, Mile End","51.521564","-0.039264",2
"554","Aberfeldy Street, Poplar","51.513548","-0.005659",2
"565","Selby Street, Whitechapel","51.521905","-0.063386",2
"577","Globe Town Market, Bethnal Green","51.528869","-0.047548",2
"588","Hoxton Street, Hoxton","51.52959","-0.0801",2
"594","Kingsway Southbound, Strand","51.513875","-0.117774",2
"595","Hammersmith Road, Hammersmith","51.493267","-0.21985",2
"597","Fulham Park Road, Fulham","51.473471","-0.20782",2
"601","BBC White City, White City","51.514767","-0.225787",2
"608","Colet Gardens, Hammersmith","51.491093","-0.216493",2
"615","Finlay Street, Fulham","51.4768851","-0.215895601",2
"616","Aintree Street, Fulham","51.48102131","-0.209973497",2
"617","Elysium Place, Fulham","51.47107905","-0.207842908",2
"627","Holden Street, Battersea","51.4687905","-0.158230901",2
"630","Clarence Walk, Stockwell","51.47073264","-0.126994068",2
"634","Brook Green South, Brook Green","51.49434708","-0.215804559",2
"637","Spencer Park, Wandsworth Common","51.45787019","-0.174691623",2
"639","Coomer Place, West Kensington","51.48357068","-0.202038682",2
"654","Ashmole Estate, Oval","51.48267821","-0.117661574",2
"674","Carnegie Street, King's Cross","51.53546778","-0.11619105",2
"676","Hartington Road, Stockwell","51.47787084","-0.126874471",2
"677","Heath Road, Battersea","51.46866929","-0.146544642",2
"679","Orbel Street, Battersea","51.47453545","-0.170210533",2
"680","Westbridge Road, Battersea","51.47768469","-0.170329317",2
"690","Stanley Grove, Battersea","51.47047503","-0.152130083",2
"696","Charing Cross Hospital, Hammersmith","51.48728535","-0.217995921",2
"707","Barons Court Station, West Kensington","51.49021762","-0.215087092",2
"720","Star Road, West Kensington","51.48724429","-0.205279052",2
"729","St. Peter's Terrace, Fulham","51.47893931","-0.208485293",2
"734","Plough Terrace, Clapham Junction","51.46230566","-0.175407201",2
"737","Fulham Broadway, Walham Green","51.47993289","-0.19411695",2
"744","Ingrave Street, Clapham Junction","51.46745485","-0.172293499",2
"750","Culvert Road, Battersea","51.4710956","-0.157850096",2
"751","Newton Street, Covent Garden","51.51612862","-0.120909408",2
"761","Humbolt Road, Fulham","51.48321729","-0.211860644",2
"772","Binfield Road, Stockwell","51.47250956","-0.122831913",2
"781","Victoria & Albert Museum, South Kensington","51.495898","-0.173009",2
"782","Halford Road, West Kensington","51.483911","-0.19760944",2
"795","Euston Square Gardens, Euston","51.527068","-0.13186102",2
"796","Coram Street, Bloomsbury","51.524","-0.12640984",2
"797","Ossulston Street, Somers Town","51.5293","-0.12827903",2
"807","Bevington Road West, North Kensington","51.5212","-0.208888173",2
"809","Lincoln's Inn Fields, Holborn","51.5162778834","-0.118272991635",2
"840","George Row, Bermondsey","51.498585","-0.068981764",2
"845","Bermondsey Station, Bermondsey","51.497995","-0.063471392",2
