"id","name","lat","long",".cluster"
"3","Christopher Street, Liverpool Street","51.52128377","-0.084605692",5
"17","Hatton Wall, Holborn","51.5216612","-0.109006325",5
"20","Drummond Street , Euston","51.527326","-0.13605286",5
"25","Doric Way , Somers Town","51.5288338","-0.132250369",5
"27","Bouverie Street, Temple","51.51382102","-0.107927706",5
"32","Leonard Circus , Shoreditch","51.52469624","-0.084439283",5
"41","Pindar Street, Liverpool Street","51.520955","-0.083493552",5
"48","Godliman Street, St. Paul's","51.51248445","-0.099141408",5
"55","Finsbury Circus, Liverpool Street","51.51707521","-0.086685542",5
"66","Holborn Circus, Holborn","51.51795029","-0.108657431",5
"67","Hatton Garden, Holborn","51.51882555","-0.108028472",5
"71","Newgate Street , St. Paul's","51.5154186","-0.098850915",5
"74","Vauxhall Cross, Vauxhall","51.48591714","-0.124469948",5
"75","Torrens Street, Angel","51.53219984","-0.105480698",5
"87","Devonshire Square, Liverpool Street","51.51646835","-0.079684557",5
"98","Hampstead Road, Euston","51.52554222","-0.138231303",5
"100","Albert Embankment, Vauxhall","51.49043573","-0.122806861",5
"101","Queen Street 1, Bank","51.51155322","-0.0929401",5
"102","Jewry Street, Aldgate","51.51340693","-0.076793375",5
"104","Crosswall, Tower","51.51159481","-0.077121322",5
"108","Abbey Orchard Street, Westminster","51.49812559","-0.132102166",5
"112","Stonecutter Street, Holborn","51.51580998","-0.105270275",5
"115","Braham Street, Aldgate","51.51423368","-0.073537654",5
"120","The Guildhall, Guildhall","51.51573534","-0.093080779",5
"127","Wood Street, Guildhall","51.51700801","-0.09388536",5
"135","Clerkenwell Green, Clerkenwell","51.52326004","-0.104708922",5
"136","Queen Victoria Street, St. Paul's","51.51196176","-0.097441687",5
"140","Finsbury Square , Moorgate","51.52096262","-0.085634242",5
"175","Worship Street, Shoreditch","51.521668","-0.079608554",5
"189","Claremont Square, Angel","51.53166681","-0.109914711",5
"195","Milroy Walk, South Bank","51.50724437","-0.106237501",5
"199","Great Tower Street, Monument","51.51048489","-0.082989638",5
"203","West Smithfield Rotunda, Farringdon","51.51821864","-0.100791005",5
"215","Moorfields, Moorgate","51.51906932","-0.088285377",5
"217","Wormwood Street, Liverpool Street","51.51615461","-0.082422399",5
"263","St. Mary Axe, Aldgate","51.51422502","-0.080660083",5
"276","Lower Thames Street, Monument","51.50930161","-0.084985356",5
"323","Clifton Street, Shoreditch","51.523196","-0.083067",5
"331","Bunhill Row, Moorgate","51.52085887","-0.089887855",5
"354","Northumberland Avenue, Strand","51.506767","-0.123702",5
"376","Millbank Tower, Pimlico","51.49188409","-0.125674815",5
"393","Snow Hill, Farringdon","51.51733427","-0.103604248",5
"448","Fisherman's Walk West, Canary Wharf","51.50623","-0.02296",5
"494","South Quay East, Canary Wharf","51.50196","-0.016251",5
"509","Fore Street, Guildhall","51.517842","-0.090075",5
"532","Jubilee Plaza, Canary Wharf","51.50357","-0.020068",5
"546","New Fetter Lane, Holborn","51.517428","-0.107987",5
"551","Import Dock, Canary Wharf","51.505772","-0.016460175",5
"556","Heron Quays DLR, Canary Wharf","51.502661","-0.021596",5
"557","King Edward Street, St Pauls","51.51601","-0.0985",5
"570","Upper Bank Street, Canary Wharf","51.503083","-0.017676",5
"579","Queen Street 2, Bank","51.511246","-0.093051",5
"587","Monument Street, Monument","51.50964","-0.08497",5
"659","Blackfriars Station, St. Paul's","51.511934","-0.10307894",5
"703","St. Bride Street, Holborn","51.51505991","-0.10534448",5
"773","Tallis Street, Temple","51.511891","-0.107349",5
"779","Houndsditch, Aldgate","51.514449","-0.077178979",5
"827","Cranmer Road, Stockwell","51.479601","-0.11147178",5
"835","Farringdon Street, Holborn","51.516785","-0.10494775",5
"839","Sea Containers, South Bank","51.508033","-0.10682363",5
"842","Temple Gardens, Temple","51.510981","-0.10832249",5
