"id","name","lat","long",".cluster"
"10","Park Street, Bankside","51.50597426","-0.092754157",6
"13","Scala Street, Fitzrovia","51.51991453","-0.136039674",6
"39","Shoreditch High Street, Shoreditch","51.5263778","-0.078130921",6
"40","Commercial Street, Shoreditch","51.52127071","-0.0755789",6
"58","New Inn Yard, Shoreditch","51.52452699","-0.079248081",6
"64","William IV Street, Strand","51.50946212","-0.124749274",6
"88","Bayley Street , Bloomsbury","51.51858757","-0.132053392",6
"109","Soho Square , Soho","51.51563144","-0.132328837",6
"122","Norton Folgate, Liverpool Street","51.52111369","-0.078869751",6
"132","Bethnal Green Road, Shoreditch","51.52364804","-0.074754872",6
"192","Wardour Street, Soho","51.51251523","-0.133201961",6
"236","Fashion Street, Whitechapel","51.51838043","-0.073438925",6
"244","Earnshaw Street , Covent Garden","51.51611887","-0.128585022",6
"251","Brushfield Street, Liverpool Street","51.518908","-0.079249",6
"260","Broadwick Street, Soho","51.5136846","-0.135580879",6
"306","Rathbone Street, Fitzrovia","51.51816295","-0.135025698",6
"358","High Holborn , Covent Garden","51.516226","-0.124826",6
"361","Waterloo Station 2, Waterloo","51.50391973","-0.11342629",6
"364","Store Street, Bloomsbury","51.519572","-0.13214036",6
"374","Waterloo Station 1, Waterloo","51.50402794","-0.11386436",6
"381","Charlotte Street, Fitzrovia","51.51953043","-0.13577731",6
"383","Frith Street, Soho","51.51310333","-0.13121385",6
"386","Moor Street, Soho","51.51352755","-0.130110822",6
"388","Southampton Street, Strand","51.51070161","-0.121723604",6
"401","Columbia Road, Shoreditch","51.528187","-0.075375",6
"456","Parkway, Camden Town","51.538071","-0.144664",6
"506","Bell Lane, Liverpool Street","51.517475","-0.075855",6
"508","Fournier Street, Whitechapel","51.519362","-0.074431",6
"545","Arlington Road, Camden Town","51.539957","-0.145246",6
"572","Greenland Road, Camden Town","51.539099","-0.141728",6
"764","St. John's Road, Clapham Junction","51.46239255","-0.16829214",6
"776","Abyssinia Close, Clapham Junction","51.460333","-0.167029",6
"777","Limburg Road, Clapham Junction","51.4619230679","-0.165297856693",6
"811","Westferry Circus, Canary Wharf","51.5057030357","-0.0277727426235",6
