id,name,lat,long,nbDocks,fclass,area
"15","Great Russell Street, Bloomsbury","51.51772703","-0.127854211","26",taxi,20.692
"15","Great Russell Street, Bloomsbury","51.51772703","-0.127854211","26",taxi,46.664
"19","Taviton Street, Bloomsbury","51.52505093","-0.131161087","30",taxi,417.361
"20","Drummond Street , Euston","51.527326","-0.13605286","28",bus_station,1172.328
"20","Drummond Street , Euston","51.527326","-0.13605286","28",taxi,782.708
"25","Doric Way , Somers Town","51.5288338","-0.132250369","50",bus_station,2414.105
"25","Doric Way , Somers Town","51.5288338","-0.132250369","50",taxi,777.553
"32","Leonard Circus , Shoreditch","51.52469624","-0.084439283","43",taxi,56.233
"39","Shoreditch High Street, Shoreditch","51.5263778","-0.078130921","41",taxi,44.811
"40","Commercial Street, Shoreditch","51.52127071","-0.0755789","16",taxi,38.298
"40","Commercial Street, Shoreditch","51.52127071","-0.0755789","16",taxi,56.207
"52","Roscoe Street, St. Luke's","51.52295439","-0.094934859","18",taxi,34.304
"61","Great Dover Street, The Borough","51.49738251","-0.089446947","32",taxi,765.489
"69","Euston Road, Euston","51.5262363","-0.134407652","24",bus_station,2067.897
"69","Euston Road, Euston","51.5262363","-0.134407652","24",taxi,782.708
"74","Vauxhall Cross, Vauxhall","51.48591714","-0.124469948","17",bus_station,2573.946
"88","Bayley Street , Bloomsbury","51.51858757","-0.132053392","25",taxi,46.664
"90","Harrington Square 1, Camden Town","51.53301907","-0.139174593","27",taxi,24.858
"92","Borough Road, Elephant & Castle","51.49889832","-0.100440521","41",taxi,137.203
"93","Cloudesley Road, Angel","51.53440868","-0.109025404","37",taxi,85.991
"96","Falkirk Street, Hoxton","51.53095071","-0.078505384","26",taxi,77.585
"102","Jewry Street, Aldgate","51.51340693","-0.076793375","17",bus_station,2118.200
"104","Crosswall, Tower","51.51159481","-0.077121322","34",bus_station,1191.530
"107","Finsbury Leisure Centre, St. Luke's","51.52600832","-0.096317627","20",taxi,34.304
"109","Soho Square , Soho","51.51563144","-0.132328837","57",taxi,17.146
"109","Soho Square , Soho","51.51563144","-0.132328837","57",taxi,46.664
"115","Braham Street, Aldgate","51.51423368","-0.073537654","34",bus_station,2118.200
"122","Norton Folgate, Liverpool Street","51.52111369","-0.078869751","23",taxi,38.298
"131","Eversholt Street , Camden Town","51.53300545","-0.136792671","16",taxi,24.858
"132","Bethnal Green Road, Shoreditch","51.52364804","-0.074754872","38",taxi,46.026
"135","Clerkenwell Green, Clerkenwell","51.52326004","-0.104708922","21",taxi,53.761
"150","Holy Trinity Brompton, Knightsbridge","51.49705603","-0.168917077","28",taxi,143.991
"150","Holy Trinity Brompton, Knightsbridge","51.49705603","-0.168917077","28",taxi,23.524
"167","Eccleston Place, Victoria","51.49395092","-0.147624377","19",bus_station,8759.031
"167","Eccleston Place, Victoria","51.49395092","-0.147624377","19",bus_station,2565.762
"175","Worship Street, Shoreditch","51.521668","-0.079608554","51",taxi,38.298
"177","Ashley Place, Victoria","51.49616092","-0.140947636","25",bus_station,1904.220
"189","Claremont Square, Angel","51.53166681","-0.109914711","18",taxi,85.991
"192","Wardour Street, Soho","51.51251523","-0.133201961","16",taxi,33.828
"204","Margery Street, Clerkenwell","51.52659961","-0.112432615","19",taxi,32.356
"206","New Road 1 , Whitechapel","51.518154","-0.062697","36",helipad,560.526
"214","Endsleigh Gardens, Euston","51.52683806","-0.130504336","32",bus_station,2414.105
"214","Endsleigh Gardens, Euston","51.52683806","-0.130504336","32",taxi,782.708
"236","Fashion Street, Whitechapel","51.51838043","-0.073438925","30",taxi,56.207
"244","Earnshaw Street , Covent Garden","51.51611887","-0.128585022","18",taxi,20.692
"244","Earnshaw Street , Covent Garden","51.51611887","-0.128585022","18",taxi,17.146
"244","Earnshaw Street , Covent Garden","51.51611887","-0.128585022","18",taxi,46.664
"246","Berry Street, Clerkenwell","51.52285301","-0.099994052","41",taxi,53.761
"249","Harper Road, The Borough","51.49859784","-0.096191134","42",taxi,88.795
"262","LSBU (Borough Road), Elephant & Castle","51.49874469","-0.103132904","35",taxi,137.203
"264","Tysoe Street, Clerkenwell","51.52644342","-0.109256828","20",taxi,32.356
"270","Kennington Lane Rail Bridge, Vauxhall","51.4863434","-0.122492418","31",bus_station,2530.784
"282","Royal London Hospital, Whitechapel","51.518675","-0.06111","42",helipad,1019.681
"282","Royal London Hospital, Whitechapel","51.518675","-0.06111","42",helipad,560.526
"288","Elizabeth Bridge, Victoria","51.49236962","-0.147478734","34",bus_station,9690.584
"288","Elizabeth Bridge, Victoria","51.49236962","-0.147478734","34",bus_station,2565.762
"316","Warwick Row, Westminster","51.497998","-0.14296064","21",bus_station,1955.708
"317","Dickens Square, Borough","51.49679128","-0.093913472","32",taxi,4.405
"322","Palissy Street, Shoreditch","51.526293","-0.073955","26",taxi,46.026
"339","Risinghill Street, Angel","51.5333196","-0.1117812","25",taxi,85.991
"356","South Kensington Station, South Kensington","51.494412","-0.173881","15",taxi,8.532
"358","High Holborn , Covent Garden","51.516226","-0.124826","20",taxi,20.692
"380","Stanhope Gate, Mayfair","51.50686435","-0.150666888","21",taxi,101.254
"380","Stanhope Gate, Mayfair","51.50686435","-0.150666888","21",taxi,26.706
"383","Frith Street, Soho","51.51310333","-0.13121385","18",taxi,17.146
"383","Frith Street, Soho","51.51310333","-0.13121385","18",taxi,33.828
"386","Moor Street, Soho","51.51352755","-0.130110822","16",taxi,17.146
"386","Moor Street, Soho","51.51352755","-0.130110822","16",taxi,33.828
"424","Ebury Bridge, Pimlico","51.490491","-0.149186","29",bus_station,8541.039
"425","Harrington Square 2, Camden Town","51.533379","-0.139159","38",taxi,24.858
"432","Exhibition Road Museums 1, South Kensington","51.496468","-0.17379696","13",taxi,143.991
"432","Exhibition Road Museums 1, South Kensington","51.496468","-0.17379696","13",taxi,23.524
"446","York Hall, Bethnal Green","51.528936","-0.055894","27",taxi,53.111
"482","Exhibition Road Museums 2, South Kensington","51.495947","-0.17368958","14",taxi,143.991
"482","Exhibition Road Museums 2, South Kensington","51.495947","-0.17368958","14",taxi,23.524
"486","Granby Street, Shoreditch","51.525645","-0.069543","37",taxi,46.026
"492","Maplin Street, Mile End","51.525501","-0.032267204","39",bus_station,1004.597
"492","Maplin Street, Mile End","51.525501","-0.032267204","39",taxi,53.091
"507","Clarkson Street, Bethnal Green","51.528692","-0.059091","31",taxi,53.111
"508","Fournier Street, Whitechapel","51.519362","-0.074431","18",taxi,56.207
"522","Clinton Road, Mile End","51.525941","-0.036017","36",bus_station,1004.597
"522","Clinton Road, Mile End","51.525941","-0.036017","36",taxi,53.091
"539","Hoxton Station, Hoxton","51.531091","-0.075901","22",taxi,77.585
"562","Bury Place, Holborn","51.51746","-0.12335","21",taxi,20.692
"578","Hollybush Gardens, Bethnal Green","51.527607","-0.057133","32",taxi,53.111
"588","Hoxton Street, Hoxton","51.52959","-0.0801","27",taxi,77.585
"595","Hammersmith Road, Hammersmith","51.493267","-0.21985","22",bus_station,2768.817
"614","London Fields, Hackney Central","51.54119","-0.058826101","21",taxi,20.716
"617","Elysium Place, Fulham","51.47107905","-0.207842908","21",taxi,47.626
"720","Star Road, West Kensington","51.48724429","-0.205279052","23",taxi,15.713
"732","Duke Street Hill, London Bridge","51.50630441","-0.087262995","21",bus_station,1976.463
"733","Park Lane, Mayfair","51.50542628","-0.150817316","18",taxi,101.254
"733","Park Lane, Mayfair","51.50542628","-0.150817316","18",taxi,26.706
"770","Gwendwr Road, West Kensington","51.491026","-0.209121","30",taxi,25.521
"772","Binfield Road, Stockwell","51.47250956","-0.122831913","35",taxi,29.098
"779","Houndsditch, Aldgate","51.514449","-0.077178979","28",bus_station,2118.200
"781","Victoria & Albert Museum, South Kensington","51.495898","-0.173009","30",taxi,143.991
"781","Victoria & Albert Museum, South Kensington","51.495898","-0.173009","30",taxi,23.524
"790","Stratford Station, Stratford","51.541793","-0.00481","28",bus_station,1653.548
"790","Stratford Station, Stratford","51.541793","-0.00481","28",bus_station,2959.645
"795","Euston Square Gardens, Euston","51.527068","-0.13186102","30",bus_station,2414.105
"795","Euston Square Gardens, Euston","51.527068","-0.13186102","30",taxi,782.708
"813","New Spring Gardens Walk, Vauxhall","51.4878074485","-0.122759625866","37",bus_station,941.565
"814","Clapham Road, Lingham Street, Stockwell","51.4714330677","-0.123670735702","30",taxi,29.098
"826","Allington Street, Victoria","51.496863","-0.1429434","28",bus_station,1955.708
"844","Canada Water Station, Rotherhithe","51.498439","-0.049150215","35",bus_station,2882.779
