id,name,lat,long,nbDocks,fclass,area
"92","Borough Road, Elephant & Castle","51.49889832","-0.100440521","41",car_rental,338.194
"131","Eversholt Street , Camden Town","51.53300545","-0.136792671","16",car_rental,61.104
"169","Porchester Place, Paddington","51.51474612","-0.165164288","18",car_rental,82.657
"188","Nutford Place, Marylebone","51.5165179","-0.164393768","15",car_rental,82.657
"200","LMU Commercial Road, Whitechapel","51.51492456","-0.066078037","14",car_sharing,11.887
"249","Harper Road, The Borough","51.49859784","-0.096191134","42",car_rental,338.194
"425","Harrington Square 2, Camden Town","51.533379","-0.139159","38",car_rental,61.104
"516","Chrisp Street Market, Poplar","51.5112","-0.014438","18",car_sharing,392.976
"603","Caldwell Street, Stockwell","51.477839","-0.116493","44",car_rental,1129.692
"737","Fulham Broadway, Walham Green","51.47993289","-0.19411695","26",car_rental,93.247
"806","Handyside Street, King's Cross","51.5372405623","-0.124807385707","27",car_rental,191.598
