"id","name","lat","long",".cluster"
"12","Malet Street, Bloomsbury","51.52168078","-0.130431727",5
"15","Great Russell Street, Bloomsbury","51.51772703","-0.127854211",5
"19","Taviton Street, Bloomsbury","51.52505093","-0.131161087",5
"24","British Museum, Bloomsbury","51.51908011","-0.124678402",5
"31","Fanshaw Street, Hoxton","51.52953709","-0.083353323",5
"34","Pancras Road, King's Cross","51.5341235","-0.129386874",5
"51","Finsbury Library , Finsbury","51.52671796","-0.104298194",5
"69","Euston Road, Euston","51.5262363","-0.134407652",5
"79","Arundel Street, Temple","51.511726","-0.11385596",5
"92","Borough Road, Elephant & Castle","51.49889832","-0.100440521",5
"94","Bricklayers Arms, Borough","51.49506109","-0.085814489",5
"96","Falkirk Street, Hoxton","51.53095071","-0.078505384",5
"123","St. John Street, Finsbury","51.52836014","-0.104724625",5
"146","Vauxhall Bridge , Pimlico","51.48836528","-0.129361842",5
"154","Waterloo Station 3, Waterloo","51.50379168","-0.11282408",5
"156","New Kent Road, The Borough","51.49443626","-0.092921165",5
"185","Alderney Street, Pimlico","51.48805753","-0.140741432",5
"194","Hop Exchange, The Borough","51.50462759","-0.091773776",5
"231","Queen's Gate (Central), South Kensington","51.49396755","-0.17873226",5
"232","Carey Street, Holborn","51.51501025","-0.112753217",5
"239","Warren Street Station, Euston","51.52443845","-0.138019439",5
"246","Berry Street, Clerkenwell","51.52285301","-0.099994052",5
"256","Houghton Street, Strand","51.51362054","-0.116764211",5
"262","LSBU (Borough Road), Elephant & Castle","51.49874469","-0.103132904",5
"269","Empire Square, The Borough","51.50082346","-0.089740764",5
"272","Baylis Road, Waterloo","51.50144456","-0.110699309",5
"283","Kingsway, Covent Garden","51.51440928","-0.118478757",5
"284","Lambeth North Station, Waterloo","51.49914063","-0.112031483",5
"287","Bedford Way, Bloomsbury","51.52367314","-0.128377673",5
"324","Ontario Street, Elephant & Castle","51.49652013","-0.101384068",5
"339","Risinghill Street, Angel","51.5333196","-0.1117812",5
"344","Goswell Road (City Uni), Finsbury","51.528246","-0.10102611",5
"347","Lower Marsh, Waterloo","51.50013942","-0.113936001",5
"352","Vauxhall Street, Vauxhall","51.486965","-0.116625",5
"353","Greycoat Street , Westminster","51.49459148","-0.134234258",5
"356","South Kensington Station, South Kensington","51.494412","-0.173881",5
"359","Butler Place, Westminster","51.49782999","-0.135440826",5
"361","Waterloo Station 2, Waterloo","51.50391973","-0.11342629",5
"362","Royal College Street, Camden Town","51.536264","-0.133952",5
"372","Sardinia Street, Holborn","51.515208","-0.117863",5
"373","Prince Consort Road, Knightsbridge","51.49980661","-0.176415994",5
"374","Waterloo Station 1, Waterloo","51.50402794","-0.11386436",5
"378","Natural History Museum, South Kensington","51.49559291","-0.179077626",5
"387","Fire Brigade Pier, Vauxhall","51.49369988","-0.121394101",5
"392","Imperial College, Knightsbridge","51.49942855","-0.179702476",5
"428","Exhibition Road, Knightsbridge","51.499917","-0.174554",5
"432","Exhibition Road Museums 1, South Kensington","51.496468","-0.17379696",5
"443","Philpot Street, Whitechapel","51.515256","-0.058641",5
"464","St. Mary & St. Michael Church, Stepney","51.51417","-0.052099",5
"472","Malmesbury Road, Bow","51.529452","-0.027616",5
"482","Exhibition Road Museums 2, South Kensington","51.495947","-0.17368958",5
"483","Albert Gardens, Stepney","51.51328","-0.047784",5
"486","Granby Street, Shoreditch","51.525645","-0.069543",5
"491","Queen Mary's, Mile End","51.522507","-0.041378",5
"497","Merchant Street, Bow","51.526578","-0.027581",5
"498","Bow Road Station, Bow","51.527058","-0.025296",5
"505","Ackroyd Drive, Bow","51.520398","-0.026768",5
"520","Bancroft Road, Bethnal Green","51.526041","-0.047218",5
"523","Langdon Park, Poplar","51.51549","-0.013475",5
"539","Hoxton Station, Hoxton","51.531091","-0.075901",5
"544","Percival Street, Finsbury","51.526153","-0.102208",5
"549","Gaywood  Street, Elephant & Castle","51.49605","-0.104193",5
"550","Harford Street, Mile End","51.521564","-0.039264",5
"565","Selby Street, Whitechapel","51.521905","-0.063386",5
"588","Hoxton Street, Hoxton","51.52959","-0.0801",5
"594","Kingsway Southbound, Strand","51.513875","-0.117774",5
"595","Hammersmith Road, Hammersmith","51.493267","-0.21985",5
"597","Fulham Park Road, Fulham","51.473471","-0.20782",5
"598","Southerton Road, Hammersmith","51.494499","-0.228188",5
"601","BBC White City, White City","51.514767","-0.225787",5
"608","Colet Gardens, Hammersmith","51.491093","-0.216493",5
"615","Finlay Street, Fulham","51.4768851","-0.215895601",5
"616","Aintree Street, Fulham","51.48102131","-0.209973497",5
"617","Elysium Place, Fulham","51.47107905","-0.207842908",5
"627","Holden Street, Battersea","51.4687905","-0.158230901",5
"630","Clarence Walk, Stockwell","51.47073264","-0.126994068",5
"634","Brook Green South, Brook Green","51.49434708","-0.215804559",5
"637","Spencer Park, Wandsworth Common","51.45787019","-0.174691623",5
"639","Coomer Place, West Kensington","51.48357068","-0.202038682",5
"676","Hartington Road, Stockwell","51.47787084","-0.126874471",5
"679","Orbel Street, Battersea","51.47453545","-0.170210533",5
"680","Westbridge Road, Battersea","51.47768469","-0.170329317",5
"690","Stanley Grove, Battersea","51.47047503","-0.152130083",5
"696","Charing Cross Hospital, Hammersmith","51.48728535","-0.217995921",5
"707","Barons Court Station, West Kensington","51.49021762","-0.215087092",5
"720","Star Road, West Kensington","51.48724429","-0.205279052",5
"729","St. Peter's Terrace, Fulham","51.47893931","-0.208485293",5
"734","Plough Terrace, Clapham Junction","51.46230566","-0.175407201",5
"737","Fulham Broadway, Walham Green","51.47993289","-0.19411695",5
"744","Ingrave Street, Clapham Junction","51.46745485","-0.172293499",5
"750","Culvert Road, Battersea","51.4710956","-0.157850096",5
"751","Newton Street, Covent Garden","51.51612862","-0.120909408",5
"761","Humbolt Road, Fulham","51.48321729","-0.211860644",5
"772","Binfield Road, Stockwell","51.47250956","-0.122831913",5
"777","Limburg Road, Clapham Junction","51.4619230679","-0.165297856693",5
"781","Victoria & Albert Museum, South Kensington","51.495898","-0.173009",5
"782","Halford Road, West Kensington","51.483911","-0.19760944",5
"795","Euston Square Gardens, Euston","51.527068","-0.13186102",5
"796","Coram Street, Bloomsbury","51.524","-0.12640984",5
"797","Ossulston Street, Somers Town","51.5293","-0.12827903",5
"807","Bevington Road West, North Kensington","51.5212","-0.208888173",5
"809","Lincoln's Inn Fields, Holborn","51.5162778834","-0.118272991635",5
"840","George Row, Bermondsey","51.498585","-0.068981764",5
"845","Bermondsey Station, Bermondsey","51.497995","-0.063471392",5
