"id","name","lat","long",".cluster"
"6","Broadcasting House, Marylebone","51.51811784","-0.144228881",4
"9","New Globe Walk, Bankside","51.5073853","-0.096440751",4
"10","Park Street, Bankside","51.50597426","-0.092754157",4
"14","Belgrove Street , King's Cross","51.52994371","-0.123616824",4
"16","Cartwright Gardens , Bloomsbury","51.52635795","-0.125979294",4
"22","Northington Street , Holborn","51.5222641","-0.114079481",4
"23","Red Lion Square, Holborn","51.51943538","-0.119123345",4
"28","Bolsover Street, Fitzrovia","51.52351808","-0.143613641",4
"39","Shoreditch High Street, Shoreditch","51.5263778","-0.078130921",4
"49","Curzon Street, Mayfair","51.50706909","-0.145904427",4
"52","Roscoe Street, St. Luke's","51.52295439","-0.094934859",4
"54","Golden Lane, Barbican","51.52174785","-0.094475072",4
"61","Great Dover Street, The Borough","51.49738251","-0.089446947",4
"68","Theobald's Road , Holborn","51.52059681","-0.116688468",4
"70","Calshot Street , King's Cross","51.53136059","-0.117069978",4
"72","Farringdon Lane, Clerkenwell","51.52352001","-0.108340165",4
"73","Old Street Station, St. Luke's","51.52548","-0.089659871",4
"77","Russell Square Station, Bloomsbury","51.52341837","-0.124121774",4
"78","Sadlers Sports Centre, Finsbury","51.52486887","-0.099489485",4
"85","Tanner Street, Bermondsey","51.50064702","-0.078600401",4
"86","Sancroft Street, Vauxhall","51.48947903","-0.115156562",4
"89","Tavistock Place, Bloomsbury","51.5262503","-0.123509611",4
"91","Walnut Tree Walk, Vauxhall","51.49368637","-0.111014912",4
"95","Aldersgate Street, Barbican","51.5208417","-0.097340162",4
"107","Finsbury Leisure Centre, St. Luke's","51.52600832","-0.096317627",4
"114","Park Road (Baker Street), The Regent's Park","51.52451738","-0.158963647",4
"117","Lollard Street, Vauxhall","51.49288067","-0.114934001",4
"118","Rochester Row, Westminster","51.49582705","-0.13547809",4
"119","Bath Street, St. Luke's","51.52589324","-0.090847761",4
"125","Borough High Street, The Borough","51.50069491","-0.094524319",4
"126","Museum of London, Barbican","51.51782144","-0.096496865",4
"132","Bethnal Green Road, Shoreditch","51.52364804","-0.074754872",4
"134","Wapping High Street, Wapping","51.504904","-0.06797",4
"151","Chepstow Villas, Notting Hill","51.51213691","-0.201554966",4
"152","Hampton Street, Walworth","51.49217002","-0.101536865",4
"161","Guildhouse Street, Victoria","51.49234577","-0.141334487",4
"170","Hardwick Street, Clerkenwell","51.52784273","-0.108068155",4
"177","Ashley Place, Victoria","51.49616092","-0.140947636",4
"178","Warwick Square, Pimlico","51.48985626","-0.141923621",4
"186","South Wharf Road, Paddington","51.51733558","-0.175810943",4
"193","Bankside Mix, Bankside","51.50581776","-0.100186337",4
"196","Union Street, The Borough","51.50368837","-0.098497684",4
"197","Stamford Street, South Bank","51.50556905","-0.111606696",4
"206","New Road 1 , Whitechapel","51.518154","-0.062697",4
"207","Grosvenor Crescent, Belgravia","51.50135267","-0.153194766",4
"214","Endsleigh Gardens, Euston","51.52683806","-0.130504336",4
"218","St. Luke's Church, Chelsea","51.48971651","-0.170194408",4
"223","Rodney Road , Walworth","51.49148474","-0.090220911",4
"230","Poured Lines, Bankside","51.50669284","-0.103137426",4
"236","Fashion Street, Whitechapel","51.51838043","-0.073438925",4
"238","Frampton Street, Paddington","51.5233534","-0.175116099",4
"240","Colombo Street, Southwark","51.50545935","-0.10569204",4
"243","Gloucester Street, Pimlico","51.49096258","-0.139625122",4
"245","Grosvenor Road, Pimlico","51.4853572","-0.142207481",4
"247","St. John's Wood Church, The Regent's Park","51.530529","-0.167515",4
"249","Harper Road, The Borough","51.49859784","-0.096191134",4
"250","Royal Avenue 1, Chelsea","51.489932","-0.162727",4
"254","Chadwell Street, Angel","51.53051587","-0.106408455",4
"257","Westminster University, Marylebone","51.52248185","-0.154907218",4
"264","Tysoe Street, Clerkenwell","51.52644342","-0.109256828",4
"268","Belgrave Road, Victoria","51.49320445","-0.144132875",4
"275","Barbican Centre, Barbican","51.52004497","-0.092176447",4
"280","Royal Avenue 2, Chelsea","51.490083","-0.162418",4
"281","Smith Square, Westminster","51.49580589","-0.127575233",4
"282","Royal London Hospital, Whitechapel","51.518675","-0.06111",4
"292","Montpelier Street, Knightsbridge","51.49888404","-0.165471605",4
"294","St. George's Square, Pimlico","51.488226","-0.135635511",4
"295","Swan Street, The Borough","51.50029631","-0.092762704",4
"306","Rathbone Street, Fitzrovia","51.51816295","-0.135025698",4
"308","Long Lane , Bermondsey","51.49907558","-0.085666316",4
"310","Black Prince Road, Vauxhall","51.4908679","-0.116911864",4
"311","Foley Street, Fitzrovia","51.51918144","-0.140485596",4
"314","Tyers Gate, Bermondsey","51.50088934","-0.083159352",4
"316","Warwick Row, Westminster","51.497998","-0.14296064",4
"317","Dickens Square, Borough","51.49679128","-0.093913472",4
"322","Palissy Street, Shoreditch","51.526293","-0.073955",4
"326","Graham Street, Angel","51.53266186","-0.099981142",4
"345","Flood Street, Chelsea","51.48802358","-0.166878535",4
"348","Grosvenor Square, Mayfair","51.51217033","-0.150481272",4
"351","Macclesfield Rd, St Lukes","51.529423","-0.097122",4
"357","Howland Street, Fitzrovia","51.520994","-0.139016",4
"358","High Holborn , Covent Garden","51.516226","-0.124826",4
"360","Howick Place, Westminster","51.49675303","-0.138733562",4
"364","Store Street, Bloomsbury","51.519572","-0.13214036",4
"365","City Road, Angel","51.530344","-0.100168",4
"366","Millennium Hotel, Mayfair","51.5109192966489","-0.1511263847351",4
"370","Paddington Green, Paddington","51.520205","-0.174593",4
"380","Stanhope Gate, Mayfair","51.50686435","-0.150666888",4
"382","Farm Street, Mayfair","51.50935171","-0.14744969",4
"383","Frith Street, Soho","51.51310333","-0.13121385",4
"386","Moor Street, Soho","51.51352755","-0.130110822",4
"390","Buxton Street 1, Shoreditch","51.521776","-0.068856",4
"401","Columbia Road, Shoreditch","51.528187","-0.075375",4
"409","Strata, Elephant & Castle","51.493146","-0.099828",4
"419","Chelsea Bridge, Pimlico","51.485821","-0.149004",4
"420","Southwark Station 1, Southwark","51.504043","-0.105312",4
"421","Southwark Station 2, Southwark","51.504044","-0.104778",4
"426","Vincent Street, Pimlico","51.493072","-0.129925",4
"431","Crinan Street, King's Cross","51.534474","-0.122203",4
"433","Wren Street, Holborn","51.524564","-0.116279",4
"435","Kennington Station, Kennington","51.488852","-0.105593",4
"439","Killick Street, King's Cross","51.5338","-0.118677",4
"440","Kennington Oval, Oval","51.483145","-0.113134",4
"442","Walmer Road, Avondale","51.510101","-0.211358",4
"446","York Hall, Bethnal Green","51.528936","-0.055894",4
"449","Shadwell Station, Shadwell","51.511088","-0.057159",4
"451","Hermitage Court, Wapping","51.504719","-0.063531",4
"453","Garnet Street, Shadwell","51.508447","-0.055167",4
"454","Napier Avenue, Millwall","51.487679","-0.021582",4
"456","Parkway, Camden Town","51.538071","-0.144664",4
"457","Castlehaven Road, Camden Town","51.542138","-0.145393",4
"458","Wapping Lane, Wapping","51.504749","-0.057544",4
"461","Aston Street, Stepney","51.516","-0.038775",4
"463","Thurtle Road, Haggerston","51.534776","-0.071881",4
"465","Pitfield Street North,Hoxton","51.53558","-0.08249",4
"478","Stepney Green Station, Stepney","51.521889","-0.04667",4
"481","Saunders Ness Road, Cubitt Town","51.487129","-0.0090011",4
"485","Old Ford Road, Bethnal Green","51.531127","-0.048017",4
"488","Reardon Street, Wapping","51.506946","-0.058681",4
"490","Pennington Street, Wapping","51.508622","-0.065006",4
"492","Maplin Street, Mile End","51.525501","-0.032267204",4
"495","Bow Church Station, Bow","51.528169","-0.018703",4
"499","Furze Green, Bow","51.519265","-0.021345",4
"503","Cleveland Way, Stepney","51.520893","-0.051394",4
"504","St. John's Park, Cubitt Town","51.496454","-0.009506",4
"506","Bell Lane, Liverpool Street","51.517475","-0.075855",4
"507","Clarkson Street, Bethnal Green","51.528692","-0.059091",4
"509","Fore Street, Guildhall","51.517842","-0.090075",4
"510","Westferry DLR, Limehouse","51.509303","-0.025996",4
"524","Lancaster Gate , Bayswater","51.511654","-0.179668",4
"528","Clarges Street, Mayfair","51.507326","-0.145827",4
"530","Newby Place, Poplar","51.508896","-0.012413",4
"533","Wellington Row, Bethnal Green","51.528222","-0.069743",4
"538","Naval Row, Blackwall","51.508981","-0.00699",4
"542","Salmon Lane, Limehouse","51.514115","-0.033828",4
"543","Lansdowne Walk, Ladbroke Grove","51.509591","-0.204666",4
"545","Arlington Road, Camden Town","51.539957","-0.145246",4
"552","Watney Street, Shadwell","51.511542","-0.056667",4
"554","Aberfeldy Street, Poplar","51.513548","-0.005659",4
"558","Page Street, Westminster","51.493978","-0.127554",4
"560","Ladbroke Grove Central, Ladbroke Grove","51.511624","-0.205921",4
"561","Rectory Square, Stepney","51.518369","-0.043371",4
"562","Bury Place, Holborn","51.51746","-0.12335",4
"569","Pitfield Street Central, Hoxton","51.53213","-0.08299",4
"574","Eagle Wharf Road, Hoxton","51.53356","-0.09315",4
"577","Globe Town Market, Bethnal Green","51.528869","-0.047548",4
"596","Parson's Green , Parson's Green","51.472817","-0.199783",4
"602","Union Grove, Wandsworth Road","51.472993","-0.133972",4
"604","St Martins Close, Camden Town","51.538792","-0.138535",4
"606","Addison Road, Holland Park","51.504199","-0.210941",4
"619","Irene Road, Parsons Green","51.4737636","-0.197010096",4
"621","Wandsworth Town Station, Wandsworth","51.46086446","-0.187427294",4
"623","Nantes Close, Wandsworth","51.46193072","-0.180791784",4
"638","Falcon Road, Clapham Junction","51.46663393","-0.169821175",4
"645","Great Suffolk Street, The Borough","51.50173215","-0.100292412",4
"646","Buckingham Gate, Westminster","51.49886563","-0.137424571",4
"654","Ashmole Estate, Oval","51.48267821","-0.117661574",4
"660","West Kensington Station, West Kensington","51.49087074","-0.206029743",4
"664","Austin Road, Battersea Park","51.474376","-0.155442787",4
"670","Ashley Crescent, Battersea","51.46718562","-0.152248582",4
"671","Parsons Green Station, Parsons Green","51.475089","-0.201968",4
"674","Carnegie Street, King's Cross","51.53546778","-0.11619105",4
"675","Usk Road, Clapham Junction","51.46348914","-0.182126248",4
"682","Crisp Road, Hammersmith","51.48810829","-0.22660621",4
"685","Osiers Road, Wandsworth","51.46067005","-0.198735357",4
"688","Northfields, Wandsworth","51.46095151","-0.20066766",4
"689","Spanish Road, Clapham Junction","51.45922541","-0.180884959",4
"693","Felsham Road, Putney","51.464786","-0.215618902",4
"695","Islington Green, Angel","51.53638435","-0.102757578",4
"701","Vicarage Crescent, Battersea","51.47287627","-0.176267008",4
"702","Durant Street, Bethnal Green","51.52868155","-0.065550321",4
"706","Snowsfields, London Bridge","51.50215353","-0.083632928",4
"713","Hawley Crescent, Camden Town","51.54100708","-0.14326094",4
"714","Stewart's Road, Wandsworth Road","51.47311696","-0.137235175",4
"716","Stainsby Road , Poplar","51.51542791","-0.02356501",4
"718","Ada Street, Hackney Central","51.53571683","-0.060291813",4
"719","Victoria Park Road, Hackney Central","51.53642464","-0.054162264",4
"721","Wendon Street, Old Ford","51.53603947","-0.026262677",4
"726","Alfreda Street, Battersea Park","51.47505096","-0.150908371",4
"738","Imperial Road, Sands End","51.47514228","-0.187278987",4
"740","Sirdar Road, Avondale","51.51092871","-0.214594781",4
"745","Upcerne Road, West Chelsea","51.47816972","-0.18243547",4
"749","Haggerston Road, Haggerston","51.53932857","-0.074284675",4
"766","Ram Street, Wandsworth","51.45752945","-0.192165613",4
"771","Rifle Place, Avondale","51.509224","-0.216016",4
"784","East Village, Queen Elizabeth Olympic Park","51.546326","-0.00993526",4
"792","Blackfriars Road, Southwark","51.505461","-0.10454093",4
"803","Southwark Street, Bankside","51.5054099403","-0.0983410884509",4
"810","Tate Modern, Bankside","51.5067252868","-0.0988072461627",4
"811","Westferry Circus, Canary Wharf","51.5057030357","-0.0277727426235",4
"814","Clapham Road, Lingham Street, Stockwell","51.4714330677","-0.123670735702",4
"820","Victory Place, Walworth","51.492807","-0.091938",4
"821","Battersea Power Station, Battersea Park","51.4835074867","-0.147714557371",4
"826","Allington Street, Victoria","51.496863","-0.1429434",4
"827","Cranmer Road, Stockwell","51.479601","-0.11147178",4
"828","Normandy Road, Stockwell","51.473874","-0.11258096",4
"838","Fore Street Avenue, Guildhall","51.518093","-0.0914017",4
