"id","name","lat","long",".cluster"
"1","River Street , Clerkenwell","51.52916347","-0.109970527",2
"2","Phillimore Gardens, Kensington","51.49960695","-0.197574246",2
"4","St. Chad's Street, King's Cross","51.53005939","-0.120973687",2
"5","Sedding Street, Sloane Square","51.49313","-0.156876",2
"7","Charlbert Street, St. John's Wood","51.53430039","-0.1680743",2
"8","Maida Vale, Maida Vale","51.529857","-0.18348604",2
"26","Ampton Street , Clerkenwell","51.52728093","-0.11829517",2
"29","Hereford Road, Bayswater","51.513735","-0.193487",2
"30","Windsor Terrace, Hoxton","51.52915444","-0.093421615",2
"33","Central House, Aldgate","51.515231","-0.07015",2
"37","Penywern Road, Earl's Court","51.49159394","-0.192369256",2
"38","Abingdon Villas, Kensington","51.4973875","-0.197245586",2
"42","Wenlock Road , Hoxton","51.53099181","-0.093903825",2
"43","Crawford Street, Marylebone","51.52026","-0.157183945",2
"45","Boston Place, Marylebone","51.522511","-0.162298",2
"46","Nesham Street, Wapping","51.507131","-0.06691",2
"47","Warwick Avenue Station, Maida Vale","51.52334476","-0.183846408",2
"50","East Road, Hoxton","51.52867339","-0.087459376",2
"56","Paddington Street, Marylebone","51.52058381","-0.154701411",2
"60","Lisson Grove, St. John's Wood","51.52644828","-0.172190727",2
"62","Cotton Garden Estate, Kennington","51.4907579","-0.106323685",2
"63","Murray Grove , Hoxton","51.53089041","-0.089782579",2
"80","Webber Street , Southwark","51.50069361","-0.102091246",2
"81","Great Titchfield Street, Fitzrovia","51.52025302","-0.141327271",2
"97","Gloucester Road (North), Kensington","51.49792478","-0.183834706",2
"99","Old Quebec Street, Marylebone","51.51457763","-0.158264483",2
"103","Vicarage Gate, Kensington","51.50472376","-0.192538767",2
"105","Westbourne Grove, Bayswater","51.51552971","-0.190240716",2
"110","Wellington Road, St. John's Wood","51.53304322","-0.172528678",2
"113","Gloucester Road (Central), South Kensington","51.49646288","-0.183289032",2
"121","Baker Street, Marylebone","51.51891348","-0.156166631",2
"124","Eaton Square, Belgravia","51.49654462","-0.150905245",2
"128","Emperor's Gate, South Kensington","51.49536226","-0.185296516",2
"133","Derry Street, Kensington","51.50136494","-0.191462381",2
"142","West Cromwell Road, Earl's Court","51.49372451","-0.198286569",2
"143","Pont Street, Knightsbridge","51.4968865","-0.161203828",2
"144","Kennington Cross, Kennington","51.48894022","-0.111435796",2
"148","Tachbrook Street, Victoria","51.49211134","-0.138364847",2
"150","Holy Trinity Brompton, Knightsbridge","51.49705603","-0.168917077",2
"155","Lexham Gardens, Kensington","51.49586666","-0.191933711",2
"157","Wright's Lane, Kensington","51.50039792","-0.193068385",2
"158","Trebovir Road, Earl's Court","51.49085368","-0.196170309",2
"163","Sloane Avenue, Knightsbridge","51.4931848","-0.167894973",2
"164","Cleveland Gardens, Bayswater","51.515607","-0.183118788",2
"165","Orsett Terrace, Bayswater","51.517932","-0.183716959",2
"167","Eccleston Place, Victoria","51.49395092","-0.147624377",2
"168","Argyll Road, Kensington","51.50040123","-0.195455928",2
"169","Porchester Place, Paddington","51.51474612","-0.165164288",2
"171","Collingham Gardens, Earl's Court","51.4916156","-0.186753859",2
"172","Sumner Place, South Kensington","51.49121192","-0.173715911",2
"176","Gloucester Terrace, Bayswater","51.51791921","-0.188098863",2
"181","Belgrave Square, Belgravia","51.49941247","-0.152317537",2
"182","Bell Street , Marylebone","51.52202903","-0.165842551",2
"183","Riverlight North, Nine Elms","51.482362","-0.13612398",2
"184","Portland Place, Marylebone","51.52071513","-0.14521173",2
"187","Queen's Gate (South), South Kensington","51.49247977","-0.178433004",2
"188","Nutford Place, Marylebone","51.5165179","-0.164393768",2
"190","Rampayne Street, Pimlico","51.48997562","-0.132845681",2
"200","LMU Commercial Road, Whitechapel","51.51492456","-0.066078037",2
"201","Dorset Square, Marylebone","51.5225965","-0.161113413",2
"202","Leman Street, Aldgate","51.51236389","-0.06954201",2
"204","Margery Street, Clerkenwell","51.52659961","-0.112432615",2
"208","Mallory Street, Marylebone","51.52505151","-0.166304359",2
"209","Denyer Street, Knightsbridge","51.49358391","-0.165101392",2
"210","Hinde Street, Marylebone","51.51681444","-0.151926305",2
"211","Cadogan Place, Knightsbridge","51.49464523","-0.158105512",2
"216","Old Brompton Road, South Kensington","51.49094565","-0.181190899",2
"219","Bramham Gardens, Earl's Court","51.49016361","-0.19039362",2
"220","Chelsea Green, Chelsea","51.49066456","-0.166485083",2
"221","Horseferry Road, Westminster","51.49481649","-0.13045856",2
"225","Notting Hill Gate Station, Notting Hill","51.50935342","-0.196422",2
"227","Great Percy Street, Clerkenwell","51.52891573","-0.115480888",2
"237","Dock Street, Wapping","51.5097860151","-0.0681619805156",2
"242","Beaumont Street, Marylebone","51.52200801","-0.151359288",2
"255","Clifton Road, Maida Vale","51.52557531","-0.179592915",2
"259","Bourne Street, Belgravia","51.490959","-0.1532331",2
"261","Princes Square, Bayswater","51.5134891","-0.191351186",2
"265","Southwick Street, Paddington","51.51595344","-0.169249375",2
"267","Regency Street, Westminster","51.49206037","-0.132224622",2
"274","Warwick Road, Olympia","51.49671237","-0.20528437",2
"277","Kensington Church Street, Kensington","51.50315739","-0.191496313",2
"279","North Wharf Road, Paddington","51.51862243","-0.176645823",2
"286","St. John's Wood Road, St. John's Wood","51.5272947","-0.174653609",2
"288","Elizabeth Bridge, Victoria","51.49236962","-0.147478734",2
"289","South Audley Street, Mayfair","51.50923022","-0.151296092",2
"290","St Mary's Hospital, Paddington","51.518268","-0.17110323",2
"291","Claverton Street, Pimlico","51.48483991","-0.138089062",2
"293","Kensington Olympia Station, Olympia","51.49815779","-0.209494128",2
"296","Knaresborough Place, Earl's Court","51.49363156","-0.190603326",2
"298","Curlew Street, Shad Thames","51.50227992","-0.074189225",2
"299","Vincent Square, Westminster","51.49398524","-0.136928582",2
"312","Grove End Road, St. John's Wood","51.53088935","-0.176770502",2
"319","Baldwin Street, St. Luke's","51.52702563","-0.088542771",2
"320","Queen Mother Sports Centre, Victoria","51.49357351","-0.139956043",2
"321","Bermondsey Street, Bermondsey","51.49785559","-0.081608045",2
"327","New North Road 1, Hoxton","51.53095","-0.085603",2
"328","New North Road 2, Hoxton","51.53114","-0.086016",2
"330","Eastbourne Mews, Paddington","51.51641749","-0.179135079",2
"332","Nevern Place, Earl's Court","51.49334336","-0.194757949",2
"333","Palace Gardens Terrace, Notting Hill","51.50860544","-0.193764092",2
"337","Pembridge Villas, Notting Hill","51.51108452","-0.197524944",2
"363","Lord's, St. John's Wood","51.5291212008901","-0.171185284853",2
"367","Harrowby Street, Marylebone","51.5173721","-0.1642075",2
"368","Harriet Street, Knightsbridge","51.50024195","-0.15934065",2
"375","Kensington Town Hall, Kensington","51.50194596","-0.194392952",2
"379","Turquoise Island, Notting Hill","51.51431171","-0.200838199",2
"384","Marloes Road, Kensington","51.496481","-0.192404",2
"394","Aberdeen Place, St. John's Wood","51.524826","-0.176268",2
"395","Cadogan Gardens, Chelsea","51.492462","-0.159919",2
"396","Shouldham Street, Marylebone","51.51809","-0.163609",2
"397","Devonshire Terrace, Bayswater","51.51348","-0.17977",2
"400","George Street, Marylebone","51.517703","-0.154106",2
"402","Penfold Street, Marylebone","51.52289229","-0.171681991",2
"403","George Place Mews, Marylebone","51.51689296","-0.158249929",2
"405","Gloucester Road Station, South Kensington","51.49418566","-0.18267094",2
"410","Edgware Road Station, Marylebone","51.519968","-0.169774",2
"412","Cleaver Street, Kennington","51.488105","-0.110121",2
"423","Eaton Square (South), Belgravia","51.49456127","-0.15393398",2
"424","Ebury Bridge, Pimlico","51.490491","-0.149186",2
"430","South Parade, Chelsea","51.48902","-0.17524",2
"450","Jubilee Street, Stepney","51.515975","-0.053177",2
"452","St. Katharine's Way, Tower","51.505697","-0.070542",2
"462","Bonny Street, Camden Town","51.541603","-0.138853",2
"466","Whiston Road, Haggerston","51.534464","-0.076341",2
"467","Southern Grove, Bow","51.523538","-0.030556",2
"468","Cantrell Road, Bow","51.521564","-0.022694",2
"470","Mostyn Grove, Bow","51.530535","-0.025492",2
"471","Hewison Street, Old Ford","51.533283","-0.028155",2
"473","Millharbour, Millwall","51.496137","-0.019355",2
"475","Lightermans Road, Millwall","51.499041","-0.020157",2
"477","Spindrift Avenue, Millwall","51.49109","-0.018716",2
"480","Flamborough Street, Limehouse","51.5128711","-0.0389866",2
"484","Bromley High Street, Bow","51.528828","-0.013258",2
"487","Canton Street, Poplar","51.511811","-0.025626",2
"489","Christian Street, Whitechapel","51.513074","-0.064094",2
"496","Devons Road, Bow","51.52512","-0.015578",2
"500","Ansell House, Stepney","51.520019","-0.05438",2
"501","Cephas Street, Bethnal Green","51.522561","-0.054883",2
"511","Sutton Street, Shadwell","51.511066","-0.053558",2
"512","Pritchard's Road, Bethnal Green","51.532091","-0.06142",2
"513","Watney Market, Stepney","51.5142228","-0.055656",2
"514","Portman Square, Marylebone","51.516204","-0.155525",2
"515","Russell Gardens, Olympia","51.500088","-0.211316",2
"517","Ford Road, Old Ford","51.532513","-0.033085",2
"519","Teviot Street, Poplar","51.518811","-0.011662",2
"526","Lancaster Drive, Blackwall","51.503143","-0.008428",2
"529","Manresa Road, Chelsea","51.486892","-0.170983",2
"537","Old Montague Street, Whitechapel","51.51793","-0.067937",2
"547","East India DLR, Blackwall","51.509474","-0.002275",2
"553","Regent's Row , Haggerston","51.535678","-0.062546",2
"563","Preston's Road, Cubitt Town","51.499286","-0.009152",2
"568","Bishop's Bridge Road West, Bayswater","51.51616","-0.18697",2
"573","Limerston Street, West Chelsea","51.485587","-0.18119",2
"576","Alpha Grove, Millwall","51.497304","-0.022793",2
"581","New Cavendish Street, Marylebone","51.519167","-0.147983",2
"584","Ilchester Gardens, Bayswater","51.51244","-0.19096",2
"589","Drayton Gardens, West Chelsea","51.487196","-0.179369",2
"590","Greenberry Street, St.John's Wood","51.53256","-0.16862",2
"592","Bishop's Bridge Road East, Bayswater","51.5171","-0.18377",2
"593","Northdown Street, King's Cross","51.531066","-0.11934",2
"599","Manbre Road, Hammersmith","51.485743","-0.223616",2
"603","Caldwell Street, Stockwell","51.477839","-0.116493",2
"605","Seymour Place, Marylebone","51.520331","-0.163667",2
"609","Sugden Road, Clapham","51.46512358","-0.157788279",2
"610","Danvers Street, West Chelsea","51.48256792","-0.172078187",2
"611","Princedale Road , Holland Park","51.50646524","-0.208486599",2
"620","Surrey Lane, Battersea","51.47518024","-0.167160736",2
"622","Lansdowne Road, Ladbroke Grove","51.50748124","-0.205535908",2
"629","Morie Street, Wandsworth","51.45995384","-0.190184054",2
"631","Battersea Park Road, Nine Elms","51.4795017","-0.141770709",2
"633","Vereker Road, West Kensington","51.48959104","-0.209378594",2
"640","Silverthorne Road, Battersea","51.47286577","-0.148059277",2
"643","All Saints' Road, Portobello","51.5190427","-0.204764421",2
"644","Rainville Road, Hammersmith","51.48373225","-0.223852256",2
"647","Richmond Way, Shepherd's Bush","51.50035306","-0.217515071",2
"649","World's End Place, West Chelsea","51.48180515","-0.18027465",2
"650","St. Mark's Road, North Kensington","51.51687069","-0.213872396",2
"651","Thorndike Close, West Chelsea","51.48089844","-0.183853573",2
"652","Evesham Street, Avondale","51.51148696","-0.218190203",2
"657","Blythe Road West, Shepherd's Bush","51.4996806","-0.221791552",2
"661","All Saints Church, Portobello","51.51632095","-0.202608612",2
"662","Phene Street, Chelsea","51.48498496","-0.167919869",2
"663","Clarendon Road, Avondale","51.51323001","-0.211593602",2
"665","Smugglers Way, Wandsworth","51.46108367","-0.191722864",2
"667","Shepherd's Bush Road North, Shepherd's Bush","51.5015946","-0.222293381",2
"669","Teversham Lane, Stockwell","51.47614939","-0.1232585",2
"673","Hibbert Street, Battersea","51.46517078","-0.18038939",2
"678","Esmond Street, Putney","51.46231278","-0.211468596",2
"698","Shoreditch Court, Haggerston","51.53908372","-0.070329419",2
"699","Belford House, Haggerston","51.5366541","-0.07023031",2
"700","Battersea Church Road, Battersea","51.47696496","-0.174347066",2
"704","Mexfield Road, East Putney","51.45682071","-0.202802098",2
"705","Upper Richmond Road, Putney","51.45971528","-0.212145939",2
"715","Aylward Street, Stepney","51.51563007","-0.049067243",2
"717","Dunston Road , Haggerston","51.53658514","-0.075885686",2
"724","Alma Road, Wandsworth","51.45799126","-0.184806157",2
"725","Walworth Square, Walworth","51.491327","-0.096518684",2
"727","Chesilton Road, Fulham","51.47569809","-0.20587627",2
"735","Grant Road East, Clapham Junction","51.46489445","-0.17302926",2
"741","Freston Road, Avondale","51.5129814","-0.219486603",2
"742","Blenheim Crescent, Ladbroke Grove","51.51510818","-0.208565479",2
"743","Oxford Road, Putney","51.46079243","-0.212607684",2
"746","Lots Road, West Chelsea","51.4795738","-0.17903854",2
"748","Hertford Road, De Beauvoir Town","51.53727795","-0.079201849",2
"754","Grenfell Road, Avondale","51.5129006","-0.214762686",2
"755","The Vale, Chelsea","51.48512191","-0.174971902",2
"757","Harcourt Terrace, West Brompton","51.48795853","-0.187404506",2
"758","Westbourne Park Road, Portobello","51.51787005","-0.201005397",2
"759","Broadley Terrace, Marylebone","51.52456169","-0.165668686",2
"767","Santos Road, Wandsworth","51.45705988","-0.200806304",2
"770","Gwendwr Road, West Kensington","51.491026","-0.209121",2
"780","Imperial Wharf Station, Sands End","51.474665","-0.18316517",2
"793","Cromer Street, Bloomsbury","51.528279","-0.11955857",2
"798","Birkenhead Street, King's Cross","51.5301998755","-0.122299440803",2
"801","Lavington Street, Bankside","51.5052241745","-0.0980318118664",2
"802","Albert Square, Stockwell","51.4765900593","-0.118256789081",2
"805","The Metropolitan, Portobello","51.520509","-0.20080483",2
"808","Gauden Road, Clapham","51.464995","-0.13090885",2
"817","Riverlight South, Nine Elms","51.4813354746","-0.138212295869",2
"830","Sidney Road, Stockwell","51.469202","-0.11902256",2
"836","York Way, Kings Cross","51.541596","-0.12544145",2
"841","Tower Wharf, Bermondsey","51.500845","-0.074704305",2
"844","Canada Water Station, Rotherhithe","51.498439","-0.049150215",2
