"id","name","lat","long",".cluster"
"11","Brunswick Square, Bloomsbury","51.52395143","-0.122502346",1
"18","Drury Lane, Covent Garden","51.51477076","-0.12221963",1
"36","De Vere Gardens, Kensington","51.50173726","-0.184980612",1
"57","Guilford Street , Bloomsbury","51.52334672","-0.120202614",1
"64","William IV Street, Strand","51.50946212","-0.124749274",1
"76","Longford Street, The Regent's Park","51.52559505","-0.144083893",1
"82","Chancery Lane, Holborn","51.514274","-0.111257",1
"83","Panton Street, West End","51.50963938","-0.131510949",1
"84","Breams Buildings, Holborn","51.51593725","-0.111778348",1
"90","Harrington Square 1, Camden Town","51.53301907","-0.139174593",1
"111","Park Lane , Hyde Park","51.5100172","-0.157275636",1
"130","Tower Gardens , Tower","51.50950627","-0.075459482",1
"131","Eversholt Street , Camden Town","51.53300545","-0.136792671",1
"138","Green Street, Mayfair","51.51227622","-0.157436972",1
"139","Lambeth Road, Vauxhall","51.49488108","-0.117974901",1
"145","Ilchester Place, Kensington","51.50074359","-0.202759212",1
"149","Kennington Road Post Office, Oval","51.48478899","-0.110683213",1
"153","Bayswater Road, Hyde Park","51.511933","-0.174411",1
"160","Waterloo Place, St. James's","51.50663341","-0.131773845",1
"162","Southampton Place, Holborn","51.51760685","-0.121328408",1
"166","Seville Street, Knightsbridge","51.50185512","-0.159237081",1
"173","Waterloo Road, South Bank","51.50486","-0.113001",1
"191","Hyde Park Corner, Hyde Park","51.50311799","-0.153520935",1
"213","Wellington Arch, Hyde Park","51.50274025","-0.149569201",1
"222","Knightsbridge, Hyde Park","51.50275704","-0.155349725",1
"224","Queensway, Kensington Gardens","51.51031","-0.18740235",1
"226","Charles II Street, West End","51.50844614","-0.131961389",1
"228","St. James's Square, St. James's","51.50742485","-0.134621209",1
"229","Whitehall Place, Strand","51.50654321","-0.123179697",1
"233","Pall Mall East, West End","51.50777049","-0.130699733",1
"235","Kennington Road  , Vauxhall","51.49571828","-0.110889274",1
"248","Triangle Car Park, Hyde Park","51.50645179","-0.170279555",1
"252","Jubilee Gardens, South Bank","51.5046364","-0.116542278",1
"253","Shoreditch Park, Hoxton","51.53404294","-0.086379717",1
"258","Kensington Gore, Knightsbridge","51.50143293","-0.178656971",1
"266","Queen's Gate (North), Kensington","51.50102668","-0.180246101",1
"270","Kennington Lane Rail Bridge, Vauxhall","51.4863434","-0.122492418",1
"271","London Zoo,  The Regent's Park","51.53583617","-0.156285395",1
"273","Belvedere Road 1, South Bank","51.50613324","-0.114686385",1
"278","Tooley Street, Bermondsey","51.5034938","-0.07962099",1
"297","Geraldine Street, Elephant & Castle","51.49612799","-0.106000855",1
"300","Serpentine Car Park, Hyde Park","51.505014","-0.17306032",1
"302","Putney Pier, Wandsworth","51.466907","-0.216573",1
"303","Albert Gate, Hyde Park","51.50295379","-0.158456089",1
"307","Black Lion Gate, Kensington Gardens","51.50990837","-0.187842717",1
"309","Embankment (Savoy), Strand","51.50963123","-0.119047563",1
"315","The Tennis Courts, The Regent's Park","51.52536703","-0.153463612",1
"325","St. Martin's Street, West End","51.50908747","-0.129697889",1
"329","Prince Albert Road, The Regent's Park","51.53589283","-0.160854428",1
"334","Concert Hall Approach 1, South Bank","51.505044","-0.115851",1
"335","Tavistock Street, Covent Garden","51.51196803","-0.120718759",1
"336","Concert Hall Approach 2, South Bank","51.504942","-0.115533",1
"338","Wellington Street , Strand","51.51175646","-0.119643424",1
"340","Bank of England Museum, Bank","51.51444134","-0.087587447",1
"341","Craven Street, Strand","51.50810309","-0.12602103",1
"343","London Zoo Car Park, The Regent's Park","51.53692216","-0.150181444",1
"350","Queen's Gate, Kensington Gardens","51.5017154373867","-0.1798541843891",1
"354","Northumberland Avenue, Strand","51.506767","-0.123702",1
"355","Clapham Common Station, Clapham Common","51.461388","-0.13922146",1
"371","King Edward Walk, Waterloo","51.49775","-0.10988",1
"377","Waterloo Bridge, South Bank","51.50535447","-0.113656543",1
"388","Southampton Street, Strand","51.51070161","-0.121723604",1
"389","Upper Grosvenor Street, Mayfair","51.51013066","-0.155757901",1
"398","Holland Park, Kensington","51.502319","-0.200742",1
"399","Brick Lane Market, Shoreditch","51.52261762","-0.071653961",1
"404","Palace Gate, Kensington Gardens","51.50204238","-0.184400221",1
"411","Rotherhithe Roundabout, Rotherhithe","51.499169","-0.055846029",1
"425","Harrington Square 2, Camden Town","51.533379","-0.139159",1
"436","Red Lion Street, Holborn","51.51824","-0.11655",1
"437","Vauxhall Walk, Vauxhall","51.488124","-0.120903",1
"441","Sail Street, Vauxhall","51.495656","-0.114605",1
"444","Bethnal Green Garden, Bethnal Green","51.52568","-0.055312",1
"445","Cheshire Street, Bethnal Green","51.52388","-0.065076",1
"447","Jubilee Crescent, Cubitt Town","51.493381","-0.007542",1
"455","East Ferry Road, Cubitt Town","51.49447","-0.014409",1
"459","Gunmakers Lane, Old Ford","51.535179","-0.03338",1
"460","Burdett Road, Mile End","51.516196","-0.029138",1
"469","Lindfield Street, Poplar","51.513757","-0.020467",1
"474","Gascoyne Road, Victoria Park","51.541515","-0.038557746",1
"476","Stebondale Street, Cubitt Town","51.489096","-0.009205",1
"479","Pott Street, Bethnal Green","51.527152","-0.058005",1
"502","Bonner Gate, Victoria Park","51.53341","-0.049591815",1
"516","Chrisp Street Market, Poplar","51.5112","-0.014438",1
"518","Antill Road, Mile End","51.528224","-0.037471",1
"521","Driffield Road, Old Ford","51.534137","-0.037366",1
"522","Clinton Road, Mile End","51.525941","-0.036017",1
"531","Twig Folly Bridge, Mile End","51.530326","-0.042744",1
"534","Goldsmith's Row, Haggerston","51.531864","-0.066035",1
"535","Gloucester Avenue, Camden Town","51.537349","-0.147154",1
"536","Queensbridge Road, Haggerston","51.53385","-0.06992",1
"540","Albany Street, The Regent's Park","51.528302","-0.144466",1
"541","Green Park Station, Mayfair","51.506613","-0.142844",1
"548","Westminster Bridge Road, Elephant & Castle","51.498386","-0.107913",1
"559","Abbotsbury Road, Holland Park","51.501391","-0.205991",1
"564","Somerset House, Strand","51.509943","-0.117619",1
"578","Hollybush Gardens, Bethnal Green","51.527607","-0.057133",1
"580","Doddington Grove, Kennington","51.48692917","-0.102996299",1
"586","Mudchute DLR, Cubitt Town","51.490645","-0.014582",1
"600","South Lambeth Road, Vauxhall","51.481747","-0.124642",1
"607","Putney Bridge Station, Fulham","51.468814","-0.210279",1
"612","Wandsworth Rd, Isley Court, Wandsworth Road","51.46925984","-0.141812513",1
"614","London Fields, Hackney Central","51.54119","-0.058826101",1
"618","Eel Brook Common, Walham Green","51.47625965","-0.193254007",1
"624","Courland Grove, Wandsworth Road","51.4729184","-0.132102704",1
"625","Queen's Circus, Battersea Park","51.47761941","-0.149551631",1
"626","Normand Park, West Kensington","51.48438657","-0.20481514",1
"628","William Morris Way, Sands End","51.46881971","-0.184318843",1
"632","Sheepcote Lane, Battersea","51.47053858","-0.163041605",1
"635","Greyhound Road, Hammersmith","51.48606206","-0.214428378",1
"636","South Park, Sands End","51.46706414","-0.193502076",1
"641","Archbishop's Park, Waterloo","51.49824168","-0.117495865",1
"642","Fawcett Close, Battersea","51.46916161","-0.174485792",1
"648","Peterborough Road, Sands End","51.46904022","-0.19627483",1
"653","Simpson Street, Clapham Junction","51.47084722","-0.17070367",1
"655","Crabtree Lane, Fulham","51.48294452","-0.219346128",1
"656","Broomhouse Lane, Parsons Green","51.46841875","-0.199135704",1
"658","Ethelburga Estate, Battersea Park","51.47729232","-0.16478637",1
"668","Ravenscourt Park Station, Hammersmith","51.49422354","-0.236769936",1
"677","Heath Road, Battersea","51.46866929","-0.146544642",1
"681","Bishop's Avenue, Fulham","51.47303687","-0.214749808",1
"686","Beryl Road, Hammersmith","51.48814438","-0.222456468",1
"691","Erin Close, Walham Green","51.47946386","-0.195777222",1
"692","Cadogan Close, Victoria Park","51.54211855","-0.028941601",1
"697","Charlotte Terrace, Angel","51.53639219","-0.112721065",1
"710","Albert Bridge Road, Battersea Park","51.47439218","-0.163347594",1
"711","Everington Street, Fulham","51.48335692","-0.216305546",1
"712","Mile End Stadium, Mile End","51.51854104","-0.034903714",1
"722","Finnis Street, Bethnal Green","51.52458353","-0.058631453",1
"723","Stephendale Road, Sands End","51.46822047","-0.190346493",1
"728","Putney Bridge Road, East Putney","51.46199911","-0.206240805",1
"732","Duke Street Hill, London Bridge","51.50630441","-0.087262995",1
"733","Park Lane, Mayfair","51.50542628","-0.150817316",1
"747","Ormonde Gate, Chelsea","51.48796408","-0.161765173",1
"756","Prince of Wales Drive, Battersea Park","51.47515398","-0.159169801",1
"762","Storey's Gate, Westminster","51.50070305","-0.129698963",1
"763","Mile End Park Leisure Centre, Mile End","51.52059714","-0.032566533",1
"765","Ranelagh Gardens, Fulham","51.46760141","-0.20682737",1
"768","Clapham Common North Side, Clapham Common","51.46134382","-0.159322467",1
"769","Sandilands Road, Walham Green","51.473611","-0.191803",1
"774","Hurlingham Park, Parsons Green","51.470131","-0.20464",1
"775","Little Brook Green, Brook Green","51.496664","-0.223868",1
"776","Abyssinia Close, Clapham Junction","51.460333","-0.167029",1
"783","Monier Road, Hackney Wick","51.5403115","-0.021630359",1
"785","Aquatic Centre, Queen Elizabeth Olympic Park","51.54094","-0.010510565",1
"786","Lee Valley VeloPark, Queen Elizabeth Olympic Park","51.549369","-0.015717614",1
"787","Timber Lodge, Queen Elizabeth Olympic Park","51.546805","-0.01469126",1
"789","Podium, Queen Elizabeth Olympic Park","51.538718","-0.011889482",1
"794","Victoria Rise, Clapham Common","51.461376","-0.14780467",1
"800","Sopwith Way, Battersea Park","51.4811219398","-0.149035374873",1
"812","Here East North, Queen Elizabeth Olympic Park","51.5487311915","-0.0226065549321",1
"813","New Spring Gardens Walk, Vauxhall","51.4878074485","-0.122759625866",1
"815","Lambeth Palace Road, Waterloo","51.5000891978","-0.116628700672",1
"816","Here East South, Queen Elizabeth Olympic Park","51.5465327935","-0.0205975904647",1
"818","Westminster Pier, Westminster","51.501513","-0.12382322",1
"819","Belvedere Road 2, South Bank","51.50621","-0.114842",1
"829","Wynne Road, Stockwell","51.469217","-0.11268674",1
"831","St John's Crescent, Brixton","51.466232","-0.11317995",1
"832","Ferndale Road, Brixton","51.464019","-0.11578197",1
"833","Saltoun Road, Brixton","51.460232","-0.11537509",1
"834","Gas Holders, Battersea Park","51.477966","-0.14785703",1
