"id","trip","duration","name","lat","long","nbDocks"
1,22,1082.72727272727,"River Street , Clerkenwell",51.52916347,-0.109970527,19
2,120,1079.5,"Phillimore Gardens, Kensington",51.49960695,-0.197574246,37
4,32,4620,"St. Chad's Street, King's Cross",51.53005939,-0.120973687,23
5,79,876.455696202532,"Sedding Street, Sloane Square",51.49313,-0.156876,27
7,35,3176.57142857143,"Charlbert Street, St. John's Wood",51.53430039,-0.1680743,16
8,82,1599.51219512195,"Maida Vale, Maida Vale",51.529857,-0.18348604,39
26,31,901.935483870968,"Ampton Street , Clerkenwell",51.52728093,-0.11829517,21
29,10,624,"Hereford Road, Bayswater",51.513735,-0.193487,22
30,45,1420,"Windsor Terrace, Hoxton",51.52915444,-0.093421615,24
33,111,1389.18918918919,"Central House, Aldgate",51.515231,-0.07015,18
37,91,1415.6043956044,"Penywern Road, Earl's Court",51.49159394,-0.192369256,17
38,29,777.931034482759,"Abingdon Villas, Kensington",51.4973875,-0.197245586,17
42,45,702.666666666667,"Wenlock Road , Hoxton",51.53099181,-0.093903825,28
43,85,1682.11764705882,"Crawford Street, Marylebone",51.52026,-0.157183945,18
45,38,1089.47368421053,"Boston Place, Marylebone",51.522511,-0.162298,26
46,119,1033.10924369748,"Nesham Street, Wapping",51.507131,-0.06691,16
47,105,2955.42857142857,"Warwick Avenue Station, Maida Vale",51.52334476,-0.183846408,19
50,28,831.428571428571,"East Road, Hoxton",51.52867339,-0.087459376,27
56,44,1014.54545454545,"Paddington Street, Marylebone",51.52058381,-0.154701411,16
60,28,2022.85714285714,"Lisson Grove, St. John's Wood",51.52644828,-0.172190727,18
62,36,861.666666666667,"Cotton Garden Estate, Kennington",51.4907579,-0.106323685,24
63,36,1686.66666666667,"Murray Grove , Hoxton",51.53089041,-0.089782579,27
80,44,930,"Webber Street , Southwark",51.50069361,-0.102091246,45
81,30,998,"Great Titchfield Street, Fitzrovia",51.52025302,-0.141327271,19
97,54,1492.22222222222,"Gloucester Road (North), Kensington",51.49792478,-0.183834706,18
99,170,2634.70588235294,"Old Quebec Street, Marylebone",51.51457763,-0.158264483,16
103,44,1397.72727272727,"Vicarage Gate, Kensington",51.50472376,-0.192538767,18
105,85,1745.64705882353,"Westbourne Grove, Bayswater",51.51552971,-0.190240716,26
110,46,3540,"Wellington Road, St. John's Wood",51.53304322,-0.172528678,17
113,58,1782.41379310345,"Gloucester Road (Central), South Kensington",51.49646288,-0.183289032,19
121,24,1245,"Baker Street, Marylebone",51.51891348,-0.156166631,22
124,21,1665.71428571429,"Eaton Square, Belgravia",51.49654462,-0.150905245,20
128,64,925.3125,"Emperor's Gate, South Kensington",51.49536226,-0.185296516,22
133,183,1174.75409836066,"Derry Street, Kensington",51.50136494,-0.191462381,18
142,39,976.923076923077,"West Cromwell Road, Earl's Court",51.49372451,-0.198286569,24
143,44,1465.90909090909,"Pont Street, Knightsbridge",51.4968865,-0.161203828,24
144,97,799.175257731959,"Kennington Cross, Kennington",51.48894022,-0.111435796,47
148,48,1228.75,"Tachbrook Street, Victoria",51.49211134,-0.138364847,16
150,98,1449.18367346939,"Holy Trinity Brompton, Knightsbridge",51.49705603,-0.168917077,28
155,46,2053.04347826087,"Lexham Gardens, Kensington",51.49586666,-0.191933711,19
157,83,1917.8313253012,"Wright's Lane, Kensington",51.50039792,-0.193068385,35
158,61,1043.60655737705,"Trebovir Road, Earl's Court",51.49085368,-0.196170309,18
163,100,2134.2,"Sloane Avenue, Knightsbridge",51.4931848,-0.167894973,27
164,33,1312.72727272727,"Cleveland Gardens, Bayswater",51.515607,-0.183118788,16
165,16,1173.75,"Orsett Terrace, Bayswater",51.517932,-0.183716959,15
167,85,1319.29411764706,"Eccleston Place, Victoria",51.49395092,-0.147624377,19
168,46,1093.04347826087,"Argyll Road, Kensington",51.50040123,-0.195455928,19
169,106,1837.35849056604,"Porchester Place, Paddington",51.51474612,-0.165164288,18
171,37,1441.62162162162,"Collingham Gardens, Earl's Court",51.4916156,-0.186753859,14
172,33,1823.63636363636,"Sumner Place, South Kensington",51.49121192,-0.173715911,19
176,90,2105.33333333333,"Gloucester Terrace, Bayswater",51.51791921,-0.188098863,23
181,16,1260,"Belgrave Square, Belgravia",51.49941247,-0.152317537,21
182,36,1265,"Bell Street , Marylebone",51.52202903,-0.165842551,18
183,88,2012.72727272727,"Riverlight North, Nine Elms",51.482362,-0.13612398,24
184,37,1165.94594594595,"Portland Place, Marylebone",51.52071513,-0.14521173,34
187,59,1881.35593220339,"Queen's Gate (South), South Kensington",51.49247977,-0.178433004,25
188,33,2696.36363636364,"Nutford Place, Marylebone",51.5165179,-0.164393768,15
190,76,975,"Rampayne Street, Pimlico",51.48997562,-0.132845681,21
200,14,1195.71428571429,"LMU Commercial Road, Whitechapel",51.51492456,-0.066078037,14
201,71,1460.28169014085,"Dorset Square, Marylebone",51.5225965,-0.161113413,16
202,138,1113.47826086957,"Leman Street, Aldgate",51.51236389,-0.06954201,37
204,43,955.813953488372,"Margery Street, Clerkenwell",51.52659961,-0.112432615,19
208,25,6062.4,"Mallory Street, Marylebone",51.52505151,-0.166304359,20
209,35,972,"Denyer Street, Knightsbridge",51.49358391,-0.165101392,30
211,32,1207.5,"Cadogan Place, Knightsbridge",51.49464523,-0.158105512,34
216,61,922.622950819672,"Old Brompton Road, South Kensington",51.49094565,-0.181190899,30
219,77,1250.64935064935,"Bramham Gardens, Earl's Court",51.49016361,-0.19039362,29
220,39,3249.23076923077,"Chelsea Green, Chelsea",51.49066456,-0.166485083,27
221,48,978.75,"Horseferry Road, Westminster",51.49481649,-0.13045856,16
225,28,906.428571428571,"Notting Hill Gate Station, Notting Hill",51.50935342,-0.196422,30
227,42,1522.85714285714,"Great Percy Street, Clerkenwell",51.52891573,-0.115480888,23
237,38,1095.78947368421,"Dock Street, Wapping",51.5097860151,-0.0681619805156,30
242,40,954,"Beaumont Street, Marylebone",51.52200801,-0.151359288,23
255,67,1431.94029850746,"Clifton Road, Maida Vale",51.52557531,-0.179592915,22
259,59,1405.42372881356,"Bourne Street, Belgravia",51.490959,-0.1532331,16
261,84,3572.14285714286,"Princes Square, Bayswater",51.5134891,-0.191351186,15
265,51,2320,"Southwick Street, Paddington",51.51595344,-0.169249375,17
267,37,822.162162162162,"Regency Street, Westminster",51.49206037,-0.132224622,22
274,75,2262.4,"Warwick Road, Olympia",51.49671237,-0.20528437,36
277,66,1377.27272727273,"Kensington Church Street, Kensington",51.50315739,-0.191496313,17
279,43,1624.18604651163,"North Wharf Road, Paddington",51.51862243,-0.176645823,25
286,35,2151.42857142857,"St. John's Wood Road, St. John's Wood",51.5272947,-0.174653609,35
288,119,1872.10084033613,"Elizabeth Bridge, Victoria",51.49236962,-0.147478734,34
289,10,1458,"South Audley Street, Mayfair",51.50923022,-0.151296092,15
293,23,772.173913043478,"Kensington Olympia Station, Olympia",51.49815779,-0.209494128,25
296,37,1654.05405405405,"Knaresborough Place, Earl's Court",51.49363156,-0.190603326,18
298,109,1963.48623853211,"Curlew Street, Shad Thames",51.50227992,-0.074189225,21
299,17,1157.64705882353,"Vincent Square, Westminster",51.49398524,-0.136928582,19
312,42,1682.85714285714,"Grove End Road, St. John's Wood",51.53088935,-0.176770502,20
319,61,880.327868852459,"Baldwin Street, St. Luke's",51.52702563,-0.088542771,21
320,69,1715.65217391304,"Queen Mother Sports Centre, Victoria",51.49357351,-0.139956043,26
321,116,1623.62068965517,"Bermondsey Street, Bermondsey",51.49785559,-0.081608045,24
327,12,805,"New North Road 1, Hoxton",51.53095,-0.085603,22
328,24,1002.5,"New North Road 2, Hoxton",51.53114,-0.086016,22
330,52,1365,"Eastbourne Mews, Paddington",51.51641749,-0.179135079,34
332,50,2233.2,"Nevern Place, Earl's Court",51.49334336,-0.194757949,20
333,179,1474.5251396648,"Palace Gardens Terrace, Notting Hill",51.50860544,-0.193764092,37
337,27,1804.44444444444,"Pembridge Villas, Notting Hill",51.51108452,-0.197524944,16
363,14,1260,"Lord's, St. John's Wood",51.5291212008901,-0.171185284853,24
367,59,1489.83050847458,"Harrowby Street, Marylebone",51.5173721,-0.1642075,16
368,132,2774.09090909091,"Harriet Street, Knightsbridge",51.50024195,-0.15934065,25
375,24,1522.5,"Kensington Town Hall, Kensington",51.50194596,-0.194392952,18
379,29,949.655172413793,"Turquoise Island, Notting Hill",51.51431171,-0.200838199,21
384,26,800.769230769231,"Marloes Road, Kensington",51.496481,-0.192404,15
394,28,1890,"Aberdeen Place, St. John's Wood",51.524826,-0.176268,18
395,92,1108.69565217391,"Cadogan Gardens, Chelsea",51.492462,-0.159919,15
396,43,1797.20930232558,"Shouldham Street, Marylebone",51.51809,-0.163609,16
397,88,2542.5,"Devonshire Terrace, Bayswater",51.51348,-0.17977,16
400,72,2999.16666666667,"George Street, Marylebone",51.517703,-0.154106,26
402,19,969.473684210526,"Penfold Street, Marylebone",51.52289229,-0.171681991,15
403,42,1478.57142857143,"George Place Mews, Marylebone",51.51689296,-0.158249929,16
405,135,1012.44444444444,"Gloucester Road Station, South Kensington",51.49418566,-0.18267094,15
410,48,2272.5,"Edgware Road Station, Marylebone",51.519968,-0.169774,64
412,18,1806.66666666667,"Cleaver Street, Kennington",51.488105,-0.110121,17
423,30,1416,"Eaton Square (South), Belgravia",51.49456127,-0.15393398,31
424,64,1104.375,"Ebury Bridge, Pimlico",51.490491,-0.149186,29
430,37,1016.75675675676,"South Parade, Chelsea",51.48902,-0.17524,18
450,41,895.609756097561,"Jubilee Street, Stepney",51.515975,-0.053177,28
452,88,2072.72727272727,"St. Katharine's Way, Tower",51.505697,-0.070542,24
462,67,1643.28358208955,"Bonny Street, Camden Town",51.541603,-0.138853,45
466,46,743.478260869565,"Whiston Road, Haggerston",51.534464,-0.076341,21
467,31,2003.22580645161,"Southern Grove, Bow",51.523538,-0.030556,17
468,17,1069.41176470588,"Cantrell Road, Bow",51.521564,-0.022694,24
470,42,1328.57142857143,"Mostyn Grove, Bow",51.530535,-0.025492,46
471,52,1300.38461538462,"Hewison Street, Old Ford",51.533283,-0.028155,19
473,17,1432.94117647059,"Millharbour, Millwall",51.496137,-0.019355,19
475,36,3281.66666666667,"Lightermans Road, Millwall",51.499041,-0.020157,31
477,34,1360.58823529412,"Spindrift Avenue, Millwall",51.49109,-0.018716,36
480,136,1723.23529411765,"Flamborough Street, Limehouse",51.5128711,-0.0389866,25
484,31,1422.58064516129,"Bromley High Street, Bow",51.528828,-0.013258,24
487,16,1068.75,"Canton Street, Poplar",51.511811,-0.025626,23
489,58,1190.68965517241,"Christian Street, Whitechapel",51.513074,-0.064094,34
496,68,1731.17647058824,"Devons Road, Bow",51.52512,-0.015578,39
500,82,827.560975609756,"Ansell House, Stepney",51.520019,-0.05438,41
501,46,674.347826086957,"Cephas Street, Bethnal Green",51.522561,-0.054883,24
511,63,1440.95238095238,"Sutton Street, Shadwell",51.511066,-0.053558,33
512,84,983.571428571429,"Pritchard's Road, Bethnal Green",51.532091,-0.06142,30
513,42,935.714285714286,"Watney Market, Stepney",51.5142228,-0.055656,51
514,73,1596.16438356164,"Portman Square, Marylebone",51.516204,-0.155525,17
515,36,2098.33333333333,"Russell Gardens, Olympia",51.500088,-0.211316,24
517,50,1636.8,"Ford Road, Old Ford",51.532513,-0.033085,18
519,22,1595.45454545455,"Teviot Street, Poplar",51.518811,-0.011662,33
526,37,1462.7027027027,"Lancaster Drive, Blackwall",51.503143,-0.008428,27
529,47,1340.42553191489,"Manresa Road, Chelsea",51.486892,-0.170983,18
537,60,2293,"Old Montague Street, Whitechapel",51.51793,-0.067937,18
547,79,5887.59493670886,"East India DLR, Blackwall",51.509474,-0.002275,51
553,238,2053.86554621849,"Regent's Row , Haggerston",51.535678,-0.062546,24
563,30,2244,"Preston's Road, Cubitt Town",51.499286,-0.009152,26
568,107,1591.40186915888,"Bishop's Bridge Road West, Bayswater",51.51616,-0.18697,18
573,123,895.121951219512,"Limerston Street, West Chelsea",51.485587,-0.18119,18
576,23,2809.5652173913,"Alpha Grove, Millwall",51.497304,-0.022793,22
581,36,823.333333333333,"New Cavendish Street, Marylebone",51.519167,-0.147983,18
584,124,1850.8064516129,"Ilchester Gardens, Bayswater",51.51244,-0.19096,21
589,84,805.714285714286,"Drayton Gardens, West Chelsea",51.487196,-0.179369,18
590,16,2467.5,"Greenberry Street, St.John's Wood",51.53256,-0.16862,26
592,44,1234.09090909091,"Bishop's Bridge Road East, Bayswater",51.5171,-0.18377,20
593,29,1477.24137931034,"Northdown Street, King's Cross",51.531066,-0.11934,21
599,23,1202.60869565217,"Manbre Road, Hammersmith",51.485743,-0.223616,28
603,21,1717.14285714286,"Caldwell Street, Stockwell",51.477839,-0.116493,44
605,38,1106.84210526316,"Seymour Place, Marylebone",51.520331,-0.163667,29
609,23,2337.39130434783,"Sugden Road, Clapham",51.46512358,-0.157788279,19
610,54,1083.33333333333,"Danvers Street, West Chelsea",51.48256792,-0.172078187,21
611,71,2685.6338028169,"Princedale Road , Holland Park",51.50646524,-0.208486599,20
620,41,1003.90243902439,"Surrey Lane, Battersea",51.47518024,-0.167160736,28
622,137,1744.81751824818,"Lansdowne Road, Ladbroke Grove",51.50748124,-0.205535908,29
629,10,6558,"Morie Street, Wandsworth",51.45995384,-0.190184054,28
631,47,1175.74468085106,"Battersea Park Road, Nine Elms",51.4795017,-0.141770709,27
633,57,1156.84210526316,"Vereker Road, West Kensington",51.48959104,-0.209378594,32
640,27,1966.66666666667,"Silverthorne Road, Battersea",51.47286577,-0.148059277,28
644,92,1798.69565217391,"Rainville Road, Hammersmith",51.48373225,-0.223852256,36
647,50,1084.8,"Richmond Way, Shepherd's Bush",51.50035306,-0.217515071,27
649,53,1027.92452830189,"World's End Place, West Chelsea",51.48180515,-0.18027465,22
650,13,1024.61538461538,"St. Mark's Road, North Kensington",51.51687069,-0.213872396,21
651,30,916,"Thorndike Close, West Chelsea",51.48089844,-0.183853573,25
652,27,1688.88888888889,"Evesham Street, Avondale",51.51148696,-0.218190203,29
661,32,1398.75,"All Saints Church, Portobello",51.51632095,-0.202608612,37
662,51,1163.52941176471,"Phene Street, Chelsea",51.48498496,-0.167919869,24
663,115,2516.34782608696,"Clarendon Road, Avondale",51.51323001,-0.211593602,24
665,62,1868.70967741935,"Smugglers Way, Wandsworth",51.46108367,-0.191722864,28
667,55,1790.18181818182,"Shepherd's Bush Road North, Shepherd's Bush",51.5015946,-0.222293381,34
669,29,1036.55172413793,"Teversham Lane, Stockwell",51.47614939,-0.1232585,39
673,58,2248.96551724138,"Hibbert Street, Battersea",51.46517078,-0.18038939,36
678,11,2907.27272727273,"Esmond Street, Putney",51.46231278,-0.211468596,30
698,85,1487.29411764706,"Shoreditch Court, Haggerston",51.53908372,-0.070329419,35
699,69,1494.78260869565,"Belford House, Haggerston",51.5366541,-0.07023031,39
700,57,922.105263157895,"Battersea Church Road, Battersea",51.47696496,-0.174347066,25
704,23,2407.82608695652,"Mexfield Road, East Putney",51.45682071,-0.202802098,18
705,22,3417.27272727273,"Upper Richmond Road, Putney",51.45971528,-0.212145939,25
715,37,2870.27027027027,"Aylward Street, Stepney",51.51563007,-0.049067243,22
717,153,1483.13725490196,"Dunston Road , Haggerston",51.53658514,-0.075885686,43
724,23,2715.65217391304,"Alma Road, Wandsworth",51.45799126,-0.184806157,28
725,54,1136.66666666667,"Walworth Square, Walworth",51.491327,-0.096518684,24
727,64,1722.1875,"Chesilton Road, Fulham",51.47569809,-0.20587627,23
735,48,2468.75,"Grant Road East, Clapham Junction",51.46489445,-0.17302926,28
741,29,1067.58620689655,"Freston Road, Avondale",51.5129814,-0.219486603,23
742,17,2311.76470588235,"Blenheim Crescent, Ladbroke Grove",51.51510818,-0.208565479,22
743,34,2482.94117647059,"Oxford Road, Putney",51.46079243,-0.212607684,29
746,38,1357.89473684211,"Lots Road, West Chelsea",51.4795738,-0.17903854,24
748,41,883.90243902439,"Hertford Road, De Beauvoir Town",51.53727795,-0.079201849,25
754,29,1226.89655172414,"Grenfell Road, Avondale",51.5129006,-0.214762686,24
755,74,821.351351351351,"The Vale, Chelsea",51.48512191,-0.174971902,24
757,57,1618.94736842105,"Harcourt Terrace, West Brompton",51.48795853,-0.187404506,24
758,7,1388.57142857143,"Westbourne Park Road, Portobello",51.51787005,-0.201005397,23
759,8,10177.5,"Broadley Terrace, Marylebone",51.52456169,-0.165668686,18
767,9,1813.33333333333,"Santos Road, Wandsworth",51.45705988,-0.200806304,30
770,52,3061.15384615385,"Gwendwr Road, West Kensington",51.491026,-0.209121,30
780,85,1336.23529411765,"Imperial Wharf Station, Sands End",51.474665,-0.18316517,25
793,25,808.8,"Cromer Street, Bloomsbury",51.528279,-0.11955857,28
798,72,1577.5,"Birkenhead Street, King's Cross",51.5301998755,-0.122299440803,27
801,52,1172.30769230769,"Lavington Street, Bankside",51.5052241745,-0.0980318118664,29
802,81,2496.2962962963,"Albert Square, Stockwell",51.4765900593,-0.118256789081,32
805,15,8748,"The Metropolitan, Portobello",51.520509,-0.20080483,18
808,28,2374.28571428571,"Gauden Road, Clapham",51.464995,-0.13090885,28
817,55,1203.27272727273,"Riverlight South, Nine Elms",51.4813354746,-0.138212295869,26
830,49,1551.42857142857,"Sidney Road, Stockwell",51.469202,-0.11902256,27
836,37,1707.56756756757,"York Way, Kings Cross",51.541596,-0.12544145,24
