"id","trip","duration","name","lat","long","nbDocks"
1,23,2068.69565217391,"River Street , Clerkenwell",51.52916347,-0.109970527,19
2,96,998.75,"Phillimore Gardens, Kensington",51.49960695,-0.197574246,37
4,26,1209.23076923077,"St. Chad's Street, King's Cross",51.53005939,-0.120973687,23
5,121,1334.38016528926,"Sedding Street, Sloane Square",51.49313,-0.156876,27
7,38,2109.47368421053,"Charlbert Street, St. John's Wood",51.53430039,-0.1680743,16
8,48,4751.25,"Maida Vale, Maida Vale",51.529857,-0.18348604,39
26,29,875.172413793103,"Ampton Street , Clerkenwell",51.52728093,-0.11829517,21
29,52,1303.84615384615,"Hereford Road, Bayswater",51.513735,-0.193487,22
30,45,796,"Windsor Terrace, Hoxton",51.52915444,-0.093421615,24
33,78,1091.53846153846,"Central House, Aldgate",51.515231,-0.07015,18
37,88,1103.86363636364,"Penywern Road, Earl's Court",51.49159394,-0.192369256,17
38,36,1260,"Abingdon Villas, Kensington",51.4973875,-0.197245586,17
42,44,1142.72727272727,"Wenlock Road , Hoxton",51.53099181,-0.093903825,28
43,42,981.428571428571,"Crawford Street, Marylebone",51.52026,-0.157183945,18
45,22,1148.18181818182,"Boston Place, Marylebone",51.522511,-0.162298,26
46,106,812.264150943396,"Nesham Street, Wapping",51.507131,-0.06691,16
47,91,2102.63736263736,"Warwick Avenue Station, Maida Vale",51.52334476,-0.183846408,19
50,60,2152,"East Road, Hoxton",51.52867339,-0.087459376,27
56,48,960,"Paddington Street, Marylebone",51.52058381,-0.154701411,16
60,23,1027.82608695652,"Lisson Grove, St. John's Wood",51.52644828,-0.172190727,18
62,18,996.666666666667,"Cotton Garden Estate, Kennington",51.4907579,-0.106323685,24
63,23,772.173913043478,"Murray Grove , Hoxton",51.53089041,-0.089782579,27
80,43,835.813953488372,"Webber Street , Southwark",51.50069361,-0.102091246,45
97,66,1018.18181818182,"Gloucester Road (North), Kensington",51.49792478,-0.183834706,18
99,157,2612.86624203822,"Old Quebec Street, Marylebone",51.51457763,-0.158264483,16
103,25,1531.2,"Vicarage Gate, Kensington",51.50472376,-0.192538767,18
105,83,1435.66265060241,"Westbourne Grove, Bayswater",51.51552971,-0.190240716,26
110,18,1563.33333333333,"Wellington Road, St. John's Wood",51.53304322,-0.172528678,17
113,28,825,"Gloucester Road (Central), South Kensington",51.49646288,-0.183289032,19
121,28,857.142857142857,"Baker Street, Marylebone",51.51891348,-0.156166631,22
124,26,1901.53846153846,"Eaton Square, Belgravia",51.49654462,-0.150905245,20
128,50,1171.2,"Emperor's Gate, South Kensington",51.49536226,-0.185296516,22
133,112,1066.60714285714,"Derry Street, Kensington",51.50136494,-0.191462381,18
142,35,817.714285714286,"West Cromwell Road, Earl's Court",51.49372451,-0.198286569,24
143,41,3876.58536585366,"Pont Street, Knightsbridge",51.4968865,-0.161203828,24
144,83,1269.39759036145,"Kennington Cross, Kennington",51.48894022,-0.111435796,47
148,61,914.754098360656,"Tachbrook Street, Victoria",51.49211134,-0.138364847,16
150,80,1312.5,"Holy Trinity Brompton, Knightsbridge",51.49705603,-0.168917077,28
155,54,815.555555555556,"Lexham Gardens, Kensington",51.49586666,-0.191933711,19
157,125,885.6,"Wright's Lane, Kensington",51.50039792,-0.193068385,35
158,76,1038.94736842105,"Trebovir Road, Earl's Court",51.49085368,-0.196170309,18
163,81,1785.18518518519,"Sloane Avenue, Knightsbridge",51.4931848,-0.167894973,27
164,32,1083.75,"Cleveland Gardens, Bayswater",51.515607,-0.183118788,16
165,13,881.538461538462,"Orsett Terrace, Bayswater",51.517932,-0.183716959,15
167,59,1103.38983050847,"Eccleston Place, Victoria",51.49395092,-0.147624377,19
168,41,898.536585365854,"Argyll Road, Kensington",51.50040123,-0.195455928,19
169,63,1318.09523809524,"Porchester Place, Paddington",51.51474612,-0.165164288,18
171,49,3347.75510204082,"Collingham Gardens, Earl's Court",51.4916156,-0.186753859,14
172,35,814.285714285714,"Sumner Place, South Kensington",51.49121192,-0.173715911,19
176,40,1204.5,"Gloucester Terrace, Bayswater",51.51791921,-0.188098863,23
181,26,4977.69230769231,"Belgrave Square, Belgravia",51.49941247,-0.152317537,21
182,34,952.941176470588,"Bell Street , Marylebone",51.52202903,-0.165842551,18
183,82,906.585365853659,"Riverlight North, Nine Elms",51.482362,-0.13612398,24
184,29,1388.27586206897,"Portland Place, Marylebone",51.52071513,-0.14521173,34
187,58,1154.48275862069,"Queen's Gate (South), South Kensington",51.49247977,-0.178433004,25
188,46,3537.39130434783,"Nutford Place, Marylebone",51.5165179,-0.164393768,15
190,54,1096.66666666667,"Rampayne Street, Pimlico",51.48997562,-0.132845681,21
200,59,1221.35593220339,"LMU Commercial Road, Whitechapel",51.51492456,-0.066078037,14
201,32,958.125,"Dorset Square, Marylebone",51.5225965,-0.161113413,16
202,81,1031.11111111111,"Leman Street, Aldgate",51.51236389,-0.06954201,37
204,27,955.555555555556,"Margery Street, Clerkenwell",51.52659961,-0.112432615,19
208,10,1632,"Mallory Street, Marylebone",51.52505151,-0.166304359,20
209,21,940,"Denyer Street, Knightsbridge",51.49358391,-0.165101392,30
210,83,1359.03614457831,"Hinde Street, Marylebone",51.51681444,-0.151926305,21
211,47,1470.63829787234,"Cadogan Place, Knightsbridge",51.49464523,-0.158105512,34
216,66,920,"Old Brompton Road, South Kensington",51.49094565,-0.181190899,30
219,69,3258.26086956522,"Bramham Gardens, Earl's Court",51.49016361,-0.19039362,29
220,48,970,"Chelsea Green, Chelsea",51.49066456,-0.166485083,27
221,49,1086.12244897959,"Horseferry Road, Westminster",51.49481649,-0.13045856,16
225,127,1140.94488188976,"Notting Hill Gate Station, Notting Hill",51.50935342,-0.196422,30
227,34,2535.88235294118,"Great Percy Street, Clerkenwell",51.52891573,-0.115480888,23
237,61,1264.91803278689,"Dock Street, Wapping",51.5097860151,-0.0681619805156,30
242,57,1396.84210526316,"Beaumont Street, Marylebone",51.52200801,-0.151359288,23
255,55,1046.18181818182,"Clifton Road, Maida Vale",51.52557531,-0.179592915,22
259,34,898.235294117647,"Bourne Street, Belgravia",51.490959,-0.1532331,16
261,35,2182.28571428571,"Princes Square, Bayswater",51.5134891,-0.191351186,15
265,21,2674.28571428571,"Southwick Street, Paddington",51.51595344,-0.169249375,17
267,36,1413.33333333333,"Regency Street, Westminster",51.49206037,-0.132224622,22
274,42,1915.71428571429,"Warwick Road, Olympia",51.49671237,-0.20528437,36
277,69,1585.21739130435,"Kensington Church Street, Kensington",51.50315739,-0.191496313,17
279,22,5312.72727272727,"North Wharf Road, Paddington",51.51862243,-0.176645823,25
286,13,969.230769230769,"St. John's Wood Road, St. John's Wood",51.5272947,-0.174653609,35
288,78,1770.76923076923,"Elizabeth Bridge, Victoria",51.49236962,-0.147478734,34
289,24,1047.5,"South Audley Street, Mayfair",51.50923022,-0.151296092,15
290,64,1733.4375,"St Mary's Hospital, Paddington",51.518268,-0.17110323,20
291,53,1618.8679245283,"Claverton Street, Pimlico",51.48483991,-0.138089062,32
293,23,837.391304347826,"Kensington Olympia Station, Olympia",51.49815779,-0.209494128,25
296,41,2675.12195121951,"Knaresborough Place, Earl's Court",51.49363156,-0.190603326,18
298,103,2087.76699029126,"Curlew Street, Shad Thames",51.50227992,-0.074189225,21
299,18,1176.66666666667,"Vincent Square, Westminster",51.49398524,-0.136928582,19
312,46,1428.26086956522,"Grove End Road, St. John's Wood",51.53088935,-0.176770502,20
320,69,1240.86956521739,"Queen Mother Sports Centre, Victoria",51.49357351,-0.139956043,26
321,73,1011.78082191781,"Bermondsey Street, Bermondsey",51.49785559,-0.081608045,24
327,15,764,"New North Road 1, Hoxton",51.53095,-0.085603,22
328,14,998.571428571429,"New North Road 2, Hoxton",51.53114,-0.086016,22
330,33,1754.54545454545,"Eastbourne Mews, Paddington",51.51641749,-0.179135079,34
332,39,1601.53846153846,"Nevern Place, Earl's Court",51.49334336,-0.194757949,20
333,73,2111.50684931507,"Palace Gardens Terrace, Notting Hill",51.50860544,-0.193764092,37
337,63,1570.47619047619,"Pembridge Villas, Notting Hill",51.51108452,-0.197524944,16
363,12,1320,"Lord's, St. John's Wood",51.5291212008901,-0.171185284853,24
367,46,1421.73913043478,"Harrowby Street, Marylebone",51.5173721,-0.1642075,16
368,86,1495.81395348837,"Harriet Street, Knightsbridge",51.50024195,-0.15934065,25
375,18,1070,"Kensington Town Hall, Kensington",51.50194596,-0.194392952,18
379,93,2204.51612903226,"Turquoise Island, Notting Hill",51.51431171,-0.200838199,21
384,12,785,"Marloes Road, Kensington",51.496481,-0.192404,15
394,19,3142.10526315789,"Aberdeen Place, St. John's Wood",51.524826,-0.176268,18
395,83,1270.12048192771,"Cadogan Gardens, Chelsea",51.492462,-0.159919,15
396,33,1058.18181818182,"Shouldham Street, Marylebone",51.51809,-0.163609,16
397,80,1428.75,"Devonshire Terrace, Bayswater",51.51348,-0.17977,16
400,47,1113.1914893617,"George Street, Marylebone",51.517703,-0.154106,26
402,25,796.8,"Penfold Street, Marylebone",51.52289229,-0.171681991,15
403,61,1584.59016393443,"George Place Mews, Marylebone",51.51689296,-0.158249929,16
405,121,1178.18181818182,"Gloucester Road Station, South Kensington",51.49418566,-0.18267094,15
410,38,1779.47368421053,"Edgware Road Station, Marylebone",51.519968,-0.169774,64
412,27,826.666666666667,"Cleaver Street, Kennington",51.488105,-0.110121,17
423,30,1174,"Eaton Square (South), Belgravia",51.49456127,-0.15393398,31
424,52,898.846153846154,"Ebury Bridge, Pimlico",51.490491,-0.149186,29
430,27,742.222222222222,"South Parade, Chelsea",51.48902,-0.17524,18
450,26,604.615384615385,"Jubilee Street, Stepney",51.515975,-0.053177,28
452,82,2332.68292682927,"St. Katharine's Way, Tower",51.505697,-0.070542,24
462,65,2891.07692307692,"Bonny Street, Camden Town",51.541603,-0.138853,45
466,34,753.529411764706,"Whiston Road, Haggerston",51.534464,-0.076341,21
467,16,1095,"Southern Grove, Bow",51.523538,-0.030556,17
468,12,2000,"Cantrell Road, Bow",51.521564,-0.022694,24
470,32,1057.5,"Mostyn Grove, Bow",51.530535,-0.025492,46
471,32,780,"Hewison Street, Old Ford",51.533283,-0.028155,19
473,11,2770.90909090909,"Millharbour, Millwall",51.496137,-0.019355,19
475,25,3028.8,"Lightermans Road, Millwall",51.499041,-0.020157,31
477,23,967.826086956522,"Spindrift Avenue, Millwall",51.49109,-0.018716,36
480,122,1418.85245901639,"Flamborough Street, Limehouse",51.5128711,-0.0389866,25
484,33,2640,"Bromley High Street, Bow",51.528828,-0.013258,24
487,33,1772.72727272727,"Canton Street, Poplar",51.511811,-0.025626,23
489,54,853.333333333333,"Christian Street, Whitechapel",51.513074,-0.064094,34
496,37,1605.40540540541,"Devons Road, Bow",51.52512,-0.015578,39
500,58,670.344827586207,"Ansell House, Stepney",51.520019,-0.05438,41
501,39,624.615384615385,"Cephas Street, Bethnal Green",51.522561,-0.054883,24
511,75,1183.2,"Sutton Street, Shadwell",51.511066,-0.053558,33
512,96,4665.625,"Pritchard's Road, Bethnal Green",51.532091,-0.06142,30
513,50,855.6,"Watney Market, Stepney",51.5142228,-0.055656,51
514,40,2469,"Portman Square, Marylebone",51.516204,-0.155525,17
515,17,949.411764705882,"Russell Gardens, Olympia",51.500088,-0.211316,24
517,40,766.5,"Ford Road, Old Ford",51.532513,-0.033085,18
519,12,1595,"Teviot Street, Poplar",51.518811,-0.011662,33
526,37,895.135135135135,"Lancaster Drive, Blackwall",51.503143,-0.008428,27
529,57,995.789473684211,"Manresa Road, Chelsea",51.486892,-0.170983,18
537,59,680.338983050847,"Old Montague Street, Whitechapel",51.51793,-0.067937,18
547,33,2520,"East India DLR, Blackwall",51.509474,-0.002275,51
553,349,1978.62464183381,"Regent's Row , Haggerston",51.535678,-0.062546,24
563,16,817.5,"Preston's Road, Cubitt Town",51.499286,-0.009152,26
568,83,1660.48192771084,"Bishop's Bridge Road West, Bayswater",51.51616,-0.18697,18
573,101,841.782178217822,"Limerston Street, West Chelsea",51.485587,-0.18119,18
576,13,1440,"Alpha Grove, Millwall",51.497304,-0.022793,22
581,40,859.5,"New Cavendish Street, Marylebone",51.519167,-0.147983,18
584,88,2381.59090909091,"Ilchester Gardens, Bayswater",51.51244,-0.19096,21
589,89,1636.85393258427,"Drayton Gardens, West Chelsea",51.487196,-0.179369,18
590,20,2808,"Greenberry Street, St.John's Wood",51.53256,-0.16862,26
592,20,867,"Bishop's Bridge Road East, Bayswater",51.5171,-0.18377,20
593,23,803.478260869565,"Northdown Street, King's Cross",51.531066,-0.11934,21
599,18,2296.66666666667,"Manbre Road, Hammersmith",51.485743,-0.223616,28
603,43,877.674418604651,"Caldwell Street, Stockwell",51.477839,-0.116493,44
605,25,1761.6,"Seymour Place, Marylebone",51.520331,-0.163667,29
609,35,1534.28571428571,"Sugden Road, Clapham",51.46512358,-0.157788279,19
610,56,851.785714285714,"Danvers Street, West Chelsea",51.48256792,-0.172078187,21
611,29,937.241379310345,"Princedale Road , Holland Park",51.50646524,-0.208486599,20
620,26,1539.23076923077,"Surrey Lane, Battersea",51.47518024,-0.167160736,28
622,79,1509.87341772152,"Lansdowne Road, Ladbroke Grove",51.50748124,-0.205535908,29
629,14,1825.71428571429,"Morie Street, Wandsworth",51.45995384,-0.190184054,28
631,47,1683.82978723404,"Battersea Park Road, Nine Elms",51.4795017,-0.141770709,27
633,66,1185.45454545455,"Vereker Road, West Kensington",51.48959104,-0.209378594,32
640,34,1290,"Silverthorne Road, Battersea",51.47286577,-0.148059277,28
643,21,5460,"All Saints' Road, Portobello",51.5190427,-0.204764421,22
644,73,1517.2602739726,"Rainville Road, Hammersmith",51.48373225,-0.223852256,36
647,48,805,"Richmond Way, Shepherd's Bush",51.50035306,-0.217515071,27
649,53,855.849056603774,"World's End Place, West Chelsea",51.48180515,-0.18027465,22
650,42,821.428571428571,"St. Mark's Road, North Kensington",51.51687069,-0.213872396,21
651,45,1366.66666666667,"Thorndike Close, West Chelsea",51.48089844,-0.183853573,25
652,18,1680,"Evesham Street, Avondale",51.51148696,-0.218190203,29
657,38,1509.47368421053,"Blythe Road West, Shepherd's Bush",51.4996806,-0.221791552,21
661,125,1456.32,"All Saints Church, Portobello",51.51632095,-0.202608612,37
662,66,1229.09090909091,"Phene Street, Chelsea",51.48498496,-0.167919869,24
663,15,608,"Clarendon Road, Avondale",51.51323001,-0.211593602,24
665,53,1076.60377358491,"Smugglers Way, Wandsworth",51.46108367,-0.191722864,28
667,37,1122.16216216216,"Shepherd's Bush Road North, Shepherd's Bush",51.5015946,-0.222293381,34
669,29,1402.75862068966,"Teversham Lane, Stockwell",51.47614939,-0.1232585,39
673,32,924.375,"Hibbert Street, Battersea",51.46517078,-0.18038939,36
678,17,2205.88235294118,"Esmond Street, Putney",51.46231278,-0.211468596,30
698,34,2387.64705882353,"Shoreditch Court, Haggerston",51.53908372,-0.070329419,35
699,31,1074.1935483871,"Belford House, Haggerston",51.5366541,-0.07023031,39
700,53,1356.22641509434,"Battersea Church Road, Battersea",51.47696496,-0.174347066,25
704,29,1408.96551724138,"Mexfield Road, East Putney",51.45682071,-0.202802098,18
715,35,687.428571428571,"Aylward Street, Stepney",51.51563007,-0.049067243,22
717,134,1743.58208955224,"Dunston Road , Haggerston",51.53658514,-0.075885686,43
724,22,3256.36363636364,"Alma Road, Wandsworth",51.45799126,-0.184806157,28
727,90,1064,"Chesilton Road, Fulham",51.47569809,-0.20587627,23
735,39,1246.15384615385,"Grant Road East, Clapham Junction",51.46489445,-0.17302926,28
741,10,1068,"Freston Road, Avondale",51.5129814,-0.219486603,23
742,72,1055,"Blenheim Crescent, Ladbroke Grove",51.51510818,-0.208565479,22
743,40,2803.5,"Oxford Road, Putney",51.46079243,-0.212607684,29
746,44,1036.36363636364,"Lots Road, West Chelsea",51.4795738,-0.17903854,24
748,91,1195.38461538462,"Hertford Road, De Beauvoir Town",51.53727795,-0.079201849,25
754,22,1020,"Grenfell Road, Avondale",51.5129006,-0.214762686,24
755,72,2044.16666666667,"The Vale, Chelsea",51.48512191,-0.174971902,24
757,52,790.384615384615,"Harcourt Terrace, West Brompton",51.48795853,-0.187404506,24
758,66,2422.72727272727,"Westbourne Park Road, Portobello",51.51787005,-0.201005397,23
759,7,1311.42857142857,"Broadley Terrace, Marylebone",51.52456169,-0.165668686,18
767,14,2267.14285714286,"Santos Road, Wandsworth",51.45705988,-0.200806304,30
770,37,964.864864864865,"Gwendwr Road, West Kensington",51.491026,-0.209121,30
780,81,1299.25925925926,"Imperial Wharf Station, Sands End",51.474665,-0.18316517,25
793,12,810,"Cromer Street, Bloomsbury",51.528279,-0.11955857,28
798,57,1191.57894736842,"Birkenhead Street, King's Cross",51.5301998755,-0.122299440803,27
801,45,1124,"Lavington Street, Bankside",51.5052241745,-0.0980318118664,29
802,38,1045.26315789474,"Albert Square, Stockwell",51.4765900593,-0.118256789081,32
805,9,1780,"The Metropolitan, Portobello",51.520509,-0.20080483,18
808,33,1378.18181818182,"Gauden Road, Clapham",51.464995,-0.13090885,28
817,61,1957.37704918033,"Riverlight South, Nine Elms",51.4813354746,-0.138212295869,26
830,29,1632.41379310345,"Sidney Road, Stockwell",51.469202,-0.11902256,27
836,36,1106.66666666667,"York Way, Kings Cross",51.541596,-0.12544145,24
