"id","trip","duration","name","lat","long","nbDocks"
1,11,1816.36363636364,"River Street , Clerkenwell",51.52916347,-0.109970527,19
2,35,1465.71428571429,"Phillimore Gardens, Kensington",51.49960695,-0.197574246,37
4,12,915,"St. Chad's Street, King's Cross",51.53005939,-0.120973687,23
5,20,1764,"Sedding Street, Sloane Square",51.49313,-0.156876,27
7,31,3944.51612903226,"Charlbert Street, St. John's Wood",51.53430039,-0.1680743,16
8,28,4900.71428571429,"Maida Vale, Maida Vale",51.529857,-0.18348604,39
26,15,2100,"Ampton Street , Clerkenwell",51.52728093,-0.11829517,21
29,26,1527.69230769231,"Hereford Road, Bayswater",51.513735,-0.193487,22
30,16,2055,"Windsor Terrace, Hoxton",51.52915444,-0.093421615,24
33,15,1532,"Central House, Aldgate",51.515231,-0.07015,18
37,18,1070,"Penywern Road, Earl's Court",51.49159394,-0.192369256,17
38,22,2222.72727272727,"Abingdon Villas, Kensington",51.4973875,-0.197245586,17
42,21,1180,"Wenlock Road , Hoxton",51.53099181,-0.093903825,28
43,23,1951.30434782609,"Crawford Street, Marylebone",51.52026,-0.157183945,18
45,9,1640,"Boston Place, Marylebone",51.522511,-0.162298,26
46,33,1141.81818181818,"Nesham Street, Wapping",51.507131,-0.06691,16
47,57,2196.84210526316,"Warwick Avenue Station, Maida Vale",51.52334476,-0.183846408,19
50,8,3892.5,"East Road, Hoxton",51.52867339,-0.087459376,27
56,23,2136.52173913043,"Paddington Street, Marylebone",51.52058381,-0.154701411,16
60,13,1592.30769230769,"Lisson Grove, St. John's Wood",51.52644828,-0.172190727,18
62,13,1726.15384615385,"Cotton Garden Estate, Kennington",51.4907579,-0.106323685,24
63,12,1065,"Murray Grove , Hoxton",51.53089041,-0.089782579,27
80,19,1282.10526315789,"Webber Street , Southwark",51.50069361,-0.102091246,45
81,14,1967.14285714286,"Great Titchfield Street, Fitzrovia",51.52025302,-0.141327271,19
97,34,2140.58823529412,"Gloucester Road (North), Kensington",51.49792478,-0.183834706,18
99,39,1780,"Old Quebec Street, Marylebone",51.51457763,-0.158264483,16
103,20,1188,"Vicarage Gate, Kensington",51.50472376,-0.192538767,18
105,23,1669.5652173913,"Westbourne Grove, Bayswater",51.51552971,-0.190240716,26
110,22,1780.90909090909,"Wellington Road, St. John's Wood",51.53304322,-0.172528678,17
113,30,2196,"Gloucester Road (Central), South Kensington",51.49646288,-0.183289032,19
121,8,915,"Baker Street, Marylebone",51.51891348,-0.156166631,22
124,12,2020,"Eaton Square, Belgravia",51.49654462,-0.150905245,20
128,20,855,"Emperor's Gate, South Kensington",51.49536226,-0.185296516,22
133,52,1114.61538461538,"Derry Street, Kensington",51.50136494,-0.191462381,18
142,32,1168.125,"West Cromwell Road, Earl's Court",51.49372451,-0.198286569,24
143,17,2848.23529411765,"Pont Street, Knightsbridge",51.4968865,-0.161203828,24
144,43,1720.46511627907,"Kennington Cross, Kennington",51.48894022,-0.111435796,47
148,26,1213.84615384615,"Tachbrook Street, Victoria",51.49211134,-0.138364847,16
150,27,2228.88888888889,"Holy Trinity Brompton, Knightsbridge",51.49705603,-0.168917077,28
155,12,2395,"Lexham Gardens, Kensington",51.49586666,-0.191933711,19
157,15,3380,"Wright's Lane, Kensington",51.50039792,-0.193068385,35
158,29,1568.27586206897,"Trebovir Road, Earl's Court",51.49085368,-0.196170309,18
163,41,1393.17073170732,"Sloane Avenue, Knightsbridge",51.4931848,-0.167894973,27
164,27,1022.22222222222,"Cleveland Gardens, Bayswater",51.515607,-0.183118788,16
165,11,1450.90909090909,"Orsett Terrace, Bayswater",51.517932,-0.183716959,15
167,12,1075,"Eccleston Place, Victoria",51.49395092,-0.147624377,19
168,20,2019,"Argyll Road, Kensington",51.50040123,-0.195455928,19
169,42,1568.57142857143,"Porchester Place, Paddington",51.51474612,-0.165164288,18
171,20,2097,"Collingham Gardens, Earl's Court",51.4916156,-0.186753859,14
172,17,2227.05882352941,"Sumner Place, South Kensington",51.49121192,-0.173715911,19
176,21,2685.71428571429,"Gloucester Terrace, Bayswater",51.51791921,-0.188098863,23
181,16,1260,"Belgrave Square, Belgravia",51.49941247,-0.152317537,21
182,21,1720,"Bell Street , Marylebone",51.52202903,-0.165842551,18
183,69,2210.4347826087,"Riverlight North, Nine Elms",51.482362,-0.13612398,24
184,21,1700,"Portland Place, Marylebone",51.52071513,-0.14521173,34
187,30,1444,"Queen's Gate (South), South Kensington",51.49247977,-0.178433004,25
188,6,810,"Nutford Place, Marylebone",51.5165179,-0.164393768,15
190,19,1452.63157894737,"Rampayne Street, Pimlico",51.48997562,-0.132845681,21
200,35,1316.57142857143,"LMU Commercial Road, Whitechapel",51.51492456,-0.066078037,14
201,49,1627.34693877551,"Dorset Square, Marylebone",51.5225965,-0.161113413,16
202,37,1616.75675675676,"Leman Street, Aldgate",51.51236389,-0.06954201,37
204,12,1275,"Margery Street, Clerkenwell",51.52659961,-0.112432615,19
208,4,2835,"Mallory Street, Marylebone",51.52505151,-0.166304359,20
209,4,1095,"Denyer Street, Knightsbridge",51.49358391,-0.165101392,30
210,22,1879.09090909091,"Hinde Street, Marylebone",51.51681444,-0.151926305,21
211,20,1701,"Cadogan Place, Knightsbridge",51.49464523,-0.158105512,34
216,22,2050.90909090909,"Old Brompton Road, South Kensington",51.49094565,-0.181190899,30
219,47,1939.14893617021,"Bramham Gardens, Earl's Court",51.49016361,-0.19039362,29
220,17,1355.29411764706,"Chelsea Green, Chelsea",51.49066456,-0.166485083,27
221,16,1098.75,"Horseferry Road, Westminster",51.49481649,-0.13045856,16
225,27,1788.88888888889,"Notting Hill Gate Station, Notting Hill",51.50935342,-0.196422,30
227,30,1744,"Great Percy Street, Clerkenwell",51.52891573,-0.115480888,23
237,36,5748.33333333333,"Dock Street, Wapping",51.5097860151,-0.0681619805156,30
242,27,1428.88888888889,"Beaumont Street, Marylebone",51.52200801,-0.151359288,23
255,34,1937.64705882353,"Clifton Road, Maida Vale",51.52557531,-0.179592915,22
259,36,1475,"Bourne Street, Belgravia",51.490959,-0.1532331,16
261,13,2183.07692307692,"Princes Square, Bayswater",51.5134891,-0.191351186,15
265,20,1236,"Southwick Street, Paddington",51.51595344,-0.169249375,17
267,16,1383.75,"Regency Street, Westminster",51.49206037,-0.132224622,22
274,31,1676.12903225806,"Warwick Road, Olympia",51.49671237,-0.20528437,36
277,35,2201.14285714286,"Kensington Church Street, Kensington",51.50315739,-0.191496313,17
279,16,2325,"North Wharf Road, Paddington",51.51862243,-0.176645823,25
286,14,2040,"St. John's Wood Road, St. John's Wood",51.5272947,-0.174653609,35
288,19,5608.42105263158,"Elizabeth Bridge, Victoria",51.49236962,-0.147478734,34
289,2,2850,"South Audley Street, Mayfair",51.50923022,-0.151296092,15
290,23,2326.95652173913,"St Mary's Hospital, Paddington",51.518268,-0.17110323,20
291,31,1765.16129032258,"Claverton Street, Pimlico",51.48483991,-0.138089062,32
293,9,2526.66666666667,"Kensington Olympia Station, Olympia",51.49815779,-0.209494128,25
296,18,1373.33333333333,"Knaresborough Place, Earl's Court",51.49363156,-0.190603326,18
298,73,1957.80821917808,"Curlew Street, Shad Thames",51.50227992,-0.074189225,21
299,8,1140,"Vincent Square, Westminster",51.49398524,-0.136928582,19
312,28,2406.42857142857,"Grove End Road, St. John's Wood",51.53088935,-0.176770502,20
319,11,1210.90909090909,"Baldwin Street, St. Luke's",51.52702563,-0.088542771,21
320,30,2556,"Queen Mother Sports Centre, Victoria",51.49357351,-0.139956043,26
321,55,2049.81818181818,"Bermondsey Street, Bermondsey",51.49785559,-0.081608045,24
327,12,1605,"New North Road 1, Hoxton",51.53095,-0.085603,22
328,11,1298.18181818182,"New North Road 2, Hoxton",51.53114,-0.086016,22
330,11,1129.09090909091,"Eastbourne Mews, Paddington",51.51641749,-0.179135079,34
332,12,1200,"Nevern Place, Earl's Court",51.49334336,-0.194757949,20
333,27,1600,"Palace Gardens Terrace, Notting Hill",51.50860544,-0.193764092,37
337,10,1386,"Pembridge Villas, Notting Hill",51.51108452,-0.197524944,16
363,6,1600,"Lord's, St. John's Wood",51.5291212008901,-0.171185284853,24
367,33,1514.54545454545,"Harrowby Street, Marylebone",51.5173721,-0.1642075,16
368,16,1920,"Harriet Street, Knightsbridge",51.50024195,-0.15934065,25
375,14,2901.42857142857,"Kensington Town Hall, Kensington",51.50194596,-0.194392952,18
379,28,2727.85714285714,"Turquoise Island, Notting Hill",51.51431171,-0.200838199,21
384,12,1780,"Marloes Road, Kensington",51.496481,-0.192404,15
394,11,2143.63636363636,"Aberdeen Place, St. John's Wood",51.524826,-0.176268,18
395,30,1742,"Cadogan Gardens, Chelsea",51.492462,-0.159919,15
396,17,1754.11764705882,"Shouldham Street, Marylebone",51.51809,-0.163609,16
397,48,3100,"Devonshire Terrace, Bayswater",51.51348,-0.17977,16
400,19,1575.78947368421,"George Street, Marylebone",51.517703,-0.154106,26
402,9,1586.66666666667,"Penfold Street, Marylebone",51.52289229,-0.171681991,15
403,20,1176,"George Place Mews, Marylebone",51.51689296,-0.158249929,16
405,40,1546.5,"Gloucester Road Station, South Kensington",51.49418566,-0.18267094,15
410,20,1164,"Edgware Road Station, Marylebone",51.519968,-0.169774,64
412,9,1886.66666666667,"Cleaver Street, Kennington",51.488105,-0.110121,17
423,17,1535.29411764706,"Eaton Square (South), Belgravia",51.49456127,-0.15393398,31
424,12,1895,"Ebury Bridge, Pimlico",51.490491,-0.149186,29
430,21,3091.42857142857,"South Parade, Chelsea",51.48902,-0.17524,18
450,15,1472,"Jubilee Street, Stepney",51.515975,-0.053177,28
452,26,2591.53846153846,"St. Katharine's Way, Tower",51.505697,-0.070542,24
462,24,5765,"Bonny Street, Camden Town",51.541603,-0.138853,45
466,13,2053.84615384615,"Whiston Road, Haggerston",51.534464,-0.076341,21
467,15,1932,"Southern Grove, Bow",51.523538,-0.030556,17
468,2,1920,"Cantrell Road, Bow",51.521564,-0.022694,24
470,15,1708,"Mostyn Grove, Bow",51.530535,-0.025492,46
471,11,621.818181818182,"Hewison Street, Old Ford",51.533283,-0.028155,19
473,11,2841.81818181818,"Millharbour, Millwall",51.496137,-0.019355,19
475,34,2101.76470588235,"Lightermans Road, Millwall",51.499041,-0.020157,31
477,23,5042.60869565217,"Spindrift Avenue, Millwall",51.49109,-0.018716,36
480,76,2047.89473684211,"Flamborough Street, Limehouse",51.5128711,-0.0389866,25
484,19,2646.31578947368,"Bromley High Street, Bow",51.528828,-0.013258,24
487,14,1658.57142857143,"Canton Street, Poplar",51.511811,-0.025626,23
489,30,1590,"Christian Street, Whitechapel",51.513074,-0.064094,34
496,27,1953.33333333333,"Devons Road, Bow",51.52512,-0.015578,39
500,43,1107.90697674419,"Ansell House, Stepney",51.520019,-0.05438,41
501,20,1464,"Cephas Street, Bethnal Green",51.522561,-0.054883,24
511,35,1025.14285714286,"Sutton Street, Shadwell",51.511066,-0.053558,33
512,22,1431.81818181818,"Pritchard's Road, Bethnal Green",51.532091,-0.06142,30
513,25,1250.4,"Watney Market, Stepney",51.5142228,-0.055656,51
514,16,1721.25,"Portman Square, Marylebone",51.516204,-0.155525,17
515,22,2462.72727272727,"Russell Gardens, Olympia",51.500088,-0.211316,24
517,14,895.714285714286,"Ford Road, Old Ford",51.532513,-0.033085,18
519,11,4494.54545454545,"Teviot Street, Poplar",51.518811,-0.011662,33
526,20,819,"Lancaster Drive, Blackwall",51.503143,-0.008428,27
529,12,1200,"Manresa Road, Chelsea",51.486892,-0.170983,18
537,26,1160.76923076923,"Old Montague Street, Whitechapel",51.51793,-0.067937,18
547,32,2591.25,"East India DLR, Blackwall",51.509474,-0.002275,51
553,98,1893.0612244898,"Regent's Row , Haggerston",51.535678,-0.062546,24
563,28,1602.85714285714,"Preston's Road, Cubitt Town",51.499286,-0.009152,26
568,53,1504.52830188679,"Bishop's Bridge Road West, Bayswater",51.51616,-0.18697,18
573,50,1124.4,"Limerston Street, West Chelsea",51.485587,-0.18119,18
576,20,2208,"Alpha Grove, Millwall",51.497304,-0.022793,22
581,30,2054,"New Cavendish Street, Marylebone",51.519167,-0.147983,18
584,20,1857,"Ilchester Gardens, Bayswater",51.51244,-0.19096,21
589,43,1621.39534883721,"Drayton Gardens, West Chelsea",51.487196,-0.179369,18
590,15,3332,"Greenberry Street, St.John's Wood",51.53256,-0.16862,26
592,14,4268.57142857143,"Bishop's Bridge Road East, Bayswater",51.5171,-0.18377,20
593,8,1215,"Northdown Street, King's Cross",51.531066,-0.11934,21
599,13,1781.53846153846,"Manbre Road, Hammersmith",51.485743,-0.223616,28
603,29,2509.65517241379,"Caldwell Street, Stockwell",51.477839,-0.116493,44
605,21,2065.71428571429,"Seymour Place, Marylebone",51.520331,-0.163667,29
609,38,2461.57894736842,"Sugden Road, Clapham",51.46512358,-0.157788279,19
610,38,1353.15789473684,"Danvers Street, West Chelsea",51.48256792,-0.172078187,21
611,17,2463.52941176471,"Princedale Road , Holland Park",51.50646524,-0.208486599,20
620,22,2195.45454545455,"Surrey Lane, Battersea",51.47518024,-0.167160736,28
622,26,1220.76923076923,"Lansdowne Road, Ladbroke Grove",51.50748124,-0.205535908,29
629,10,1920,"Morie Street, Wandsworth",51.45995384,-0.190184054,28
631,31,1848.38709677419,"Battersea Park Road, Nine Elms",51.4795017,-0.141770709,27
633,28,2483.57142857143,"Vereker Road, West Kensington",51.48959104,-0.209378594,32
640,23,2120.86956521739,"Silverthorne Road, Battersea",51.47286577,-0.148059277,28
643,17,2135.29411764706,"All Saints' Road, Portobello",51.5190427,-0.204764421,22
644,31,14202.5806451613,"Rainville Road, Hammersmith",51.48373225,-0.223852256,36
647,39,2032.30769230769,"Richmond Way, Shepherd's Bush",51.50035306,-0.217515071,27
649,21,1151.42857142857,"World's End Place, West Chelsea",51.48180515,-0.18027465,22
650,25,1272,"St. Mark's Road, North Kensington",51.51687069,-0.213872396,21
651,24,2380,"Thorndike Close, West Chelsea",51.48089844,-0.183853573,25
652,4,8310,"Evesham Street, Avondale",51.51148696,-0.218190203,29
657,20,1512,"Blythe Road West, Shepherd's Bush",51.4996806,-0.221791552,21
661,47,1519.14893617021,"All Saints Church, Portobello",51.51632095,-0.202608612,37
662,33,1561.81818181818,"Phene Street, Chelsea",51.48498496,-0.167919869,24
663,7,1637.14285714286,"Clarendon Road, Avondale",51.51323001,-0.211593602,24
665,22,2042.72727272727,"Smugglers Way, Wandsworth",51.46108367,-0.191722864,28
667,18,2230,"Shepherd's Bush Road North, Shepherd's Bush",51.5015946,-0.222293381,34
669,18,2440,"Teversham Lane, Stockwell",51.47614939,-0.1232585,39
673,26,3558.46153846154,"Hibbert Street, Battersea",51.46517078,-0.18038939,36
678,4,2145,"Esmond Street, Putney",51.46231278,-0.211468596,30
698,18,3426.66666666667,"Shoreditch Court, Haggerston",51.53908372,-0.070329419,35
699,12,1735,"Belford House, Haggerston",51.5366541,-0.07023031,39
700,40,1266,"Battersea Church Road, Battersea",51.47696496,-0.174347066,25
704,13,1200,"Mexfield Road, East Putney",51.45682071,-0.202802098,18
705,16,2805,"Upper Richmond Road, Putney",51.45971528,-0.212145939,25
715,16,1346.25,"Aylward Street, Stepney",51.51563007,-0.049067243,22
717,52,3416.53846153846,"Dunston Road , Haggerston",51.53658514,-0.075885686,43
724,13,2247.69230769231,"Alma Road, Wandsworth",51.45799126,-0.184806157,28
725,34,1796.47058823529,"Walworth Square, Walworth",51.491327,-0.096518684,24
727,32,2529.375,"Chesilton Road, Fulham",51.47569809,-0.20587627,23
735,18,3586.66666666667,"Grant Road East, Clapham Junction",51.46489445,-0.17302926,28
741,3,980,"Freston Road, Avondale",51.5129814,-0.219486603,23
742,24,2732.5,"Blenheim Crescent, Ladbroke Grove",51.51510818,-0.208565479,22
743,6,4350,"Oxford Road, Putney",51.46079243,-0.212607684,29
746,20,1674,"Lots Road, West Chelsea",51.4795738,-0.17903854,24
748,35,1314.85714285714,"Hertford Road, De Beauvoir Town",51.53727795,-0.079201849,25
754,5,996,"Grenfell Road, Avondale",51.5129006,-0.214762686,24
755,26,1543.84615384615,"The Vale, Chelsea",51.48512191,-0.174971902,24
757,35,2290.28571428571,"Harcourt Terrace, West Brompton",51.48795853,-0.187404506,24
758,21,2517.14285714286,"Westbourne Park Road, Portobello",51.51787005,-0.201005397,23
759,9,1493.33333333333,"Broadley Terrace, Marylebone",51.52456169,-0.165668686,18
767,3,3740,"Santos Road, Wandsworth",51.45705988,-0.200806304,30
770,26,1959.23076923077,"Gwendwr Road, West Kensington",51.491026,-0.209121,30
780,33,1392.72727272727,"Imperial Wharf Station, Sands End",51.474665,-0.18316517,25
793,19,972.631578947368,"Cromer Street, Bloomsbury",51.528279,-0.11955857,28
798,8,870,"Birkenhead Street, King's Cross",51.5301998755,-0.122299440803,27
801,22,1159.09090909091,"Lavington Street, Bankside",51.5052241745,-0.0980318118664,29
802,52,2502.69230769231,"Albert Square, Stockwell",51.4765900593,-0.118256789081,32
817,39,1706.15384615385,"Riverlight South, Nine Elms",51.4813354746,-0.138212295869,26
830,19,3192.63157894737,"Sidney Road, Stockwell",51.469202,-0.11902256,27
836,19,1983.15789473684,"York Way, Kings Cross",51.541596,-0.12544145,24
