"id","trip","duration","name","lat","long","nbDocks"
1,65,1848.92307692308,"River Street , Clerkenwell",51.52916347,-0.109970527,19
2,212,1911.79245283019,"Phillimore Gardens, Kensington",51.49960695,-0.197574246,37
4,40,1681.5,"St. Chad's Street, King's Cross",51.53005939,-0.120973687,23
5,122,2634.59016393443,"Sedding Street, Sloane Square",51.49313,-0.156876,27
7,200,4786.5,"Charlbert Street, St. John's Wood",51.53430039,-0.1680743,16
8,260,4293,"Maida Vale, Maida Vale",51.529857,-0.18348604,39
26,70,1918.28571428571,"Ampton Street , Clerkenwell",51.52728093,-0.11829517,21
29,120,2223,"Hereford Road, Bayswater",51.513735,-0.193487,22
30,60,3718,"Windsor Terrace, Hoxton",51.52915444,-0.093421615,24
33,107,2470.09345794393,"Central House, Aldgate",51.515231,-0.07015,18
37,106,2397.16981132075,"Penywern Road, Earl's Court",51.49159394,-0.192369256,17
38,76,3202.10526315789,"Abingdon Villas, Kensington",51.4973875,-0.197245586,17
42,72,1720,"Wenlock Road , Hoxton",51.53099181,-0.093903825,28
43,180,2861.66666666667,"Crawford Street, Marylebone",51.52026,-0.157183945,18
45,55,5581.09090909091,"Boston Place, Marylebone",51.522511,-0.162298,26
46,97,4129.48453608247,"Nesham Street, Wapping",51.507131,-0.06691,16
47,350,3816,"Warwick Avenue Station, Maida Vale",51.52334476,-0.183846408,19
50,57,2903.15789473684,"East Road, Hoxton",51.52867339,-0.087459376,27
56,209,2192.44019138756,"Paddington Street, Marylebone",51.52058381,-0.154701411,16
60,89,2266.51685393258,"Lisson Grove, St. John's Wood",51.52644828,-0.172190727,18
62,57,1829.47368421053,"Cotton Garden Estate, Kennington",51.4907579,-0.106323685,24
63,65,2108.30769230769,"Murray Grove , Hoxton",51.53089041,-0.089782579,27
80,78,3390.76923076923,"Webber Street , Southwark",51.50069361,-0.102091246,45
81,88,4047.95454545455,"Great Titchfield Street, Fitzrovia",51.52025302,-0.141327271,19
97,148,2472.97297297297,"Gloucester Road (North), Kensington",51.49792478,-0.183834706,18
99,383,2899.8955613577,"Old Quebec Street, Marylebone",51.51457763,-0.158264483,16
103,64,4193.4375,"Vicarage Gate, Kensington",51.50472376,-0.192538767,18
105,151,2285.16556291391,"Westbourne Grove, Bayswater",51.51552971,-0.190240716,26
110,155,3519.48387096774,"Wellington Road, St. John's Wood",51.53304322,-0.172528678,17
113,97,2275.05154639175,"Gloucester Road (Central), South Kensington",51.49646288,-0.183289032,19
121,76,2665.26315789474,"Baker Street, Marylebone",51.51891348,-0.156166631,22
124,44,1656.81818181818,"Eaton Square, Belgravia",51.49654462,-0.150905245,20
128,112,1827.32142857143,"Emperor's Gate, South Kensington",51.49536226,-0.185296516,22
142,75,2592,"West Cromwell Road, Earl's Court",51.49372451,-0.198286569,24
143,131,2792.06106870229,"Pont Street, Knightsbridge",51.4968865,-0.161203828,24
144,190,3091.89473684211,"Kennington Cross, Kennington",51.48894022,-0.111435796,47
148,111,1909.18918918919,"Tachbrook Street, Victoria",51.49211134,-0.138364847,16
150,119,2569.41176470588,"Holy Trinity Brompton, Knightsbridge",51.49705603,-0.168917077,28
155,117,1771.28205128205,"Lexham Gardens, Kensington",51.49586666,-0.191933711,19
157,227,1940.08810572687,"Wright's Lane, Kensington",51.50039792,-0.193068385,35
158,117,3670.76923076923,"Trebovir Road, Earl's Court",51.49085368,-0.196170309,18
163,136,2554.41176470588,"Sloane Avenue, Knightsbridge",51.4931848,-0.167894973,27
164,82,3082.68292682927,"Cleveland Gardens, Bayswater",51.515607,-0.183118788,16
165,33,1852.72727272727,"Orsett Terrace, Bayswater",51.517932,-0.183716959,15
167,80,3286.5,"Eccleston Place, Victoria",51.49395092,-0.147624377,19
168,115,1998.78260869565,"Argyll Road, Kensington",51.50040123,-0.195455928,19
169,288,3317.5,"Porchester Place, Paddington",51.51474612,-0.165164288,18
171,125,2995.68,"Collingham Gardens, Earl's Court",51.4916156,-0.186753859,14
172,98,2059.59183673469,"Sumner Place, South Kensington",51.49121192,-0.173715911,19
176,121,2727.27272727273,"Gloucester Terrace, Bayswater",51.51791921,-0.188098863,23
181,146,3308.21917808219,"Belgrave Square, Belgravia",51.49941247,-0.152317537,21
182,77,1884.93506493506,"Bell Street , Marylebone",51.52202903,-0.165842551,18
183,276,3542.82608695652,"Riverlight North, Nine Elms",51.482362,-0.13612398,24
184,182,2258.9010989011,"Portland Place, Marylebone",51.52071513,-0.14521173,34
187,125,2208.48,"Queen's Gate (South), South Kensington",51.49247977,-0.178433004,25
188,62,3851.61290322581,"Nutford Place, Marylebone",51.5165179,-0.164393768,15
190,115,3120,"Rampayne Street, Pimlico",51.48997562,-0.132845681,21
200,83,3815.42168674699,"LMU Commercial Road, Whitechapel",51.51492456,-0.066078037,14
201,169,2842.72189349112,"Dorset Square, Marylebone",51.5225965,-0.161113413,16
202,240,2655,"Leman Street, Aldgate",51.51236389,-0.06954201,37
204,64,1786.875,"Margery Street, Clerkenwell",51.52659961,-0.112432615,19
208,32,3791.25,"Mallory Street, Marylebone",51.52505151,-0.166304359,20
209,64,2250,"Denyer Street, Knightsbridge",51.49358391,-0.165101392,30
210,96,2139.375,"Hinde Street, Marylebone",51.51681444,-0.151926305,21
211,122,1739.50819672131,"Cadogan Place, Knightsbridge",51.49464523,-0.158105512,34
216,166,2853.97590361446,"Old Brompton Road, South Kensington",51.49094565,-0.181190899,30
219,183,2849.18032786885,"Bramham Gardens, Earl's Court",51.49016361,-0.19039362,29
220,100,2470.2,"Chelsea Green, Chelsea",51.49066456,-0.166485083,27
221,103,2860.77669902913,"Horseferry Road, Westminster",51.49481649,-0.13045856,16
225,161,2338.88198757764,"Notting Hill Gate Station, Notting Hill",51.50935342,-0.196422,30
227,77,2798.18181818182,"Great Percy Street, Clerkenwell",51.52891573,-0.115480888,23
237,150,2576.4,"Dock Street, Wapping",51.5097860151,-0.0681619805156,30
242,143,3554.26573426573,"Beaumont Street, Marylebone",51.52200801,-0.151359288,23
255,167,3703.83233532934,"Clifton Road, Maida Vale",51.52557531,-0.179592915,22
259,119,2840.67226890756,"Bourne Street, Belgravia",51.490959,-0.1532331,16
261,41,3002.92682926829,"Princes Square, Bayswater",51.5134891,-0.191351186,15
265,95,4410.94736842105,"Southwick Street, Paddington",51.51595344,-0.169249375,17
267,92,2709.78260869565,"Regency Street, Westminster",51.49206037,-0.132224622,22
274,121,2725.78512396694,"Warwick Road, Olympia",51.49671237,-0.20528437,36
277,207,2950.72463768116,"Kensington Church Street, Kensington",51.50315739,-0.191496313,17
279,71,1734.08450704225,"North Wharf Road, Paddington",51.51862243,-0.176645823,25
286,104,2191.15384615385,"St. John's Wood Road, St. John's Wood",51.5272947,-0.174653609,35
288,160,2653.125,"Elizabeth Bridge, Victoria",51.49236962,-0.147478734,34
289,55,3025.09090909091,"South Audley Street, Mayfair",51.50923022,-0.151296092,15
290,125,2568.96,"St Mary's Hospital, Paddington",51.518268,-0.17110323,20
291,199,1946.83417085427,"Claverton Street, Pimlico",51.48483991,-0.138089062,32
293,48,3025,"Kensington Olympia Station, Olympia",51.49815779,-0.209494128,25
296,115,3262.4347826087,"Knaresborough Place, Earl's Court",51.49363156,-0.190603326,18
298,408,4035.73529411765,"Curlew Street, Shad Thames",51.50227992,-0.074189225,21
299,44,2937.27272727273,"Vincent Square, Westminster",51.49398524,-0.136928582,19
312,189,4612.38095238095,"Grove End Road, St. John's Wood",51.53088935,-0.176770502,20
319,97,3161.44329896907,"Baldwin Street, St. Luke's",51.52702563,-0.088542771,21
320,112,2124.10714285714,"Queen Mother Sports Centre, Victoria",51.49357351,-0.139956043,26
321,289,3513.21799307958,"Bermondsey Street, Bermondsey",51.49785559,-0.081608045,24
327,28,1750.71428571429,"New North Road 1, Hoxton",51.53095,-0.085603,22
328,46,2149.5652173913,"New North Road 2, Hoxton",51.53114,-0.086016,22
330,37,2497.2972972973,"Eastbourne Mews, Paddington",51.51641749,-0.179135079,34
332,97,2524.32989690722,"Nevern Place, Earl's Court",51.49334336,-0.194757949,20
333,129,3008.37209302326,"Palace Gardens Terrace, Notting Hill",51.50860544,-0.193764092,37
337,72,2464.16666666667,"Pembridge Villas, Notting Hill",51.51108452,-0.197524944,16
363,74,4021.62162162162,"Lord's, St. John's Wood",51.5291212008901,-0.171185284853,24
367,116,3208.44827586207,"Harrowby Street, Marylebone",51.5173721,-0.1642075,16
368,119,3231.42857142857,"Harriet Street, Knightsbridge",51.50024195,-0.15934065,25
375,58,2528.27586206897,"Kensington Town Hall, Kensington",51.50194596,-0.194392952,18
379,130,2693.53846153846,"Turquoise Island, Notting Hill",51.51431171,-0.200838199,21
384,75,1943.2,"Marloes Road, Kensington",51.496481,-0.192404,15
394,102,2954.11764705882,"Aberdeen Place, St. John's Wood",51.524826,-0.176268,18
395,109,2538.16513761468,"Cadogan Gardens, Chelsea",51.492462,-0.159919,15
396,92,2920.4347826087,"Shouldham Street, Marylebone",51.51809,-0.163609,16
397,192,2847.5,"Devonshire Terrace, Bayswater",51.51348,-0.17977,16
400,106,3005.66037735849,"George Street, Marylebone",51.517703,-0.154106,26
402,63,2646.66666666667,"Penfold Street, Marylebone",51.52289229,-0.171681991,15
403,137,3127.00729927007,"George Place Mews, Marylebone",51.51689296,-0.158249929,16
405,188,2453.93617021277,"Gloucester Road Station, South Kensington",51.49418566,-0.18267094,15
410,122,3270,"Edgware Road Station, Marylebone",51.519968,-0.169774,64
412,80,1914,"Cleaver Street, Kennington",51.488105,-0.110121,17
423,70,2284.28571428571,"Eaton Square (South), Belgravia",51.49456127,-0.15393398,31
424,95,2400,"Ebury Bridge, Pimlico",51.490491,-0.149186,29
430,48,2276.25,"South Parade, Chelsea",51.48902,-0.17524,18
450,67,2543.28358208955,"Jubilee Street, Stepney",51.515975,-0.053177,28
452,211,4155.35545023697,"St. Katharine's Way, Tower",51.505697,-0.070542,24
462,268,5201.86567164179,"Bonny Street, Camden Town",51.541603,-0.138853,45
466,108,3170.55555555556,"Whiston Road, Haggerston",51.534464,-0.076341,21
467,80,1780.5,"Southern Grove, Bow",51.523538,-0.030556,17
468,44,7635,"Cantrell Road, Bow",51.521564,-0.022694,24
470,89,2838.87640449438,"Mostyn Grove, Bow",51.530535,-0.025492,46
471,100,2817,"Hewison Street, Old Ford",51.533283,-0.028155,19
473,79,3730.63291139241,"Millharbour, Millwall",51.496137,-0.019355,19
475,198,3448.18181818182,"Lightermans Road, Millwall",51.499041,-0.020157,31
477,101,2844.9504950495,"Spindrift Avenue, Millwall",51.49109,-0.018716,36
480,327,2683.66972477064,"Flamborough Street, Limehouse",51.5128711,-0.0389866,25
484,90,4354,"Bromley High Street, Bow",51.528828,-0.013258,24
487,64,3360.9375,"Canton Street, Poplar",51.511811,-0.025626,23
489,110,1917.27272727273,"Christian Street, Whitechapel",51.513074,-0.064094,34
496,159,3224.90566037736,"Devons Road, Bow",51.52512,-0.015578,39
500,159,1753.96226415094,"Ansell House, Stepney",51.520019,-0.05438,41
501,66,3528.18181818182,"Cephas Street, Bethnal Green",51.522561,-0.054883,24
511,250,1713.12,"Sutton Street, Shadwell",51.511066,-0.053558,33
512,156,3274.23076923077,"Pritchard's Road, Bethnal Green",51.532091,-0.06142,30
513,91,2884.61538461538,"Watney Market, Stepney",51.5142228,-0.055656,51
514,82,3426.58536585366,"Portman Square, Marylebone",51.516204,-0.155525,17
515,63,2199.04761904762,"Russell Gardens, Olympia",51.500088,-0.211316,24
517,98,3080.81632653061,"Ford Road, Old Ford",51.532513,-0.033085,18
519,39,3920,"Teviot Street, Poplar",51.518811,-0.011662,33
526,105,2918.28571428571,"Lancaster Drive, Blackwall",51.503143,-0.008428,27
529,97,2832.98969072165,"Manresa Road, Chelsea",51.486892,-0.170983,18
537,140,2543.57142857143,"Old Montague Street, Whitechapel",51.51793,-0.067937,18
547,241,4356.59751037344,"East India DLR, Blackwall",51.509474,-0.002275,51
553,722,3375.45706371191,"Regent's Row , Haggerston",51.535678,-0.062546,24
563,106,2896.98113207547,"Preston's Road, Cubitt Town",51.499286,-0.009152,26
568,174,2334.8275862069,"Bishop's Bridge Road West, Bayswater",51.51616,-0.18697,18
573,183,2494.4262295082,"Limerston Street, West Chelsea",51.485587,-0.18119,18
576,122,2153.60655737705,"Alpha Grove, Millwall",51.497304,-0.022793,22
581,119,2611.76470588235,"New Cavendish Street, Marylebone",51.519167,-0.147983,18
584,110,2688.54545454545,"Ilchester Gardens, Bayswater",51.51244,-0.19096,21
589,247,2700.24291497976,"Drayton Gardens, West Chelsea",51.487196,-0.179369,18
590,73,4247.67123287671,"Greenberry Street, St.John's Wood",51.53256,-0.16862,26
592,67,3871.34328358209,"Bishop's Bridge Road East, Bayswater",51.5171,-0.18377,20
593,58,1858.96551724138,"Northdown Street, King's Cross",51.531066,-0.11934,21
599,87,2440.68965517241,"Manbre Road, Hammersmith",51.485743,-0.223616,28
603,194,3152.78350515464,"Caldwell Street, Stockwell",51.477839,-0.116493,44
605,97,1805.56701030928,"Seymour Place, Marylebone",51.520331,-0.163667,29
609,114,3495.26315789474,"Sugden Road, Clapham",51.46512358,-0.157788279,19
610,278,1885.89928057554,"Danvers Street, West Chelsea",51.48256792,-0.172078187,21
611,132,2699.54545454545,"Princedale Road , Holland Park",51.50646524,-0.208486599,20
620,143,2984.8951048951,"Surrey Lane, Battersea",51.47518024,-0.167160736,28
622,135,3376.44444444444,"Lansdowne Road, Ladbroke Grove",51.50748124,-0.205535908,29
629,66,3386.36363636364,"Morie Street, Wandsworth",51.45995384,-0.190184054,28
631,122,2648.85245901639,"Battersea Park Road, Nine Elms",51.4795017,-0.141770709,27
633,140,3437.57142857143,"Vereker Road, West Kensington",51.48959104,-0.209378594,32
640,138,3628.69565217391,"Silverthorne Road, Battersea",51.47286577,-0.148059277,28
643,115,2815.82608695652,"All Saints' Road, Portobello",51.5190427,-0.204764421,22
644,132,2105,"Rainville Road, Hammersmith",51.48373225,-0.223852256,36
647,114,3498.42105263158,"Richmond Way, Shepherd's Bush",51.50035306,-0.217515071,27
649,119,1464.70588235294,"World's End Place, West Chelsea",51.48180515,-0.18027465,22
650,147,3966.5306122449,"St. Mark's Road, North Kensington",51.51687069,-0.213872396,21
651,86,1776.27906976744,"Thorndike Close, West Chelsea",51.48089844,-0.183853573,25
652,42,2655.71428571429,"Evesham Street, Avondale",51.51148696,-0.218190203,29
657,101,4718.0198019802,"Blythe Road West, Shepherd's Bush",51.4996806,-0.221791552,21
661,220,2862.27272727273,"All Saints Church, Portobello",51.51632095,-0.202608612,37
662,156,2295.76923076923,"Phene Street, Chelsea",51.48498496,-0.167919869,24
663,75,2952,"Clarendon Road, Avondale",51.51323001,-0.211593602,24
665,104,2055,"Smugglers Way, Wandsworth",51.46108367,-0.191722864,28
667,180,3463,"Shepherd's Bush Road North, Shepherd's Bush",51.5015946,-0.222293381,34
669,122,4204.91803278689,"Teversham Lane, Stockwell",51.47614939,-0.1232585,39
673,202,2830.39603960396,"Hibbert Street, Battersea",51.46517078,-0.18038939,36
678,47,2906.8085106383,"Esmond Street, Putney",51.46231278,-0.211468596,30
698,215,4805.58139534884,"Shoreditch Court, Haggerston",51.53908372,-0.070329419,35
699,86,3246.27906976744,"Belford House, Haggerston",51.5366541,-0.07023031,39
700,156,2358.84615384615,"Battersea Church Road, Battersea",51.47696496,-0.174347066,25
704,81,3970.37037037037,"Mexfield Road, East Putney",51.45682071,-0.202802098,18
705,152,5567.76315789474,"Upper Richmond Road, Putney",51.45971528,-0.212145939,25
715,54,1220,"Aylward Street, Stepney",51.51563007,-0.049067243,22
717,328,3543.10975609756,"Dunston Road , Haggerston",51.53658514,-0.075885686,43
724,83,3645.5421686747,"Alma Road, Wandsworth",51.45799126,-0.184806157,28
725,187,3518.82352941176,"Walworth Square, Walworth",51.491327,-0.096518684,24
727,144,3942.91666666667,"Chesilton Road, Fulham",51.47569809,-0.20587627,23
735,77,6683.37662337662,"Grant Road East, Clapham Junction",51.46489445,-0.17302926,28
741,53,3476.60377358491,"Freston Road, Avondale",51.5129814,-0.219486603,23
742,159,3018.8679245283,"Blenheim Crescent, Ladbroke Grove",51.51510818,-0.208565479,22
743,78,2894.61538461538,"Oxford Road, Putney",51.46079243,-0.212607684,29
746,174,1992.41379310345,"Lots Road, West Chelsea",51.4795738,-0.17903854,24
748,158,2373.79746835443,"Hertford Road, De Beauvoir Town",51.53727795,-0.079201849,25
754,32,2538.75,"Grenfell Road, Avondale",51.5129006,-0.214762686,24
755,158,2081.01265822785,"The Vale, Chelsea",51.48512191,-0.174971902,24
757,162,3163.7037037037,"Harcourt Terrace, West Brompton",51.48795853,-0.187404506,24
758,132,3222.27272727273,"Westbourne Park Road, Portobello",51.51787005,-0.201005397,23
759,49,1639.59183673469,"Broadley Terrace, Marylebone",51.52456169,-0.165668686,18
767,70,5190.85714285714,"Santos Road, Wandsworth",51.45705988,-0.200806304,30
770,112,3243.75,"Gwendwr Road, West Kensington",51.491026,-0.209121,30
780,176,1705.90909090909,"Imperial Wharf Station, Sands End",51.474665,-0.18316517,25
793,46,1754.34782608696,"Cromer Street, Bloomsbury",51.528279,-0.11955857,28
798,84,2320.71428571429,"Birkenhead Street, King's Cross",51.5301998755,-0.122299440803,27
801,68,2135.29411764706,"Lavington Street, Bankside",51.5052241745,-0.0980318118664,29
802,174,4280.68965517241,"Albert Square, Stockwell",51.4765900593,-0.118256789081,32
817,185,2338.05405405405,"Riverlight South, Nine Elms",51.4813354746,-0.138212295869,26
830,110,3583.63636363636,"Sidney Road, Stockwell",51.469202,-0.11902256,27
836,152,3392.76315789474,"York Way, Kings Cross",51.541596,-0.12544145,24
