"id","trip","duration","name","lat","long","nbDocks"
1,25,1262.4,"River Street , Clerkenwell",51.52916347,-0.109970527,19
2,101,1324.75247524752,"Phillimore Gardens, Kensington",51.49960695,-0.197574246,37
4,47,3049.78723404255,"St. Chad's Street, King's Cross",51.53005939,-0.120973687,23
5,147,2023.26530612245,"Sedding Street, Sloane Square",51.49313,-0.156876,27
7,42,1847.14285714286,"Charlbert Street, St. John's Wood",51.53430039,-0.1680743,16
8,59,8170.16949152542,"Maida Vale, Maida Vale",51.529857,-0.18348604,39
26,32,9825,"Ampton Street , Clerkenwell",51.52728093,-0.11829517,21
29,40,1252.5,"Hereford Road, Bayswater",51.513735,-0.193487,22
30,38,603.157894736842,"Windsor Terrace, Hoxton",51.52915444,-0.093421615,24
33,100,1677,"Central House, Aldgate",51.515231,-0.07015,18
37,69,1106.08695652174,"Penywern Road, Earl's Court",51.49159394,-0.192369256,17
38,30,1604,"Abingdon Villas, Kensington",51.4973875,-0.197245586,17
42,50,602.4,"Wenlock Road , Hoxton",51.53099181,-0.093903825,28
43,62,2152.25806451613,"Crawford Street, Marylebone",51.52026,-0.157183945,18
45,35,1040.57142857143,"Boston Place, Marylebone",51.522511,-0.162298,26
46,111,875.135135135135,"Nesham Street, Wapping",51.507131,-0.06691,16
47,117,3328.20512820513,"Warwick Avenue Station, Maida Vale",51.52334476,-0.183846408,19
50,34,797.647058823529,"East Road, Hoxton",51.52867339,-0.087459376,27
56,46,944.347826086957,"Paddington Street, Marylebone",51.52058381,-0.154701411,16
60,42,1257.14285714286,"Lisson Grove, St. John's Wood",51.52644828,-0.172190727,18
62,28,857.142857142857,"Cotton Garden Estate, Kennington",51.4907579,-0.106323685,24
63,46,2561.73913043478,"Murray Grove , Hoxton",51.53089041,-0.089782579,27
80,55,3848.72727272727,"Webber Street , Southwark",51.50069361,-0.102091246,45
81,30,714,"Great Titchfield Street, Fitzrovia",51.52025302,-0.141327271,19
97,79,1394.43037974684,"Gloucester Road (North), Kensington",51.49792478,-0.183834706,18
99,186,2236.12903225806,"Old Quebec Street, Marylebone",51.51457763,-0.158264483,16
103,31,1271.61290322581,"Vicarage Gate, Kensington",51.50472376,-0.192538767,18
105,87,1122.75862068966,"Westbourne Grove, Bayswater",51.51552971,-0.190240716,26
110,26,4626.92307692308,"Wellington Road, St. John's Wood",51.53304322,-0.172528678,17
113,47,958.723404255319,"Gloucester Road (Central), South Kensington",51.49646288,-0.183289032,19
121,39,1175.38461538462,"Baker Street, Marylebone",51.51891348,-0.156166631,22
124,30,2508,"Eaton Square, Belgravia",51.49654462,-0.150905245,20
128,46,821.739130434783,"Emperor's Gate, South Kensington",51.49536226,-0.185296516,22
133,182,1414.28571428571,"Derry Street, Kensington",51.50136494,-0.191462381,18
142,35,2072.57142857143,"West Cromwell Road, Earl's Court",51.49372451,-0.198286569,24
143,49,2750.20408163265,"Pont Street, Knightsbridge",51.4968865,-0.161203828,24
144,62,1242.58064516129,"Kennington Cross, Kennington",51.48894022,-0.111435796,47
148,51,1088.23529411765,"Tachbrook Street, Victoria",51.49211134,-0.138364847,16
150,87,1457.24137931034,"Holy Trinity Brompton, Knightsbridge",51.49705603,-0.168917077,28
155,54,993.333333333333,"Lexham Gardens, Kensington",51.49586666,-0.191933711,19
157,118,1249.83050847458,"Wright's Lane, Kensington",51.50039792,-0.193068385,35
158,72,1564.16666666667,"Trebovir Road, Earl's Court",51.49085368,-0.196170309,18
163,91,1153.84615384615,"Sloane Avenue, Knightsbridge",51.4931848,-0.167894973,27
164,40,982.5,"Cleveland Gardens, Bayswater",51.515607,-0.183118788,16
165,27,1404.44444444444,"Orsett Terrace, Bayswater",51.517932,-0.183716959,15
167,71,1605.6338028169,"Eccleston Place, Victoria",51.49395092,-0.147624377,19
168,56,1368.21428571429,"Argyll Road, Kensington",51.50040123,-0.195455928,19
169,90,1843.33333333333,"Porchester Place, Paddington",51.51474612,-0.165164288,18
171,43,1350.6976744186,"Collingham Gardens, Earl's Court",51.4916156,-0.186753859,14
172,50,817.2,"Sumner Place, South Kensington",51.49121192,-0.173715911,19
176,56,1196.78571428571,"Gloucester Terrace, Bayswater",51.51791921,-0.188098863,23
181,50,1227.6,"Belgrave Square, Belgravia",51.49941247,-0.152317537,21
182,44,1808.18181818182,"Bell Street , Marylebone",51.52202903,-0.165842551,18
183,76,1235.52631578947,"Riverlight North, Nine Elms",51.482362,-0.13612398,24
184,35,1489.71428571429,"Portland Place, Marylebone",51.52071513,-0.14521173,34
187,58,1166.89655172414,"Queen's Gate (South), South Kensington",51.49247977,-0.178433004,25
188,55,1004.72727272727,"Nutford Place, Marylebone",51.5165179,-0.164393768,15
190,67,1004.77611940299,"Rampayne Street, Pimlico",51.48997562,-0.132845681,21
200,68,1745.29411764706,"LMU Commercial Road, Whitechapel",51.51492456,-0.066078037,14
201,56,2301.42857142857,"Dorset Square, Marylebone",51.5225965,-0.161113413,16
202,109,1317.79816513761,"Leman Street, Aldgate",51.51236389,-0.06954201,37
204,35,658.285714285714,"Margery Street, Clerkenwell",51.52659961,-0.112432615,19
208,11,840,"Mallory Street, Marylebone",51.52505151,-0.166304359,20
209,30,1324,"Denyer Street, Knightsbridge",51.49358391,-0.165101392,30
210,79,1923.03797468354,"Hinde Street, Marylebone",51.51681444,-0.151926305,21
211,80,1398.75,"Cadogan Place, Knightsbridge",51.49464523,-0.158105512,34
216,64,1350.9375,"Old Brompton Road, South Kensington",51.49094565,-0.181190899,30
219,79,1276.70886075949,"Bramham Gardens, Earl's Court",51.49016361,-0.19039362,29
220,55,1386.54545454545,"Chelsea Green, Chelsea",51.49066456,-0.166485083,27
221,57,2085.26315789474,"Horseferry Road, Westminster",51.49481649,-0.13045856,16
225,96,1489.375,"Notting Hill Gate Station, Notting Hill",51.50935342,-0.196422,30
227,45,1186.66666666667,"Great Percy Street, Clerkenwell",51.52891573,-0.115480888,23
237,40,1405.5,"Dock Street, Wapping",51.5097860151,-0.0681619805156,30
242,43,976.744186046512,"Beaumont Street, Marylebone",51.52200801,-0.151359288,23
255,57,2818.94736842105,"Clifton Road, Maida Vale",51.52557531,-0.179592915,22
259,49,1861.22448979592,"Bourne Street, Belgravia",51.490959,-0.1532331,16
261,42,2098.57142857143,"Princes Square, Bayswater",51.5134891,-0.191351186,15
265,57,1300,"Southwick Street, Paddington",51.51595344,-0.169249375,17
267,38,963.157894736842,"Regency Street, Westminster",51.49206037,-0.132224622,22
274,60,1385,"Warwick Road, Olympia",51.49671237,-0.20528437,36
277,70,2052.85714285714,"Kensington Church Street, Kensington",51.50315739,-0.191496313,17
279,22,1827.27272727273,"North Wharf Road, Paddington",51.51862243,-0.176645823,25
286,19,1673.68421052632,"St. John's Wood Road, St. John's Wood",51.5272947,-0.174653609,35
288,91,1404.3956043956,"Elizabeth Bridge, Victoria",51.49236962,-0.147478734,34
289,12,1185,"South Audley Street, Mayfair",51.50923022,-0.151296092,15
290,89,1808.76404494382,"St Mary's Hospital, Paddington",51.518268,-0.17110323,20
291,45,1156,"Claverton Street, Pimlico",51.48483991,-0.138089062,32
293,21,857.142857142857,"Kensington Olympia Station, Olympia",51.49815779,-0.209494128,25
296,42,948.571428571429,"Knaresborough Place, Earl's Court",51.49363156,-0.190603326,18
298,87,1555.1724137931,"Curlew Street, Shad Thames",51.50227992,-0.074189225,21
299,24,1752.5,"Vincent Square, Westminster",51.49398524,-0.136928582,19
312,48,1780,"Grove End Road, St. John's Wood",51.53088935,-0.176770502,20
319,54,921.111111111111,"Baldwin Street, St. Luke's",51.52702563,-0.088542771,21
320,62,1497.09677419355,"Queen Mother Sports Centre, Victoria",51.49357351,-0.139956043,26
321,113,1365.66371681416,"Bermondsey Street, Bermondsey",51.49785559,-0.081608045,24
327,17,903.529411764706,"New North Road 1, Hoxton",51.53095,-0.085603,22
328,35,1083.42857142857,"New North Road 2, Hoxton",51.53114,-0.086016,22
330,38,1111.57894736842,"Eastbourne Mews, Paddington",51.51641749,-0.179135079,34
332,57,1135.78947368421,"Nevern Place, Earl's Court",51.49334336,-0.194757949,20
333,77,1765.71428571429,"Palace Gardens Terrace, Notting Hill",51.50860544,-0.193764092,37
337,65,1893.23076923077,"Pembridge Villas, Notting Hill",51.51108452,-0.197524944,16
363,26,962.307692307692,"Lord's, St. John's Wood",51.5291212008901,-0.171185284853,24
367,38,2976.31578947368,"Harrowby Street, Marylebone",51.5173721,-0.1642075,16
368,62,1200,"Harriet Street, Knightsbridge",51.50024195,-0.15934065,25
375,23,1126.95652173913,"Kensington Town Hall, Kensington",51.50194596,-0.194392952,18
379,80,1744.5,"Turquoise Island, Notting Hill",51.51431171,-0.200838199,21
384,21,1048.57142857143,"Marloes Road, Kensington",51.496481,-0.192404,15
394,26,2446.15384615385,"Aberdeen Place, St. John's Wood",51.524826,-0.176268,18
395,89,1462.92134831461,"Cadogan Gardens, Chelsea",51.492462,-0.159919,15
396,35,1176,"Shouldham Street, Marylebone",51.51809,-0.163609,16
397,80,1281.75,"Devonshire Terrace, Bayswater",51.51348,-0.17977,16
400,49,664.897959183673,"George Street, Marylebone",51.517703,-0.154106,26
402,29,2188.96551724138,"Penfold Street, Marylebone",51.52289229,-0.171681991,15
403,39,1956.92307692308,"George Place Mews, Marylebone",51.51689296,-0.158249929,16
405,118,3035.08474576271,"Gloucester Road Station, South Kensington",51.49418566,-0.18267094,15
410,44,1591.36363636364,"Edgware Road Station, Marylebone",51.519968,-0.169774,64
412,20,1164,"Cleaver Street, Kennington",51.488105,-0.110121,17
423,33,1232.72727272727,"Eaton Square (South), Belgravia",51.49456127,-0.15393398,31
424,59,1337.28813559322,"Ebury Bridge, Pimlico",51.490491,-0.149186,29
430,43,1187.44186046512,"South Parade, Chelsea",51.48902,-0.17524,18
450,34,2419.41176470588,"Jubilee Street, Stepney",51.515975,-0.053177,28
452,80,2338.5,"St. Katharine's Way, Tower",51.505697,-0.070542,24
462,81,2549.62962962963,"Bonny Street, Camden Town",51.541603,-0.138853,45
466,34,855.882352941176,"Whiston Road, Haggerston",51.534464,-0.076341,21
467,19,896.842105263158,"Southern Grove, Bow",51.523538,-0.030556,17
468,14,11867.1428571429,"Cantrell Road, Bow",51.521564,-0.022694,24
470,59,2521.01694915254,"Mostyn Grove, Bow",51.530535,-0.025492,46
471,47,2813.6170212766,"Hewison Street, Old Ford",51.533283,-0.028155,19
473,13,1112.30769230769,"Millharbour, Millwall",51.496137,-0.019355,19
475,35,1501.71428571429,"Lightermans Road, Millwall",51.499041,-0.020157,31
477,20,1848,"Spindrift Avenue, Millwall",51.49109,-0.018716,36
480,153,1389.01960784314,"Flamborough Street, Limehouse",51.5128711,-0.0389866,25
484,36,1733.33333333333,"Bromley High Street, Bow",51.528828,-0.013258,24
487,27,1962.22222222222,"Canton Street, Poplar",51.511811,-0.025626,23
489,63,812.380952380952,"Christian Street, Whitechapel",51.513074,-0.064094,34
496,60,2081,"Devons Road, Bow",51.52512,-0.015578,39
500,90,1148.66666666667,"Ansell House, Stepney",51.520019,-0.05438,41
501,43,1435.81395348837,"Cephas Street, Bethnal Green",51.522561,-0.054883,24
511,88,1131.13636363636,"Sutton Street, Shadwell",51.511066,-0.053558,33
512,100,971.4,"Pritchard's Road, Bethnal Green",51.532091,-0.06142,30
513,38,1032.63157894737,"Watney Market, Stepney",51.5142228,-0.055656,51
514,54,3032.22222222222,"Portman Square, Marylebone",51.516204,-0.155525,17
515,28,960,"Russell Gardens, Olympia",51.500088,-0.211316,24
517,58,1702.75862068966,"Ford Road, Old Ford",51.532513,-0.033085,18
519,20,1941,"Teviot Street, Poplar",51.518811,-0.011662,33
526,24,1260,"Lancaster Drive, Blackwall",51.503143,-0.008428,27
529,73,1309.31506849315,"Manresa Road, Chelsea",51.486892,-0.170983,18
537,49,1698.36734693878,"Old Montague Street, Whitechapel",51.51793,-0.067937,18
547,28,2447.14285714286,"East India DLR, Blackwall",51.509474,-0.002275,51
553,359,1474.59610027855,"Regent's Row , Haggerston",51.535678,-0.062546,24
563,23,980.869565217391,"Preston's Road, Cubitt Town",51.499286,-0.009152,26
568,83,1280.96385542169,"Bishop's Bridge Road West, Bayswater",51.51616,-0.18697,18
573,99,991.515151515152,"Limerston Street, West Chelsea",51.485587,-0.18119,18
576,24,1022.5,"Alpha Grove, Millwall",51.497304,-0.022793,22
581,27,1168.88888888889,"New Cavendish Street, Marylebone",51.519167,-0.147983,18
584,86,2215.81395348837,"Ilchester Gardens, Bayswater",51.51244,-0.19096,21
589,82,994.390243902439,"Drayton Gardens, West Chelsea",51.487196,-0.179369,18
590,17,970.588235294118,"Greenberry Street, St.John's Wood",51.53256,-0.16862,26
592,15,948,"Bishop's Bridge Road East, Bayswater",51.5171,-0.18377,20
593,29,858.620689655172,"Northdown Street, King's Cross",51.531066,-0.11934,21
599,33,3336.36363636364,"Manbre Road, Hammersmith",51.485743,-0.223616,28
603,34,1935.88235294118,"Caldwell Street, Stockwell",51.477839,-0.116493,44
605,33,956.363636363636,"Seymour Place, Marylebone",51.520331,-0.163667,29
609,35,1942.28571428571,"Sugden Road, Clapham",51.46512358,-0.157788279,19
610,56,1568.57142857143,"Danvers Street, West Chelsea",51.48256792,-0.172078187,21
611,34,1833.52941176471,"Princedale Road , Holland Park",51.50646524,-0.208486599,20
620,41,1380,"Surrey Lane, Battersea",51.47518024,-0.167160736,28
622,61,1386.88524590164,"Lansdowne Road, Ladbroke Grove",51.50748124,-0.205535908,29
629,33,2472.72727272727,"Morie Street, Wandsworth",51.45995384,-0.190184054,28
631,47,1018.72340425532,"Battersea Park Road, Nine Elms",51.4795017,-0.141770709,27
633,74,1284.32432432432,"Vereker Road, West Kensington",51.48959104,-0.209378594,32
640,32,1833.75,"Silverthorne Road, Battersea",51.47286577,-0.148059277,28
643,35,1690.28571428571,"All Saints' Road, Portobello",51.5190427,-0.204764421,22
644,90,1818.66666666667,"Rainville Road, Hammersmith",51.48373225,-0.223852256,36
647,38,1296.31578947368,"Richmond Way, Shepherd's Bush",51.50035306,-0.217515071,27
649,67,949.253731343284,"World's End Place, West Chelsea",51.48180515,-0.18027465,22
650,47,1032.76595744681,"St. Mark's Road, North Kensington",51.51687069,-0.213872396,21
651,45,814.666666666667,"Thorndike Close, West Chelsea",51.48089844,-0.183853573,25
652,19,1045.26315789474,"Evesham Street, Avondale",51.51148696,-0.218190203,29
657,30,1490,"Blythe Road West, Shepherd's Bush",51.4996806,-0.221791552,21
661,85,1172.47058823529,"All Saints Church, Portobello",51.51632095,-0.202608612,37
662,97,1157.31958762887,"Phene Street, Chelsea",51.48498496,-0.167919869,24
663,20,945,"Clarendon Road, Avondale",51.51323001,-0.211593602,24
665,62,1457.41935483871,"Smugglers Way, Wandsworth",51.46108367,-0.191722864,28
667,58,2823.10344827586,"Shepherd's Bush Road North, Shepherd's Bush",51.5015946,-0.222293381,34
669,17,1094.11764705882,"Teversham Lane, Stockwell",51.47614939,-0.1232585,39
673,58,1457.58620689655,"Hibbert Street, Battersea",51.46517078,-0.18038939,36
678,31,1509.67741935484,"Esmond Street, Putney",51.46231278,-0.211468596,30
698,54,2006.66666666667,"Shoreditch Court, Haggerston",51.53908372,-0.070329419,35
699,45,1590.66666666667,"Belford House, Haggerston",51.5366541,-0.07023031,39
700,41,1780.9756097561,"Battersea Church Road, Battersea",51.47696496,-0.174347066,25
704,9,1253.33333333333,"Mexfield Road, East Putney",51.45682071,-0.202802098,18
705,46,6675.65217391304,"Upper Richmond Road, Putney",51.45971528,-0.212145939,25
715,38,713.684210526316,"Aylward Street, Stepney",51.51563007,-0.049067243,22
717,144,3518.75,"Dunston Road , Haggerston",51.53658514,-0.075885686,43
724,31,2249.03225806452,"Alma Road, Wandsworth",51.45799126,-0.184806157,28
727,64,993.75,"Chesilton Road, Fulham",51.47569809,-0.20587627,23
735,48,790,"Grant Road East, Clapham Junction",51.46489445,-0.17302926,28
741,17,963.529411764706,"Freston Road, Avondale",51.5129814,-0.219486603,23
742,73,1374.24657534247,"Blenheim Crescent, Ladbroke Grove",51.51510818,-0.208565479,22
743,26,2439.23076923077,"Oxford Road, Putney",51.46079243,-0.212607684,29
746,52,1876.15384615385,"Lots Road, West Chelsea",51.4795738,-0.17903854,24
748,76,2077.89473684211,"Hertford Road, De Beauvoir Town",51.53727795,-0.079201849,25
754,20,924,"Grenfell Road, Avondale",51.5129006,-0.214762686,24
755,106,991.132075471698,"The Vale, Chelsea",51.48512191,-0.174971902,24
757,50,948,"Harcourt Terrace, West Brompton",51.48795853,-0.187404506,24
758,51,1035.29411764706,"Westbourne Park Road, Portobello",51.51787005,-0.201005397,23
759,15,760,"Broadley Terrace, Marylebone",51.52456169,-0.165668686,18
767,10,2274,"Santos Road, Wandsworth",51.45705988,-0.200806304,30
770,36,1083.33333333333,"Gwendwr Road, West Kensington",51.491026,-0.209121,30
780,101,1159.60396039604,"Imperial Wharf Station, Sands End",51.474665,-0.18316517,25
793,44,1273.63636363636,"Cromer Street, Bloomsbury",51.528279,-0.11955857,28
798,60,2612,"Birkenhead Street, King's Cross",51.5301998755,-0.122299440803,27
801,46,1663.04347826087,"Lavington Street, Bankside",51.5052241745,-0.0980318118664,29
802,54,1076.66666666667,"Albert Square, Stockwell",51.4765900593,-0.118256789081,32
805,21,2462.85714285714,"The Metropolitan, Portobello",51.520509,-0.20080483,18
808,32,3063.75,"Gauden Road, Clapham",51.464995,-0.13090885,28
817,44,1175.45454545455,"Riverlight South, Nine Elms",51.4813354746,-0.138212295869,26
830,34,1415.29411764706,"Sidney Road, Stockwell",51.469202,-0.11902256,27
836,51,1356.47058823529,"York Way, Kings Cross",51.541596,-0.12544145,24
