"id","trip","duration","name","lat","long","nbDocks"
6,14,1315.71428571429,"Broadcasting House, Marylebone",51.51811784,-0.144228881,18
9,31,2343.87096774194,"New Globe Walk, Bankside",51.5073853,-0.096440751,19
10,13,2713.84615384615,"Park Street, Bankside",51.50597426,-0.092754157,18
14,17,4694.11764705882,"Belgrove Street , King's Cross",51.52994371,-0.123616824,48
16,8,1012.5,"Cartwright Gardens , Bloomsbury",51.52635795,-0.125979294,22
22,27,860,"Northington Street , Holborn",51.5222641,-0.114079481,19
23,4,990,"Red Lion Square, Holborn",51.51943538,-0.119123345,16
28,30,1170,"Bolsover Street, Fitzrovia",51.52351808,-0.143613641,19
39,28,1675.71428571429,"Shoreditch High Street, Shoreditch",51.5263778,-0.078130921,41
49,1,1020,"Curzon Street, Mayfair",51.50706909,-0.145904427,16
52,23,853.04347826087,"Roscoe Street, St. Luke's",51.52295439,-0.094934859,18
54,15,1164,"Golden Lane, Barbican",51.52174785,-0.094475072,27
61,21,1511.42857142857,"Great Dover Street, The Borough",51.49738251,-0.089446947,32
68,15,1308,"Theobald's Road , Holborn",51.52059681,-0.116688468,26
70,5,900,"Calshot Street , King's Cross",51.53136059,-0.117069978,24
72,20,1116,"Farringdon Lane, Clerkenwell",51.52352001,-0.108340165,16
73,37,2917.2972972973,"Old Street Station, St. Luke's",51.52548,-0.089659871,29
77,24,2220,"Russell Square Station, Bloomsbury",51.52341837,-0.124121774,26
78,23,1398.26086956522,"Sadlers Sports Centre, Finsbury",51.52486887,-0.099489485,17
85,56,2317.5,"Tanner Street, Bermondsey",51.50064702,-0.078600401,41
86,14,7294.28571428571,"Sancroft Street, Vauxhall",51.48947903,-0.115156562,24
89,20,1575,"Tavistock Place, Bloomsbury",51.5262503,-0.123509611,19
91,25,1356,"Walnut Tree Walk, Vauxhall",51.49368637,-0.111014912,20
95,37,1435.13513513514,"Aldersgate Street, Barbican",51.5208417,-0.097340162,15
107,18,2126.66666666667,"Finsbury Leisure Centre, St. Luke's",51.52600832,-0.096317627,20
114,47,1548.51063829787,"Park Road (Baker Street), The Regent's Park",51.52451738,-0.158963647,22
117,36,3995,"Lollard Street, Vauxhall",51.49288067,-0.114934001,25
118,16,1260,"Rochester Row, Westminster",51.49582705,-0.13547809,13
119,27,1451.11111111111,"Bath Street, St. Luke's",51.52589324,-0.090847761,18
125,17,3052.94117647059,"Borough High Street, The Borough",51.50069491,-0.094524319,21
126,4,960,"Museum of London, Barbican",51.51782144,-0.096496865,52
132,39,2338.46153846154,"Bethnal Green Road, Shoreditch",51.52364804,-0.074754872,38
134,46,1372.17391304348,"Wapping High Street, Wapping",51.504904,-0.06797,20
151,23,2645.21739130435,"Chepstow Villas, Notting Hill",51.51213691,-0.201554966,26
152,23,1640.86956521739,"Hampton Street, Walworth",51.49217002,-0.101536865,21
161,21,1134.28571428571,"Guildhouse Street, Victoria",51.49234577,-0.141334487,16
170,8,1740,"Hardwick Street, Clerkenwell",51.52784273,-0.108068155,30
177,19,824.210526315789,"Ashley Place, Victoria",51.49616092,-0.140947636,25
178,31,2338.06451612903,"Warwick Square, Pimlico",51.48985626,-0.141923621,19
186,17,1062.35294117647,"South Wharf Road, Paddington",51.51733558,-0.175810943,16
193,13,1938.46153846154,"Bankside Mix, Bankside",51.50581776,-0.100186337,60
196,18,910,"Union Street, The Borough",51.50368837,-0.098497684,17
197,9,1253.33333333333,"Stamford Street, South Bank",51.50556905,-0.111606696,27
206,30,1390,"New Road 1 , Whitechapel",51.518154,-0.062697,36
207,2,1500,"Grosvenor Crescent, Belgravia",51.50135267,-0.153194766,18
214,10,1020,"Endsleigh Gardens, Euston",51.52683806,-0.130504336,32
218,23,1833.91304347826,"St. Luke's Church, Chelsea",51.48971651,-0.170194408,20
223,38,5687.36842105263,"Rodney Road , Walworth",51.49148474,-0.090220911,24
230,13,1541.53846153846,"Poured Lines, Bankside",51.50669284,-0.103137426,31
236,7,2365.71428571429,"Fashion Street, Whitechapel",51.51838043,-0.073438925,30
238,14,2408.57142857143,"Frampton Street, Paddington",51.5233534,-0.175116099,32
240,2,450,"Colombo Street, Southwark",51.50545935,-0.10569204,14
243,28,2072.14285714286,"Gloucester Street, Pimlico",51.49096258,-0.139625122,25
245,17,8509.41176470588,"Grosvenor Road, Pimlico",51.4853572,-0.142207481,29
247,29,1446.20689655172,"St. John's Wood Church, The Regent's Park",51.530529,-0.167515,50
249,4,1590,"Harper Road, The Borough",51.49859784,-0.096191134,42
250,14,1170,"Royal Avenue 1, Chelsea",51.489932,-0.162727,10
254,24,1370,"Chadwell Street, Angel",51.53051587,-0.106408455,18
257,10,1686,"Westminster University, Marylebone",51.52248185,-0.154907218,16
264,25,1447.2,"Tysoe Street, Clerkenwell",51.52644342,-0.109256828,20
268,18,2170,"Belgrave Road, Victoria",51.49320445,-0.144132875,29
275,10,3990,"Barbican Centre, Barbican",51.52004497,-0.092176447,19
280,30,1774,"Royal Avenue 2, Chelsea",51.490083,-0.162418,10
281,19,1995.78947368421,"Smith Square, Westminster",51.49580589,-0.127575233,18
282,41,935.121951219512,"Royal London Hospital, Whitechapel",51.518675,-0.06111,42
292,31,7041.29032258064,"Montpelier Street, Knightsbridge",51.49888404,-0.165471605,16
294,39,1796.92307692308,"St. George's Square, Pimlico",51.488226,-0.135635511,16
295,22,1540.90909090909,"Swan Street, The Borough",51.50029631,-0.092762704,27
306,8,1417.5,"Rathbone Street, Fitzrovia",51.51816295,-0.135025698,16
308,34,1994.11764705882,"Long Lane , Bermondsey",51.49907558,-0.085666316,20
310,15,1124,"Black Prince Road, Vauxhall",51.4908679,-0.116911864,19
311,21,1611.42857142857,"Foley Street, Fitzrovia",51.51918144,-0.140485596,24
314,17,11661.1764705882,"Tyers Gate, Bermondsey",51.50088934,-0.083159352,36
316,21,1240,"Warwick Row, Westminster",51.497998,-0.14296064,21
317,12,770,"Dickens Square, Borough",51.49679128,-0.093913472,32
322,13,1463.07692307692,"Palissy Street, Shoreditch",51.526293,-0.073955,26
326,45,2782.66666666667,"Graham Street, Angel",51.53266186,-0.099981142,26
345,42,1920,"Flood Street, Chelsea",51.48802358,-0.166878535,33
348,7,968.571428571429,"Grosvenor Square, Mayfair",51.51217033,-0.150481272,17
351,19,1092.63157894737,"Macclesfield Rd, St Lukes",51.529423,-0.097122,28
357,14,1534.28571428571,"Howland Street, Fitzrovia",51.520994,-0.139016,30
358,5,1116,"High Holborn , Covent Garden",51.516226,-0.124826,20
360,14,1847.14285714286,"Howick Place, Westminster",51.49675303,-0.138733562,27
364,10,1512,"Store Street, Bloomsbury",51.519572,-0.13214036,32
365,13,950.769230769231,"City Road, Angel",51.530344,-0.100168,47
366,9,2293.33333333333,"Millennium Hotel, Mayfair",51.5109192966489,-0.1511263847351,27
370,5,1800,"Paddington Green, Paddington",51.520205,-0.174593,20
380,4,1710,"Stanhope Gate, Mayfair",51.50686435,-0.150666888,21
382,8,2100,"Farm Street, Mayfair",51.50935171,-0.14744969,15
383,8,1635,"Frith Street, Soho",51.51310333,-0.13121385,18
386,22,2798.18181818182,"Moor Street, Soho",51.51352755,-0.130110822,16
390,10,624,"Buxton Street 1, Shoreditch",51.521776,-0.068856,41
401,32,1595.625,"Columbia Road, Shoreditch",51.528187,-0.075375,24
409,38,2065.26315789474,"Strata, Elephant & Castle",51.493146,-0.099828,41
419,68,1895.29411764706,"Chelsea Bridge, Pimlico",51.485821,-0.149004,15
420,10,3012,"Southwark Station 1, Southwark",51.504043,-0.105312,37
421,11,1194.54545454545,"Southwark Station 2, Southwark",51.504044,-0.104778,45
426,26,1922.30769230769,"Vincent Street, Pimlico",51.493072,-0.129925,17
431,6,2430,"Crinan Street, King's Cross",51.534474,-0.122203,20
433,11,1647.27272727273,"Wren Street, Holborn",51.524564,-0.116279,33
435,30,1524,"Kennington Station, Kennington",51.488852,-0.105593,23
439,6,1300,"Killick Street, King's Cross",51.5338,-0.118677,22
440,28,7307.14285714286,"Kennington Oval, Oval",51.483145,-0.113134,33
442,6,1590,"Walmer Road, Avondale",51.510101,-0.211358,24
446,19,2021.05263157895,"York Hall, Bethnal Green",51.528936,-0.055894,27
449,35,1488,"Shadwell Station, Shadwell",51.511088,-0.057159,35
451,26,1786.15384615385,"Hermitage Court, Wapping",51.504719,-0.063531,16
453,19,1405.26315789474,"Garnet Street, Shadwell",51.508447,-0.055167,24
454,41,2054.63414634146,"Napier Avenue, Millwall",51.487679,-0.021582,20
456,28,1388.57142857143,"Parkway, Camden Town",51.538071,-0.144664,33
457,53,2823.39622641509,"Castlehaven Road, Camden Town",51.542138,-0.145393,29
458,36,1528.33333333333,"Wapping Lane, Wapping",51.504749,-0.057544,28
461,24,1587.5,"Aston Street, Stepney",51.516,-0.038775,26
463,11,1401.81818181818,"Thurtle Road, Haggerston",51.534776,-0.071881,22
465,20,6066,"Pitfield Street North,Hoxton",51.53558,-0.08249,28
478,40,2836.5,"Stepney Green Station, Stepney",51.521889,-0.04667,21
481,91,2723.73626373626,"Saunders Ness Road, Cubitt Town",51.487129,-0.0090011,35
485,18,1123.33333333333,"Old Ford Road, Bethnal Green",51.531127,-0.048017,24
488,33,1361.81818181818,"Reardon Street, Wapping",51.506946,-0.058681,22
490,4,795,"Pennington Street, Wapping",51.508622,-0.065006,45
492,33,1176.36363636364,"Maplin Street, Mile End",51.525501,-0.032267204,39
495,50,1779.6,"Bow Church Station, Bow",51.528169,-0.018703,39
499,41,2162.92682926829,"Furze Green, Bow",51.519265,-0.021345,36
503,49,1260,"Cleveland Way, Stepney",51.520893,-0.051394,36
504,13,1486.15384615385,"St. John's Park, Cubitt Town",51.496454,-0.009506,30
506,18,893.333333333333,"Bell Lane, Liverpool Street",51.517475,-0.075855,23
507,8,1245,"Clarkson Street, Bethnal Green",51.528692,-0.059091,31
509,1,3600,"Fore Street, Guildhall",51.517842,-0.090075,19
510,49,1466.9387755102,"Westferry DLR, Limehouse",51.509303,-0.025996,41
524,27,1388.88888888889,"Lancaster Gate , Bayswater",51.511654,-0.179668,38
528,2,4410,"Clarges Street, Mayfair",51.507326,-0.145827,16
530,14,2151.42857142857,"Newby Place, Poplar",51.508896,-0.012413,18
533,15,2964,"Wellington Row, Bethnal Green",51.528222,-0.069743,33
538,20,3123,"Naval Row, Blackwall",51.508981,-0.00699,21
542,31,1923.87096774194,"Salmon Lane, Limehouse",51.514115,-0.033828,33
543,5,648,"Lansdowne Walk, Ladbroke Grove",51.509591,-0.204666,21
545,11,2994.54545454545,"Arlington Road, Camden Town",51.539957,-0.145246,24
552,15,976,"Watney Street, Shadwell",51.511542,-0.056667,27
554,8,2677.5,"Aberfeldy Street, Poplar",51.513548,-0.005659,16
558,25,1226.4,"Page Street, Westminster",51.493978,-0.127554,24
560,5,1212,"Ladbroke Grove Central, Ladbroke Grove",51.511624,-0.205921,21
561,8,990,"Rectory Square, Stepney",51.518369,-0.043371,22
562,4,1125,"Bury Place, Holborn",51.51746,-0.12335,21
569,18,966.666666666667,"Pitfield Street Central, Hoxton",51.53213,-0.08299,30
574,36,1175,"Eagle Wharf Road, Hoxton",51.53356,-0.09315,45
577,25,2496,"Globe Town Market, Bethnal Green",51.528869,-0.047548,20
596,28,1360.71428571429,"Parson's Green , Parson's Green",51.472817,-0.199783,21
602,24,2450,"Union Grove, Wandsworth Road",51.472993,-0.133972,45
604,11,883.636363636364,"St Martins Close, Camden Town",51.538792,-0.138535,18
606,11,2394.54545454545,"Addison Road, Holland Park",51.504199,-0.210941,26
619,29,1307.58620689655,"Irene Road, Parsons Green",51.4737636,-0.197010096,43
621,30,2082,"Wandsworth Town Station, Wandsworth",51.46086446,-0.187427294,33
623,14,1564.28571428571,"Nantes Close, Wandsworth",51.46193072,-0.180791784,22
638,28,1277.14285714286,"Falcon Road, Clapham Junction",51.46663393,-0.169821175,28
645,10,2358,"Great Suffolk Street, The Borough",51.50173215,-0.100292412,21
646,24,1360,"Buckingham Gate, Westminster",51.49886563,-0.137424571,16
654,26,1520.76923076923,"Ashmole Estate, Oval",51.48267821,-0.117661574,34
660,20,10338,"West Kensington Station, West Kensington",51.49087074,-0.206029743,22
664,21,1791.42857142857,"Austin Road, Battersea Park",51.474376,-0.155442787,24
670,40,1885.5,"Ashley Crescent, Battersea",51.46718562,-0.152248582,28
671,19,2223.15789473684,"Parsons Green Station, Parsons Green",51.475089,-0.201968,56
674,20,1182,"Carnegie Street, King's Cross",51.53546778,-0.11619105,39
675,21,1965.71428571429,"Usk Road, Clapham Junction",51.46348914,-0.182126248,30
682,52,1801.15384615385,"Crisp Road, Hammersmith",51.48810829,-0.22660621,46
685,22,1584.54545454545,"Osiers Road, Wandsworth",51.46067005,-0.198735357,30
688,12,1085,"Northfields, Wandsworth",51.46095151,-0.20066766,28
689,13,6253.84615384615,"Spanish Road, Clapham Junction",51.45922541,-0.180884959,30
693,27,2180,"Felsham Road, Putney",51.464786,-0.215618902,18
695,85,3984,"Islington Green, Angel",51.53638435,-0.102757578,21
701,48,2070,"Vicarage Crescent, Battersea",51.47287627,-0.176267008,30
702,16,1740,"Durant Street, Bethnal Green",51.52868155,-0.065550321,24
706,18,2026.66666666667,"Snowsfields, London Bridge",51.50215353,-0.083632928,31
713,7,1208.57142857143,"Hawley Crescent, Camden Town",51.54100708,-0.14326094,22
714,11,2710.90909090909,"Stewart's Road, Wandsworth Road",51.47311696,-0.137235175,28
716,19,3101.05263157895,"Stainsby Road , Poplar",51.51542791,-0.02356501,24
718,17,960,"Ada Street, Hackney Central",51.53571683,-0.060291813,45
719,46,5629.5652173913,"Victoria Park Road, Hackney Central",51.53642464,-0.054162264,34
721,21,1497.14285714286,"Wendon Street, Old Ford",51.53603947,-0.026262677,18
726,23,1126.95652173913,"Alfreda Street, Battersea Park",51.47505096,-0.150908371,22
738,9,833.333333333333,"Imperial Road, Sands End",51.47514228,-0.187278987,37
740,9,9313.33333333333,"Sirdar Road, Avondale",51.51092871,-0.214594781,26
745,5,2136,"Upcerne Road, West Chelsea",51.47816972,-0.18243547,29
749,42,3571.42857142857,"Haggerston Road, Haggerston",51.53932857,-0.074284675,37
766,26,2270.76923076923,"Ram Street, Wandsworth",51.45752945,-0.192165613,25
771,18,3300,"Rifle Place, Avondale",51.509224,-0.216016,21
784,51,5557.64705882353,"East Village, Queen Elizabeth Olympic Park",51.546326,-0.00993526,34
792,11,2520,"Blackfriars Road, Southwark",51.505461,-0.10454093,42
803,29,790.344827586207,"Southwark Street, Bankside",51.5054099403,-0.0983410884509,23
810,8,1312.5,"Tate Modern, Bankside",51.5067252868,-0.0988072461627,30
811,49,1744.89795918367,"Westferry Circus, Canary Wharf",51.5057030357,-0.0277727426235,36
814,25,2056.8,"Clapham Road, Lingham Street, Stockwell",51.4714330677,-0.123670735702,30
820,16,2463.75,"Victory Place, Walworth",51.492807,-0.091938,24
821,34,1378.23529411765,"Battersea Power Station, Battersea Park",51.4835074867,-0.147714557371,27
826,13,895.384615384615,"Allington Street, Victoria",51.496863,-0.1429434,28
827,45,3526.66666666667,"Cranmer Road, Stockwell",51.479601,-0.11147178,24
828,33,2456.36363636364,"Normandy Road, Stockwell",51.473874,-0.11258096,32
838,6,950,"Fore Street Avenue, Guildhall",51.518093,-0.0914017,25
