"id","trip","duration","name","lat","long","nbDocks"
12,46,1140,"Malet Street, Bloomsbury",51.52168078,-0.130431727,49
15,36,1100,"Great Russell Street, Bloomsbury",51.51772703,-0.127854211,26
19,34,1874.11764705882,"Taviton Street, Bloomsbury",51.52505093,-0.131161087,30
24,72,1805.83333333333,"British Museum, Bloomsbury",51.51908011,-0.124678402,35
31,88,1326.81818181818,"Fanshaw Street, Hoxton",51.52953709,-0.083353323,36
34,48,2825,"Pancras Road, King's Cross",51.5341235,-0.129386874,16
51,45,1334.66666666667,"Finsbury Library , Finsbury",51.52671796,-0.104298194,29
69,38,1027.89473684211,"Euston Road, Euston",51.5262363,-0.134407652,24
79,57,3060,"Arundel Street, Temple",51.511726,-0.11385596,18
92,64,1258.125,"Borough Road, Elephant & Castle",51.49889832,-0.100440521,41
94,173,2005.31791907514,"Bricklayers Arms, Borough",51.49506109,-0.085814489,28
96,78,1315.38461538462,"Falkirk Street, Hoxton",51.53095071,-0.078505384,26
123,62,1223.22580645161,"St. John Street, Finsbury",51.52836014,-0.104724625,18
146,76,1449.47368421053,"Vauxhall Bridge , Pimlico",51.48836528,-0.129361842,35
154,65,829.846153846154,"Waterloo Station 3, Waterloo",51.50379168,-0.11282408,35
156,59,1720.67796610169,"New Kent Road, The Borough",51.49443626,-0.092921165,33
185,127,1216.06299212598,"Alderney Street, Pimlico",51.48805753,-0.140741432,14
194,228,1199.73684210526,"Hop Exchange, The Borough",51.50462759,-0.091773776,56
231,60,5089,"Queen's Gate (Central), South Kensington",51.49396755,-0.17873226,31
232,11,1080,"Carey Street, Holborn",51.51501025,-0.112753217,16
239,101,1420.9900990099,"Warren Street Station, Euston",51.52443845,-0.138019439,26
246,77,1220.25974025974,"Berry Street, Clerkenwell",51.52285301,-0.099994052,41
256,25,1224,"Houghton Street, Strand",51.51362054,-0.116764211,15
262,48,1491.25,"LSBU (Borough Road), Elephant & Castle",51.49874469,-0.103132904,35
269,90,1562,"Empire Square, The Borough",51.50082346,-0.089740764,46
272,122,2018.3606557377,"Baylis Road, Waterloo",51.50144456,-0.110699309,22
283,17,1704.70588235294,"Kingsway, Covent Garden",51.51440928,-0.118478757,16
284,88,1548.40909090909,"Lambeth North Station, Waterloo",51.49914063,-0.112031483,20
287,18,2500,"Bedford Way, Bloomsbury",51.52367314,-0.128377673,23
324,85,1297.41176470588,"Ontario Street, Elephant & Castle",51.49652013,-0.101384068,15
339,31,1898.70967741935,"Risinghill Street, Angel",51.5333196,-0.1117812,25
344,48,1371.25,"Goswell Road (City Uni), Finsbury",51.528246,-0.10102611,17
347,78,1285.38461538462,"Lower Marsh, Waterloo",51.50013942,-0.113936001,17
352,81,773.333333333333,"Vauxhall Street, Vauxhall",51.486965,-0.116625,19
353,42,3702.85714285714,"Greycoat Street , Westminster",51.49459148,-0.134234258,17
356,140,1090.71428571429,"South Kensington Station, South Kensington",51.494412,-0.173881,15
359,26,1490.76923076923,"Butler Place, Westminster",51.49782999,-0.135440826,18
361,20,765,"Waterloo Station 2, Waterloo",51.50391973,-0.11342629,55
362,58,1205.1724137931,"Royal College Street, Camden Town",51.536264,-0.133952,57
372,10,960,"Sardinia Street, Holborn",51.515208,-0.117863,24
373,12,1765,"Prince Consort Road, Knightsbridge",51.49980661,-0.176415994,18
374,103,1534.36893203884,"Waterloo Station 1, Waterloo",51.50402794,-0.11386436,36
378,27,1173.33333333333,"Natural History Museum, South Kensington",51.49559291,-0.179077626,40
387,103,1427.18446601942,"Fire Brigade Pier, Vauxhall",51.49369988,-0.121394101,30
392,62,1241.61290322581,"Imperial College, Knightsbridge",51.49942855,-0.179702476,21
428,84,1847.85714285714,"Exhibition Road, Knightsbridge",51.499917,-0.174554,20
432,37,1245.40540540541,"Exhibition Road Museums 1, South Kensington",51.496468,-0.17379696,13
443,107,1074.39252336449,"Philpot Street, Whitechapel",51.515256,-0.058641,30
464,25,2572.8,"St. Mary & St. Michael Church, Stepney",51.51417,-0.052099,25
472,14,1187.14285714286,"Malmesbury Road, Bow",51.529452,-0.027616,21
483,90,1435.33333333333,"Albert Gardens, Stepney",51.51328,-0.047784,33
486,93,1754.1935483871,"Granby Street, Shoreditch",51.525645,-0.069543,37
491,82,1366.82926829268,"Queen Mary's, Mile End",51.522507,-0.041378,45
497,66,1615.45454545455,"Merchant Street, Bow",51.526578,-0.027581,27
498,96,3234.375,"Bow Road Station, Bow",51.527058,-0.025296,41
505,49,1583.26530612245,"Ackroyd Drive, Bow",51.520398,-0.026768,29
520,68,3918.52941176471,"Bancroft Road, Bethnal Green",51.526041,-0.047218,21
523,62,2092.25806451613,"Langdon Park, Poplar",51.51549,-0.013475,24
544,64,1062.1875,"Percival Street, Finsbury",51.526153,-0.102208,22
549,60,1339,"Gaywood  Street, Elephant & Castle",51.49605,-0.104193,45
550,45,1649.33333333333,"Harford Street, Mile End",51.521564,-0.039264,23
565,35,1280.57142857143,"Selby Street, Whitechapel",51.521905,-0.063386,17
588,39,1286.15384615385,"Hoxton Street, Hoxton",51.52959,-0.0801,27
594,23,1763.47826086957,"Kingsway Southbound, Strand",51.513875,-0.117774,33
595,86,1598.37209302326,"Hammersmith Road, Hammersmith",51.493267,-0.21985,22
597,80,1948.5,"Fulham Park Road, Fulham",51.473471,-0.20782,27
598,115,2221.5652173913,"Southerton Road, Hammersmith",51.494499,-0.228188,38
601,92,2352.39130434783,"BBC White City, White City",51.514767,-0.225787,36
608,10,2448,"Colet Gardens, Hammersmith",51.491093,-0.216493,30
615,107,2048.41121495327,"Finlay Street, Fulham",51.4768851,-0.215895601,24
616,83,1361.20481927711,"Aintree Street, Fulham",51.48102131,-0.209973497,24
617,38,1269.47368421053,"Elysium Place, Fulham",51.47107905,-0.207842908,21
627,40,2089.5,"Holden Street, Battersea",51.4687905,-0.158230901,20
630,70,2267.14285714286,"Clarence Walk, Stockwell",51.47073264,-0.126994068,28
634,59,3487.1186440678,"Brook Green South, Brook Green",51.49434708,-0.215804559,33
637,53,1840.75471698113,"Spencer Park, Wandsworth Common",51.45787019,-0.174691623,25
639,98,1228.77551020408,"Coomer Place, West Kensington",51.48357068,-0.202038682,27
676,120,1680.5,"Hartington Road, Stockwell",51.47787084,-0.126874471,35
679,50,1186.8,"Orbel Street, Battersea",51.47453545,-0.170210533,26
680,114,2062.63157894737,"Westbridge Road, Battersea",51.47768469,-0.170329317,28
690,52,1363.84615384615,"Stanley Grove, Battersea",51.47047503,-0.152130083,24
696,65,1560.92307692308,"Charing Cross Hospital, Hammersmith",51.48728535,-0.217995921,21
707,76,1367.36842105263,"Barons Court Station, West Kensington",51.49021762,-0.215087092,32
720,77,1589.61038961039,"Star Road, West Kensington",51.48724429,-0.205279052,23
729,117,2139.48717948718,"St. Peter's Terrace, Fulham",51.47893931,-0.208485293,24
734,59,2401.01694915254,"Plough Terrace, Clapham Junction",51.46230566,-0.175407201,31
737,198,1638.18181818182,"Fulham Broadway, Walham Green",51.47993289,-0.19411695,26
744,55,1272,"Ingrave Street, Clapham Junction",51.46745485,-0.172293499,30
750,32,1936.875,"Culvert Road, Battersea",51.4710956,-0.157850096,27
751,24,1027.5,"Newton Street, Covent Garden",51.51612862,-0.120909408,24
761,61,1204.91803278689,"Humbolt Road, Fulham",51.48321729,-0.211860644,26
772,182,1391.86813186813,"Binfield Road, Stockwell",51.47250956,-0.122831913,35
777,46,2167.82608695652,"Limburg Road, Clapham Junction",51.4619230679,-0.165297856693,20
781,23,1625.21739130435,"Victoria & Albert Museum, South Kensington",51.495898,-0.173009,30
782,97,1864.32989690722,"Halford Road, West Kensington",51.483911,-0.19760944,24
795,22,1295.45454545455,"Euston Square Gardens, Euston",51.527068,-0.13186102,30
796,54,910,"Coram Street, Bloomsbury",51.524,-0.12640984,29
797,21,800,"Ossulston Street, Somers Town",51.5293,-0.12827903,30
807,170,3231.88235294118,"Bevington Road West, North Kensington",51.5212,-0.208888173,24
809,27,1364.44444444444,"Lincoln's Inn Fields, Holborn",51.5162778834,-0.118272991635,28
