"id","trip","duration","name","lat","long","nbDocks"
12,62,704.516129032258,"Malet Street, Bloomsbury",51.52168078,-0.130431727,49
15,57,2092.63157894737,"Great Russell Street, Bloomsbury",51.51772703,-0.127854211,26
19,35,831.428571428571,"Taviton Street, Bloomsbury",51.52505093,-0.131161087,30
24,65,1040.30769230769,"British Museum, Bloomsbury",51.51908011,-0.124678402,35
31,69,1172.17391304348,"Fanshaw Street, Hoxton",51.52953709,-0.083353323,36
34,35,2081.14285714286,"Pancras Road, King's Cross",51.5341235,-0.129386874,16
51,22,880.909090909091,"Finsbury Library , Finsbury",51.52671796,-0.104298194,29
69,30,2286,"Euston Road, Euston",51.5262363,-0.134407652,24
79,32,1621.875,"Arundel Street, Temple",51.511726,-0.11385596,18
92,35,1244.57142857143,"Borough Road, Elephant & Castle",51.49889832,-0.100440521,41
94,89,1297.75280898876,"Bricklayers Arms, Borough",51.49506109,-0.085814489,28
96,64,1317.1875,"Falkirk Street, Hoxton",51.53095071,-0.078505384,26
123,27,1071.11111111111,"St. John Street, Finsbury",51.52836014,-0.104724625,18
146,49,1175.51020408163,"Vauxhall Bridge , Pimlico",51.48836528,-0.129361842,35
154,38,824.210526315789,"Waterloo Station 3, Waterloo",51.50379168,-0.11282408,35
156,60,1721,"New Kent Road, The Borough",51.49443626,-0.092921165,33
185,61,927.540983606557,"Alderney Street, Pimlico",51.48805753,-0.140741432,14
194,309,1271.65048543689,"Hop Exchange, The Borough",51.50462759,-0.091773776,56
231,31,1176.77419354839,"Queen's Gate (Central), South Kensington",51.49396755,-0.17873226,31
232,6,820,"Carey Street, Holborn",51.51501025,-0.112753217,16
239,60,1476,"Warren Street Station, Euston",51.52443845,-0.138019439,26
246,75,1565.6,"Berry Street, Clerkenwell",51.52285301,-0.099994052,41
256,2,1320,"Houghton Street, Strand",51.51362054,-0.116764211,15
262,27,846.666666666667,"LSBU (Borough Road), Elephant & Castle",51.49874469,-0.103132904,35
269,46,5496.52173913043,"Empire Square, The Borough",51.50082346,-0.089740764,46
272,110,1248.54545454545,"Baylis Road, Waterloo",51.50144456,-0.110699309,22
283,15,784,"Kingsway, Covent Garden",51.51440928,-0.118478757,16
284,61,1533.44262295082,"Lambeth North Station, Waterloo",51.49914063,-0.112031483,20
287,17,1069.41176470588,"Bedford Way, Bloomsbury",51.52367314,-0.128377673,23
324,52,955.384615384615,"Ontario Street, Elephant & Castle",51.49652013,-0.101384068,15
339,17,1080,"Risinghill Street, Angel",51.5333196,-0.1117812,25
344,20,951,"Goswell Road (City Uni), Finsbury",51.528246,-0.10102611,17
347,55,1400.72727272727,"Lower Marsh, Waterloo",51.50013942,-0.113936001,17
352,31,1552.25806451613,"Vauxhall Street, Vauxhall",51.486965,-0.116625,19
353,11,480,"Greycoat Street , Westminster",51.49459148,-0.134234258,17
356,139,1402.44604316547,"South Kensington Station, South Kensington",51.494412,-0.173881,15
359,34,1293.52941176471,"Butler Place, Westminster",51.49782999,-0.135440826,18
361,61,2004.59016393443,"Waterloo Station 2, Waterloo",51.50391973,-0.11342629,55
362,35,884.571428571429,"Royal College Street, Camden Town",51.536264,-0.133952,57
372,19,922.105263157895,"Sardinia Street, Holborn",51.515208,-0.117863,24
373,32,1003.125,"Prince Consort Road, Knightsbridge",51.49980661,-0.176415994,18
374,104,2029.61538461538,"Waterloo Station 1, Waterloo",51.50402794,-0.11386436,36
378,55,1136.72727272727,"Natural History Museum, South Kensington",51.49559291,-0.179077626,40
387,65,1462.15384615385,"Fire Brigade Pier, Vauxhall",51.49369988,-0.121394101,30
392,60,842,"Imperial College, Knightsbridge",51.49942855,-0.179702476,21
428,181,1898.45303867403,"Exhibition Road, Knightsbridge",51.499917,-0.174554,20
432,120,1804,"Exhibition Road Museums 1, South Kensington",51.496468,-0.17379696,13
443,50,846,"Philpot Street, Whitechapel",51.515256,-0.058641,30
464,12,965,"St. Mary & St. Michael Church, Stepney",51.51417,-0.052099,25
472,8,1530,"Malmesbury Road, Bow",51.529452,-0.027616,21
483,67,892.835820895522,"Albert Gardens, Stepney",51.51328,-0.047784,33
486,99,1039.39393939394,"Granby Street, Shoreditch",51.525645,-0.069543,37
491,37,619.459459459459,"Queen Mary's, Mile End",51.522507,-0.041378,45
497,25,1005.6,"Merchant Street, Bow",51.526578,-0.027581,27
498,43,1301.86046511628,"Bow Road Station, Bow",51.527058,-0.025296,41
505,43,1209.76744186047,"Ackroyd Drive, Bow",51.520398,-0.026768,29
520,36,1056.66666666667,"Bancroft Road, Bethnal Green",51.526041,-0.047218,21
523,26,1668.46153846154,"Langdon Park, Poplar",51.51549,-0.013475,24
544,42,854.285714285714,"Percival Street, Finsbury",51.526153,-0.102208,22
549,52,1370.76923076923,"Gaywood  Street, Elephant & Castle",51.49605,-0.104193,45
550,29,794.48275862069,"Harford Street, Mile End",51.521564,-0.039264,23
565,30,784,"Selby Street, Whitechapel",51.521905,-0.063386,17
588,23,1205.21739130435,"Hoxton Street, Hoxton",51.52959,-0.0801,27
594,40,1570.5,"Kingsway Southbound, Strand",51.513875,-0.117774,33
595,85,3213.88235294118,"Hammersmith Road, Hammersmith",51.493267,-0.21985,22
597,52,1083.46153846154,"Fulham Park Road, Fulham",51.473471,-0.20782,27
598,70,4167.42857142857,"Southerton Road, Hammersmith",51.494499,-0.228188,38
601,55,2575.63636363636,"BBC White City, White City",51.514767,-0.225787,36
608,6,560,"Colet Gardens, Hammersmith",51.491093,-0.216493,30
615,91,2277.36263736264,"Finlay Street, Fulham",51.4768851,-0.215895601,24
616,65,722.769230769231,"Aintree Street, Fulham",51.48102131,-0.209973497,24
617,18,1280,"Elysium Place, Fulham",51.47107905,-0.207842908,21
627,13,1301.53846153846,"Holden Street, Battersea",51.4687905,-0.158230901,20
630,45,1326.66666666667,"Clarence Walk, Stockwell",51.47073264,-0.126994068,28
634,27,1182.22222222222,"Brook Green South, Brook Green",51.49434708,-0.215804559,33
637,17,2212.94117647059,"Spencer Park, Wandsworth Common",51.45787019,-0.174691623,25
639,77,1282.5974025974,"Coomer Place, West Kensington",51.48357068,-0.202038682,27
676,60,1236,"Hartington Road, Stockwell",51.47787084,-0.126874471,35
679,24,1060,"Orbel Street, Battersea",51.47453545,-0.170210533,26
680,90,1595.33333333333,"Westbridge Road, Battersea",51.47768469,-0.170329317,28
690,28,1146.42857142857,"Stanley Grove, Battersea",51.47047503,-0.152130083,24
696,27,791.111111111111,"Charing Cross Hospital, Hammersmith",51.48728535,-0.217995921,21
707,72,766.666666666667,"Barons Court Station, West Kensington",51.49021762,-0.215087092,32
720,48,1005,"Star Road, West Kensington",51.48724429,-0.205279052,23
729,64,1725,"St. Peter's Terrace, Fulham",51.47893931,-0.208485293,24
734,37,1425.40540540541,"Plough Terrace, Clapham Junction",51.46230566,-0.175407201,31
737,141,1089.78723404255,"Fulham Broadway, Walham Green",51.47993289,-0.19411695,26
744,11,801.818181818182,"Ingrave Street, Clapham Junction",51.46745485,-0.172293499,30
750,11,1358.18181818182,"Culvert Road, Battersea",51.4710956,-0.157850096,27
751,16,945,"Newton Street, Covent Garden",51.51612862,-0.120909408,24
761,53,1955.09433962264,"Humbolt Road, Fulham",51.48321729,-0.211860644,26
772,83,988.192771084337,"Binfield Road, Stockwell",51.47250956,-0.122831913,35
777,15,1316,"Limburg Road, Clapham Junction",51.4619230679,-0.165297856693,20
781,63,1652.38095238095,"Victoria & Albert Museum, South Kensington",51.495898,-0.173009,30
782,68,1457.64705882353,"Halford Road, West Kensington",51.483911,-0.19760944,24
795,26,2538.46153846154,"Euston Square Gardens, Euston",51.527068,-0.13186102,30
796,30,1172,"Coram Street, Bloomsbury",51.524,-0.12640984,29
797,25,1701.6,"Ossulston Street, Somers Town",51.5293,-0.12827903,30
807,86,2000.93023255814,"Bevington Road West, North Kensington",51.5212,-0.208888173,24
809,21,1997.14285714286,"Lincoln's Inn Fields, Holborn",51.5162778834,-0.118272991635,28
