"id","trip","duration","name","lat","long","nbDocks"
12,44,1041.81818181818,"Malet Street, Bloomsbury",51.52168078,-0.130431727,49
15,55,1699.63636363636,"Great Russell Street, Bloomsbury",51.51772703,-0.127854211,26
19,12,865,"Taviton Street, Bloomsbury",51.52505093,-0.131161087,30
24,85,1081.41176470588,"British Museum, Bloomsbury",51.51908011,-0.124678402,35
31,56,1095,"Fanshaw Street, Hoxton",51.52953709,-0.083353323,36
34,47,1740,"Pancras Road, King's Cross",51.5341235,-0.129386874,16
51,22,1633.63636363636,"Finsbury Library , Finsbury",51.52671796,-0.104298194,29
69,27,3246.66666666667,"Euston Road, Euston",51.5262363,-0.134407652,24
79,18,1056.66666666667,"Arundel Street, Temple",51.511726,-0.11385596,18
92,49,1640.81632653061,"Borough Road, Elephant & Castle",51.49889832,-0.100440521,41
94,126,1439.04761904762,"Bricklayers Arms, Borough",51.49506109,-0.085814489,28
96,47,1142.55319148936,"Falkirk Street, Hoxton",51.53095071,-0.078505384,26
123,23,1346.08695652174,"St. John Street, Finsbury",51.52836014,-0.104724625,18
146,64,1208.4375,"Vauxhall Bridge , Pimlico",51.48836528,-0.129361842,35
154,85,3134.11764705882,"Waterloo Station 3, Waterloo",51.50379168,-0.11282408,35
156,52,4862.30769230769,"New Kent Road, The Borough",51.49443626,-0.092921165,33
185,102,1152.35294117647,"Alderney Street, Pimlico",51.48805753,-0.140741432,14
194,430,1609.53488372093,"Hop Exchange, The Borough",51.50462759,-0.091773776,56
232,5,1332,"Carey Street, Holborn",51.51501025,-0.112753217,16
239,119,856.638655462185,"Warren Street Station, Euston",51.52443845,-0.138019439,26
246,50,934.8,"Berry Street, Clerkenwell",51.52285301,-0.099994052,41
256,14,1662.85714285714,"Houghton Street, Strand",51.51362054,-0.116764211,15
262,43,1547.44186046512,"LSBU (Borough Road), Elephant & Castle",51.49874469,-0.103132904,35
269,69,1162.60869565217,"Empire Square, The Borough",51.50082346,-0.089740764,46
272,116,1214.48275862069,"Baylis Road, Waterloo",51.50144456,-0.110699309,22
283,24,1377.5,"Kingsway, Covent Garden",51.51440928,-0.118478757,16
284,61,1300.32786885246,"Lambeth North Station, Waterloo",51.49914063,-0.112031483,20
287,18,1026.66666666667,"Bedford Way, Bloomsbury",51.52367314,-0.128377673,23
324,67,1251.0447761194,"Ontario Street, Elephant & Castle",51.49652013,-0.101384068,15
339,24,970,"Risinghill Street, Angel",51.5333196,-0.1117812,25
344,25,811.2,"Goswell Road (City Uni), Finsbury",51.528246,-0.10102611,17
347,62,1473.87096774194,"Lower Marsh, Waterloo",51.50013942,-0.113936001,17
352,62,1319.03225806452,"Vauxhall Street, Vauxhall",51.486965,-0.116625,19
353,18,1353.33333333333,"Greycoat Street , Westminster",51.49459148,-0.134234258,17
356,124,1217.41935483871,"South Kensington Station, South Kensington",51.494412,-0.173881,15
359,27,1055.55555555556,"Butler Place, Westminster",51.49782999,-0.135440826,18
361,80,2895,"Waterloo Station 2, Waterloo",51.50391973,-0.11342629,55
362,42,1075.71428571429,"Royal College Street, Camden Town",51.536264,-0.133952,57
372,25,1987.2,"Sardinia Street, Holborn",51.515208,-0.117863,24
373,18,910,"Prince Consort Road, Knightsbridge",51.49980661,-0.176415994,18
374,103,3010.4854368932,"Waterloo Station 1, Waterloo",51.50402794,-0.11386436,36
378,57,1312.63157894737,"Natural History Museum, South Kensington",51.49559291,-0.179077626,40
387,82,1314.87804878049,"Fire Brigade Pier, Vauxhall",51.49369988,-0.121394101,30
392,34,1034.11764705882,"Imperial College, Knightsbridge",51.49942855,-0.179702476,21
428,113,1343.36283185841,"Exhibition Road, Knightsbridge",51.499917,-0.174554,20
432,90,1505.33333333333,"Exhibition Road Museums 1, South Kensington",51.496468,-0.17379696,13
443,45,933.333333333333,"Philpot Street, Whitechapel",51.515256,-0.058641,30
464,11,878.181818181818,"St. Mary & St. Michael Church, Stepney",51.51417,-0.052099,25
472,7,771.428571428571,"Malmesbury Road, Bow",51.529452,-0.027616,21
482,37,1015.13513513514,"Exhibition Road Museums 2, South Kensington",51.495947,-0.17368958,14
483,61,1017.04918032787,"Albert Gardens, Stepney",51.51328,-0.047784,33
486,127,993.070866141732,"Granby Street, Shoreditch",51.525645,-0.069543,37
491,49,1252.65306122449,"Queen Mary's, Mile End",51.522507,-0.041378,45
497,29,813.103448275862,"Merchant Street, Bow",51.526578,-0.027581,27
498,63,2902.85714285714,"Bow Road Station, Bow",51.527058,-0.025296,41
505,46,920.869565217391,"Ackroyd Drive, Bow",51.520398,-0.026768,29
520,28,722.142857142857,"Bancroft Road, Bethnal Green",51.526041,-0.047218,21
523,31,1660.64516129032,"Langdon Park, Poplar",51.51549,-0.013475,24
539,34,1441.76470588235,"Hoxton Station, Hoxton",51.531091,-0.075901,22
544,18,1203.33333333333,"Percival Street, Finsbury",51.526153,-0.102208,22
549,57,5570.52631578947,"Gaywood  Street, Elephant & Castle",51.49605,-0.104193,45
550,33,1052.72727272727,"Harford Street, Mile End",51.521564,-0.039264,23
565,34,723.529411764706,"Selby Street, Whitechapel",51.521905,-0.063386,17
588,34,1053.52941176471,"Hoxton Street, Hoxton",51.52959,-0.0801,27
594,25,1226.4,"Kingsway Southbound, Strand",51.513875,-0.117774,33
595,63,1004.7619047619,"Hammersmith Road, Hammersmith",51.493267,-0.21985,22
597,44,1204.09090909091,"Fulham Park Road, Fulham",51.473471,-0.20782,27
598,54,2295.55555555556,"Southerton Road, Hammersmith",51.494499,-0.228188,38
601,50,2120.4,"BBC White City, White City",51.514767,-0.225787,36
608,3,3380,"Colet Gardens, Hammersmith",51.491093,-0.216493,30
615,52,2606.53846153846,"Finlay Street, Fulham",51.4768851,-0.215895601,24
616,41,1195.60975609756,"Aintree Street, Fulham",51.48102131,-0.209973497,24
617,30,1262,"Elysium Place, Fulham",51.47107905,-0.207842908,21
627,15,1140,"Holden Street, Battersea",51.4687905,-0.158230901,20
630,48,1582.5,"Clarence Walk, Stockwell",51.47073264,-0.126994068,28
634,34,2320.58823529412,"Brook Green South, Brook Green",51.49434708,-0.215804559,33
637,21,3080,"Spencer Park, Wandsworth Common",51.45787019,-0.174691623,25
639,77,1155.58441558442,"Coomer Place, West Kensington",51.48357068,-0.202038682,27
676,71,964.225352112676,"Hartington Road, Stockwell",51.47787084,-0.126874471,35
679,37,924.324324324324,"Orbel Street, Battersea",51.47453545,-0.170210533,26
680,66,1202.72727272727,"Westbridge Road, Battersea",51.47768469,-0.170329317,28
690,29,821.379310344828,"Stanley Grove, Battersea",51.47047503,-0.152130083,24
696,25,900,"Charing Cross Hospital, Hammersmith",51.48728535,-0.217995921,21
707,44,882.272727272727,"Barons Court Station, West Kensington",51.49021762,-0.215087092,32
720,40,1210.5,"Star Road, West Kensington",51.48724429,-0.205279052,23
729,48,1202.5,"St. Peter's Terrace, Fulham",51.47893931,-0.208485293,24
734,19,1013.68421052632,"Plough Terrace, Clapham Junction",51.46230566,-0.175407201,31
737,124,919.354838709677,"Fulham Broadway, Walham Green",51.47993289,-0.19411695,26
744,21,2411.42857142857,"Ingrave Street, Clapham Junction",51.46745485,-0.172293499,30
750,38,1951.57894736842,"Culvert Road, Battersea",51.4710956,-0.157850096,27
751,35,1541.14285714286,"Newton Street, Covent Garden",51.51612862,-0.120909408,24
761,34,1429.41176470588,"Humbolt Road, Fulham",51.48321729,-0.211860644,26
772,87,1185.51724137931,"Binfield Road, Stockwell",51.47250956,-0.122831913,35
777,23,1481.73913043478,"Limburg Road, Clapham Junction",51.4619230679,-0.165297856693,20
781,38,1550.52631578947,"Victoria & Albert Museum, South Kensington",51.495898,-0.173009,30
782,71,1025.07042253521,"Halford Road, West Kensington",51.483911,-0.19760944,24
795,34,1747.05882352941,"Euston Square Gardens, Euston",51.527068,-0.13186102,30
796,41,2350.24390243902,"Coram Street, Bloomsbury",51.524,-0.12640984,29
797,40,1593,"Ossulston Street, Somers Town",51.5293,-0.12827903,30
807,78,1556.15384615385,"Bevington Road West, North Kensington",51.5212,-0.208888173,24
809,21,1471.42857142857,"Lincoln's Inn Fields, Holborn",51.5162778834,-0.118272991635,28
