"id","trip","duration","name","lat","long","nbDocks"
12,48,1580,"Malet Street, Bloomsbury",51.52168078,-0.130431727,49
15,28,3735,"Great Russell Street, Bloomsbury",51.51772703,-0.127854211,26
19,27,1017.77777777778,"Taviton Street, Bloomsbury",51.52505093,-0.131161087,30
24,38,1065.78947368421,"British Museum, Bloomsbury",51.51908011,-0.124678402,35
31,69,1565.21739130435,"Fanshaw Street, Hoxton",51.52953709,-0.083353323,36
34,45,3172,"Pancras Road, King's Cross",51.5341235,-0.129386874,16
51,33,1250.90909090909,"Finsbury Library , Finsbury",51.52671796,-0.104298194,29
69,40,1015.5,"Euston Road, Euston",51.5262363,-0.134407652,24
79,24,1372.5,"Arundel Street, Temple",51.511726,-0.11385596,18
92,45,1018.66666666667,"Borough Road, Elephant & Castle",51.49889832,-0.100440521,41
94,104,2793.46153846154,"Bricklayers Arms, Borough",51.49506109,-0.085814489,28
96,38,2055.78947368421,"Falkirk Street, Hoxton",51.53095071,-0.078505384,26
123,15,952,"St. John Street, Finsbury",51.52836014,-0.104724625,18
146,56,1605,"Vauxhall Bridge , Pimlico",51.48836528,-0.129361842,35
154,62,7699.35483870968,"Waterloo Station 3, Waterloo",51.50379168,-0.11282408,35
185,57,1182.10526315789,"Alderney Street, Pimlico",51.48805753,-0.140741432,14
194,407,2105.89680589681,"Hop Exchange, The Borough",51.50462759,-0.091773776,56
231,60,2124,"Queen's Gate (Central), South Kensington",51.49396755,-0.17873226,31
232,5,636,"Carey Street, Holborn",51.51501025,-0.112753217,16
239,153,1615.6862745098,"Warren Street Station, Euston",51.52443845,-0.138019439,26
246,40,937.5,"Berry Street, Clerkenwell",51.52285301,-0.099994052,41
256,40,1053,"Houghton Street, Strand",51.51362054,-0.116764211,15
262,44,1435.90909090909,"LSBU (Borough Road), Elephant & Castle",51.49874469,-0.103132904,35
269,69,1500,"Empire Square, The Borough",51.50082346,-0.089740764,46
272,119,2329.41176470588,"Baylis Road, Waterloo",51.50144456,-0.110699309,22
283,8,1365,"Kingsway, Covent Garden",51.51440928,-0.118478757,16
284,42,1815.71428571429,"Lambeth North Station, Waterloo",51.49914063,-0.112031483,20
287,19,1263.15789473684,"Bedford Way, Bloomsbury",51.52367314,-0.128377673,23
324,79,1958.73417721519,"Ontario Street, Elephant & Castle",51.49652013,-0.101384068,15
339,20,1011,"Risinghill Street, Angel",51.5333196,-0.1117812,25
344,25,984,"Goswell Road (City Uni), Finsbury",51.528246,-0.10102611,17
347,56,1291.07142857143,"Lower Marsh, Waterloo",51.50013942,-0.113936001,17
352,47,1168.08510638298,"Vauxhall Street, Vauxhall",51.486965,-0.116625,19
353,13,1273.84615384615,"Greycoat Street , Westminster",51.49459148,-0.134234258,17
356,143,1523.4965034965,"South Kensington Station, South Kensington",51.494412,-0.173881,15
359,31,2107.74193548387,"Butler Place, Westminster",51.49782999,-0.135440826,18
361,123,4548.78048780488,"Waterloo Station 2, Waterloo",51.50391973,-0.11342629,55
362,56,1734.64285714286,"Royal College Street, Camden Town",51.536264,-0.133952,57
372,32,971.25,"Sardinia Street, Holborn",51.515208,-0.117863,24
373,55,1536,"Prince Consort Road, Knightsbridge",51.49980661,-0.176415994,18
374,147,3632.24489795918,"Waterloo Station 1, Waterloo",51.50402794,-0.11386436,36
378,40,2397,"Natural History Museum, South Kensington",51.49559291,-0.179077626,40
387,96,1667.5,"Fire Brigade Pier, Vauxhall",51.49369988,-0.121394101,30
392,92,1166.08695652174,"Imperial College, Knightsbridge",51.49942855,-0.179702476,21
428,126,1260,"Exhibition Road, Knightsbridge",51.499917,-0.174554,20
432,56,1508.57142857143,"Exhibition Road Museums 1, South Kensington",51.496468,-0.17379696,13
443,45,857.333333333333,"Philpot Street, Whitechapel",51.515256,-0.058641,30
464,8,1312.5,"St. Mary & St. Michael Church, Stepney",51.51417,-0.052099,25
472,9,1173.33333333333,"Malmesbury Road, Bow",51.529452,-0.027616,21
482,59,1784.74576271186,"Exhibition Road Museums 2, South Kensington",51.495947,-0.17368958,14
483,41,1280.48780487805,"Albert Gardens, Stepney",51.51328,-0.047784,33
486,79,1155.94936708861,"Granby Street, Shoreditch",51.525645,-0.069543,37
491,55,925.090909090909,"Queen Mary's, Mile End",51.522507,-0.041378,45
497,34,2288.82352941176,"Merchant Street, Bow",51.526578,-0.027581,27
498,41,1485.36585365854,"Bow Road Station, Bow",51.527058,-0.025296,41
505,33,1950.90909090909,"Ackroyd Drive, Bow",51.520398,-0.026768,29
520,33,1525.45454545455,"Bancroft Road, Bethnal Green",51.526041,-0.047218,21
523,33,1352.72727272727,"Langdon Park, Poplar",51.51549,-0.013475,24
539,25,1761.6,"Hoxton Station, Hoxton",51.531091,-0.075901,22
544,36,1498.33333333333,"Percival Street, Finsbury",51.526153,-0.102208,22
549,57,1607.36842105263,"Gaywood  Street, Elephant & Castle",51.49605,-0.104193,45
550,36,840,"Harford Street, Mile End",51.521564,-0.039264,23
565,26,863.076923076923,"Selby Street, Whitechapel",51.521905,-0.063386,17
588,36,1646.66666666667,"Hoxton Street, Hoxton",51.52959,-0.0801,27
594,22,1033.63636363636,"Kingsway Southbound, Strand",51.513875,-0.117774,33
595,76,1506.31578947368,"Hammersmith Road, Hammersmith",51.493267,-0.21985,22
597,47,2018.29787234043,"Fulham Park Road, Fulham",51.473471,-0.20782,27
598,48,3563.75,"Southerton Road, Hammersmith",51.494499,-0.228188,38
601,47,2465.10638297872,"BBC White City, White City",51.514767,-0.225787,36
608,10,2070,"Colet Gardens, Hammersmith",51.491093,-0.216493,30
615,37,1321.62162162162,"Finlay Street, Fulham",51.4768851,-0.215895601,24
616,49,1451.02040816327,"Aintree Street, Fulham",51.48102131,-0.209973497,24
617,24,1392.5,"Elysium Place, Fulham",51.47107905,-0.207842908,21
627,20,2070,"Holden Street, Battersea",51.4687905,-0.158230901,20
630,35,4112.57142857143,"Clarence Walk, Stockwell",51.47073264,-0.126994068,28
634,42,1571.42857142857,"Brook Green South, Brook Green",51.49434708,-0.215804559,33
637,50,2042.4,"Spencer Park, Wandsworth Common",51.45787019,-0.174691623,25
639,62,1568.70967741935,"Coomer Place, West Kensington",51.48357068,-0.202038682,27
676,67,1556.41791044776,"Hartington Road, Stockwell",51.47787084,-0.126874471,35
679,41,1240.9756097561,"Orbel Street, Battersea",51.47453545,-0.170210533,26
680,106,1827.16981132075,"Westbridge Road, Battersea",51.47768469,-0.170329317,28
690,47,1101.70212765957,"Stanley Grove, Battersea",51.47047503,-0.152130083,24
696,40,982.5,"Charing Cross Hospital, Hammersmith",51.48728535,-0.217995921,21
707,35,2057.14285714286,"Barons Court Station, West Kensington",51.49021762,-0.215087092,32
720,52,1227.69230769231,"Star Road, West Kensington",51.48724429,-0.205279052,23
729,53,1296.22641509434,"St. Peter's Terrace, Fulham",51.47893931,-0.208485293,24
734,30,1524,"Plough Terrace, Clapham Junction",51.46230566,-0.175407201,31
737,85,1617.88235294118,"Fulham Broadway, Walham Green",51.47993289,-0.19411695,26
744,19,1850.52631578947,"Ingrave Street, Clapham Junction",51.46745485,-0.172293499,30
750,31,2343.87096774194,"Culvert Road, Battersea",51.4710956,-0.157850096,27
751,35,1866.85714285714,"Newton Street, Covent Garden",51.51612862,-0.120909408,24
761,52,1398.46153846154,"Humbolt Road, Fulham",51.48321729,-0.211860644,26
772,70,1005.42857142857,"Binfield Road, Stockwell",51.47250956,-0.122831913,35
777,25,1384.8,"Limburg Road, Clapham Junction",51.4619230679,-0.165297856693,20
781,15,1356,"Victoria & Albert Museum, South Kensington",51.495898,-0.173009,30
782,92,1572.39130434783,"Halford Road, West Kensington",51.483911,-0.19760944,24
795,9,1193.33333333333,"Euston Square Gardens, Euston",51.527068,-0.13186102,30
796,28,2550,"Coram Street, Bloomsbury",51.524,-0.12640984,29
797,37,903.243243243243,"Ossulston Street, Somers Town",51.5293,-0.12827903,30
807,99,2645.45454545455,"Bevington Road West, North Kensington",51.5212,-0.208888173,24
809,19,1143.15789473684,"Lincoln's Inn Fields, Holborn",51.5162778834,-0.118272991635,28
840,109,1921.10091743119,"George Row, Bermondsey",51.498585,-0.068981764,22
845,73,3192.32876712329,"Bermondsey Station, Bermondsey",51.497995,-0.063471392,30
