"id","trip","duration","name","lat","long","nbDocks"
12,76,967.105263157895,"Malet Street, Bloomsbury",51.52168078,-0.130431727,49
15,45,1848,"Great Russell Street, Bloomsbury",51.51772703,-0.127854211,26
19,28,842.142857142857,"Taviton Street, Bloomsbury",51.52505093,-0.131161087,30
24,98,1151.02040816327,"British Museum, Bloomsbury",51.51908011,-0.124678402,35
31,51,1707.05882352941,"Fanshaw Street, Hoxton",51.52953709,-0.083353323,36
34,24,1067.5,"Pancras Road, King's Cross",51.5341235,-0.129386874,16
51,25,854.4,"Finsbury Library , Finsbury",51.52671796,-0.104298194,29
69,30,1368,"Euston Road, Euston",51.5262363,-0.134407652,24
79,51,2015.29411764706,"Arundel Street, Temple",51.511726,-0.11385596,18
92,48,1018.75,"Borough Road, Elephant & Castle",51.49889832,-0.100440521,41
94,79,3022.0253164557,"Bricklayers Arms, Borough",51.49506109,-0.085814489,28
96,38,909.473684210526,"Falkirk Street, Hoxton",51.53095071,-0.078505384,26
123,28,1257.85714285714,"St. John Street, Finsbury",51.52836014,-0.104724625,18
146,41,1407.80487804878,"Vauxhall Bridge , Pimlico",51.48836528,-0.129361842,35
154,43,757.674418604651,"Waterloo Station 3, Waterloo",51.50379168,-0.11282408,35
156,48,2766.25,"New Kent Road, The Borough",51.49443626,-0.092921165,33
185,74,1019.18918918919,"Alderney Street, Pimlico",51.48805753,-0.140741432,14
194,304,1179.27631578947,"Hop Exchange, The Borough",51.50462759,-0.091773776,56
231,64,1623.75,"Queen's Gate (Central), South Kensington",51.49396755,-0.17873226,31
232,18,683.333333333333,"Carey Street, Holborn",51.51501025,-0.112753217,16
239,59,892.881355932203,"Warren Street Station, Euston",51.52443845,-0.138019439,26
246,48,1031.25,"Berry Street, Clerkenwell",51.52285301,-0.099994052,41
256,12,870,"Houghton Street, Strand",51.51362054,-0.116764211,15
262,33,890.909090909091,"LSBU (Borough Road), Elephant & Castle",51.49874469,-0.103132904,35
269,48,1171.25,"Empire Square, The Borough",51.50082346,-0.089740764,46
272,99,883.030303030303,"Baylis Road, Waterloo",51.50144456,-0.110699309,22
283,19,1683.15789473684,"Kingsway, Covent Garden",51.51440928,-0.118478757,16
284,46,2860.4347826087,"Lambeth North Station, Waterloo",51.49914063,-0.112031483,20
287,16,1065,"Bedford Way, Bloomsbury",51.52367314,-0.128377673,23
324,77,1048.05194805195,"Ontario Street, Elephant & Castle",51.49652013,-0.101384068,15
339,18,866.666666666667,"Risinghill Street, Angel",51.5333196,-0.1117812,25
344,16,926.25,"Goswell Road (City Uni), Finsbury",51.528246,-0.10102611,17
347,46,1498.69565217391,"Lower Marsh, Waterloo",51.50013942,-0.113936001,17
352,22,889.090909090909,"Vauxhall Street, Vauxhall",51.486965,-0.116625,19
353,17,600,"Greycoat Street , Westminster",51.49459148,-0.134234258,17
356,206,1448.44660194175,"South Kensington Station, South Kensington",51.494412,-0.173881,15
359,43,1892.09302325581,"Butler Place, Westminster",51.49782999,-0.135440826,18
361,4,21780,"Waterloo Station 2, Waterloo",51.50391973,-0.11342629,55
362,32,1065,"Royal College Street, Camden Town",51.536264,-0.133952,57
372,45,817.333333333333,"Sardinia Street, Holborn",51.515208,-0.117863,24
373,39,729.230769230769,"Prince Consort Road, Knightsbridge",51.49980661,-0.176415994,18
374,119,2057.14285714286,"Waterloo Station 1, Waterloo",51.50402794,-0.11386436,36
378,84,1155,"Natural History Museum, South Kensington",51.49559291,-0.179077626,40
387,56,1436.78571428571,"Fire Brigade Pier, Vauxhall",51.49369988,-0.121394101,30
392,88,922.5,"Imperial College, Knightsbridge",51.49942855,-0.179702476,21
428,165,1425.81818181818,"Exhibition Road, Knightsbridge",51.499917,-0.174554,20
432,162,2049.25925925926,"Exhibition Road Museums 1, South Kensington",51.496468,-0.17379696,13
443,36,858.333333333333,"Philpot Street, Whitechapel",51.515256,-0.058641,30
464,11,769.090909090909,"St. Mary & St. Michael Church, Stepney",51.51417,-0.052099,25
472,21,3351.42857142857,"Malmesbury Road, Bow",51.529452,-0.027616,21
483,45,912,"Albert Gardens, Stepney",51.51328,-0.047784,33
486,115,1336.17391304348,"Granby Street, Shoreditch",51.525645,-0.069543,37
491,55,1188,"Queen Mary's, Mile End",51.522507,-0.041378,45
497,35,994.285714285714,"Merchant Street, Bow",51.526578,-0.027581,27
498,41,1650.73170731707,"Bow Road Station, Bow",51.527058,-0.025296,41
505,39,2846.15384615385,"Ackroyd Drive, Bow",51.520398,-0.026768,29
520,29,1315.86206896552,"Bancroft Road, Bethnal Green",51.526041,-0.047218,21
523,14,1495.71428571429,"Langdon Park, Poplar",51.51549,-0.013475,24
539,47,809.36170212766,"Hoxton Station, Hoxton",51.531091,-0.075901,22
544,37,911.351351351351,"Percival Street, Finsbury",51.526153,-0.102208,22
549,54,892.222222222222,"Gaywood  Street, Elephant & Castle",51.49605,-0.104193,45
550,33,1107.27272727273,"Harford Street, Mile End",51.521564,-0.039264,23
565,17,861.176470588235,"Selby Street, Whitechapel",51.521905,-0.063386,17
588,29,1737.93103448276,"Hoxton Street, Hoxton",51.52959,-0.0801,27
594,46,1322.60869565217,"Kingsway Southbound, Strand",51.513875,-0.117774,33
595,70,1113.42857142857,"Hammersmith Road, Hammersmith",51.493267,-0.21985,22
597,49,2070.61224489796,"Fulham Park Road, Fulham",51.473471,-0.20782,27
598,56,2327.14285714286,"Southerton Road, Hammersmith",51.494499,-0.228188,38
601,38,942.631578947368,"BBC White City, White City",51.514767,-0.225787,36
608,13,803.076923076923,"Colet Gardens, Hammersmith",51.491093,-0.216493,30
615,56,1146.42857142857,"Finlay Street, Fulham",51.4768851,-0.215895601,24
616,55,2558.18181818182,"Aintree Street, Fulham",51.48102131,-0.209973497,24
617,31,822.58064516129,"Elysium Place, Fulham",51.47107905,-0.207842908,21
627,20,1395,"Holden Street, Battersea",51.4687905,-0.158230901,20
630,33,1674.54545454545,"Clarence Walk, Stockwell",51.47073264,-0.126994068,28
634,30,2770,"Brook Green South, Brook Green",51.49434708,-0.215804559,33
637,18,2170,"Spencer Park, Wandsworth Common",51.45787019,-0.174691623,25
639,65,864.923076923077,"Coomer Place, West Kensington",51.48357068,-0.202038682,27
676,66,941.818181818182,"Hartington Road, Stockwell",51.47787084,-0.126874471,35
679,47,1119.57446808511,"Orbel Street, Battersea",51.47453545,-0.170210533,26
680,104,1325.76923076923,"Westbridge Road, Battersea",51.47768469,-0.170329317,28
690,22,1028.18181818182,"Stanley Grove, Battersea",51.47047503,-0.152130083,24
696,34,765.882352941176,"Charing Cross Hospital, Hammersmith",51.48728535,-0.217995921,21
707,40,1020,"Barons Court Station, West Kensington",51.49021762,-0.215087092,32
720,45,957.333333333333,"Star Road, West Kensington",51.48724429,-0.205279052,23
729,67,900,"St. Peter's Terrace, Fulham",51.47893931,-0.208485293,24
734,32,4711.875,"Plough Terrace, Clapham Junction",51.46230566,-0.175407201,31
737,180,1601,"Fulham Broadway, Walham Green",51.47993289,-0.19411695,26
744,10,678,"Ingrave Street, Clapham Junction",51.46745485,-0.172293499,30
750,24,1045,"Culvert Road, Battersea",51.4710956,-0.157850096,27
751,28,1225.71428571429,"Newton Street, Covent Garden",51.51612862,-0.120909408,24
761,41,1078.53658536585,"Humbolt Road, Fulham",51.48321729,-0.211860644,26
772,87,1428.96551724138,"Binfield Road, Stockwell",51.47250956,-0.122831913,35
777,26,6223.84615384615,"Limburg Road, Clapham Junction",51.4619230679,-0.165297856693,20
781,81,1095.55555555556,"Victoria & Albert Museum, South Kensington",51.495898,-0.173009,30
782,71,1778.87323943662,"Halford Road, West Kensington",51.483911,-0.19760944,24
795,30,1648,"Euston Square Gardens, Euston",51.527068,-0.13186102,30
796,31,849.677419354839,"Coram Street, Bloomsbury",51.524,-0.12640984,29
797,40,600,"Ossulston Street, Somers Town",51.5293,-0.12827903,30
807,64,1577.8125,"Bevington Road West, North Kensington",51.5212,-0.208888173,24
809,23,1218.26086956522,"Lincoln's Inn Fields, Holborn",51.5162778834,-0.118272991635,28
