"id","trip","duration","name","lat","long","nbDocks"
1,42,1087.14285714286,"River Street , Clerkenwell",51.52916347,-0.109970527,19
2,111,911.351351351351,"Phillimore Gardens, Kensington",51.49960695,-0.197574246,37
4,28,2577.85714285714,"St. Chad's Street, King's Cross",51.53005939,-0.120973687,23
5,51,1088.23529411765,"Sedding Street, Sloane Square",51.49313,-0.156876,27
7,58,3408.62068965517,"Charlbert Street, St. John's Wood",51.53430039,-0.1680743,16
8,85,1730.82352941176,"Maida Vale, Maida Vale",51.529857,-0.18348604,39
26,23,1366.95652173913,"Ampton Street , Clerkenwell",51.52728093,-0.11829517,21
29,64,1295.625,"Hereford Road, Bayswater",51.513735,-0.193487,22
30,54,1321.11111111111,"Windsor Terrace, Hoxton",51.52915444,-0.093421615,24
33,42,6901.42857142857,"Central House, Aldgate",51.515231,-0.07015,18
37,85,1016.47058823529,"Penywern Road, Earl's Court",51.49159394,-0.192369256,17
38,53,1804.52830188679,"Abingdon Villas, Kensington",51.4973875,-0.197245586,17
42,78,825.384615384615,"Wenlock Road , Hoxton",51.53099181,-0.093903825,28
43,63,6756.19047619048,"Crawford Street, Marylebone",51.52026,-0.157183945,18
45,73,1193.42465753425,"Boston Place, Marylebone",51.522511,-0.162298,26
46,127,873.070866141732,"Nesham Street, Wapping",51.507131,-0.06691,16
47,121,2182.80991735537,"Warwick Avenue Station, Maida Vale",51.52334476,-0.183846408,19
50,37,1285.94594594595,"East Road, Hoxton",51.52867339,-0.087459376,27
56,44,1133.18181818182,"Paddington Street, Marylebone",51.52058381,-0.154701411,16
60,52,2375.76923076923,"Lisson Grove, St. John's Wood",51.52644828,-0.172190727,18
62,45,2485.33333333333,"Cotton Garden Estate, Kennington",51.4907579,-0.106323685,24
63,33,1200,"Murray Grove , Hoxton",51.53089041,-0.089782579,27
80,58,952.758620689655,"Webber Street , Southwark",51.50069361,-0.102091246,45
81,56,1800,"Great Titchfield Street, Fitzrovia",51.52025302,-0.141327271,19
97,92,1835.86956521739,"Gloucester Road (North), Kensington",51.49792478,-0.183834706,18
99,101,1587.32673267327,"Old Quebec Street, Marylebone",51.51457763,-0.158264483,16
103,47,1063.40425531915,"Vicarage Gate, Kensington",51.50472376,-0.192538767,18
105,88,1410.68181818182,"Westbourne Grove, Bayswater",51.51552971,-0.190240716,26
110,66,1997.27272727273,"Wellington Road, St. John's Wood",51.53304322,-0.172528678,17
113,88,1508.86363636364,"Gloucester Road (Central), South Kensington",51.49646288,-0.183289032,19
121,36,961.666666666667,"Baker Street, Marylebone",51.51891348,-0.156166631,22
124,47,1678.72340425532,"Eaton Square, Belgravia",51.49654462,-0.150905245,20
128,68,1313.82352941176,"Emperor's Gate, South Kensington",51.49536226,-0.185296516,22
133,140,1665.42857142857,"Derry Street, Kensington",51.50136494,-0.191462381,18
142,89,1400.89887640449,"West Cromwell Road, Earl's Court",51.49372451,-0.198286569,24
143,50,2130,"Pont Street, Knightsbridge",51.4968865,-0.161203828,24
144,116,1143.62068965517,"Kennington Cross, Kennington",51.48894022,-0.111435796,47
148,100,1061.4,"Tachbrook Street, Victoria",51.49211134,-0.138364847,16
150,64,1380,"Holy Trinity Brompton, Knightsbridge",51.49705603,-0.168917077,28
155,80,1177.5,"Lexham Gardens, Kensington",51.49586666,-0.191933711,19
157,79,1406.58227848101,"Wright's Lane, Kensington",51.50039792,-0.193068385,35
158,80,1371,"Trebovir Road, Earl's Court",51.49085368,-0.196170309,18
163,101,1492.27722772277,"Sloane Avenue, Knightsbridge",51.4931848,-0.167894973,27
164,65,1431.69230769231,"Cleveland Gardens, Bayswater",51.515607,-0.183118788,16
165,32,1335,"Orsett Terrace, Bayswater",51.517932,-0.183716959,15
167,56,1412.14285714286,"Eccleston Place, Victoria",51.49395092,-0.147624377,19
168,68,1440.88235294118,"Argyll Road, Kensington",51.50040123,-0.195455928,19
169,133,1664.66165413534,"Porchester Place, Paddington",51.51474612,-0.165164288,18
171,52,1362.69230769231,"Collingham Gardens, Earl's Court",51.4916156,-0.186753859,14
172,95,896.842105263158,"Sumner Place, South Kensington",51.49121192,-0.173715911,19
176,63,1536.19047619048,"Gloucester Terrace, Bayswater",51.51791921,-0.188098863,23
181,35,968.571428571429,"Belgrave Square, Belgravia",51.49941247,-0.152317537,21
182,72,1304.16666666667,"Bell Street , Marylebone",51.52202903,-0.165842551,18
183,176,1083.06818181818,"Riverlight North, Nine Elms",51.482362,-0.13612398,24
184,58,1403.79310344828,"Portland Place, Marylebone",51.52071513,-0.14521173,34
187,77,1510.12987012987,"Queen's Gate (South), South Kensington",51.49247977,-0.178433004,25
188,40,1141.5,"Nutford Place, Marylebone",51.5165179,-0.164393768,15
190,73,1006.02739726027,"Rampayne Street, Pimlico",51.48997562,-0.132845681,21
200,60,1309,"LMU Commercial Road, Whitechapel",51.51492456,-0.066078037,14
201,72,1552.5,"Dorset Square, Marylebone",51.5225965,-0.161113413,16
202,100,1344,"Leman Street, Aldgate",51.51236389,-0.06954201,37
204,31,1486.45161290323,"Margery Street, Clerkenwell",51.52659961,-0.112432615,19
208,35,1800,"Mallory Street, Marylebone",51.52505151,-0.166304359,20
209,29,1787.58620689655,"Denyer Street, Knightsbridge",51.49358391,-0.165101392,30
210,59,1496.94915254237,"Hinde Street, Marylebone",51.51681444,-0.151926305,21
211,60,2478,"Cadogan Place, Knightsbridge",51.49464523,-0.158105512,34
216,85,1555.05882352941,"Old Brompton Road, South Kensington",51.49094565,-0.181190899,30
219,133,1404.81203007519,"Bramham Gardens, Earl's Court",51.49016361,-0.19039362,29
220,58,1493.79310344828,"Chelsea Green, Chelsea",51.49066456,-0.166485083,27
221,59,1284.40677966102,"Horseferry Road, Westminster",51.49481649,-0.13045856,16
225,92,2190.65217391304,"Notting Hill Gate Station, Notting Hill",51.50935342,-0.196422,30
227,34,2070,"Great Percy Street, Clerkenwell",51.52891573,-0.115480888,23
237,81,1811.85185185185,"Dock Street, Wapping",51.5097860151,-0.0681619805156,30
242,64,1132.5,"Beaumont Street, Marylebone",51.52200801,-0.151359288,23
255,93,1587.09677419355,"Clifton Road, Maida Vale",51.52557531,-0.179592915,22
259,74,1487.02702702703,"Bourne Street, Belgravia",51.490959,-0.1532331,16
261,74,1806.48648648649,"Princes Square, Bayswater",51.5134891,-0.191351186,15
265,48,1608.75,"Southwick Street, Paddington",51.51595344,-0.169249375,17
267,79,1151.39240506329,"Regency Street, Westminster",51.49206037,-0.132224622,22
274,74,1790.27027027027,"Warwick Road, Olympia",51.49671237,-0.20528437,36
277,96,2734.375,"Kensington Church Street, Kensington",51.50315739,-0.191496313,17
279,41,1884.87804878049,"North Wharf Road, Paddington",51.51862243,-0.176645823,25
286,34,1699.41176470588,"St. John's Wood Road, St. John's Wood",51.5272947,-0.174653609,35
288,87,4402.75862068965,"Elizabeth Bridge, Victoria",51.49236962,-0.147478734,34
289,18,2523.33333333333,"South Audley Street, Mayfair",51.50923022,-0.151296092,15
290,65,1574.76923076923,"St Mary's Hospital, Paddington",51.518268,-0.17110323,20
291,46,1368.26086956522,"Claverton Street, Pimlico",51.48483991,-0.138089062,32
293,33,2330.90909090909,"Kensington Olympia Station, Olympia",51.49815779,-0.209494128,25
296,61,1737.04918032787,"Knaresborough Place, Earl's Court",51.49363156,-0.190603326,18
298,123,1747.31707317073,"Curlew Street, Shad Thames",51.50227992,-0.074189225,21
299,28,1257.85714285714,"Vincent Square, Westminster",51.49398524,-0.136928582,19
312,89,1919.32584269663,"Grove End Road, St. John's Wood",51.53088935,-0.176770502,20
319,60,5105,"Baldwin Street, St. Luke's",51.52702563,-0.088542771,21
320,101,1028.91089108911,"Queen Mother Sports Centre, Victoria",51.49357351,-0.139956043,26
321,103,2155.92233009709,"Bermondsey Street, Bermondsey",51.49785559,-0.081608045,24
327,22,1352.72727272727,"New North Road 1, Hoxton",51.53095,-0.085603,22
328,14,1692.85714285714,"New North Road 2, Hoxton",51.53114,-0.086016,22
330,29,1104.8275862069,"Eastbourne Mews, Paddington",51.51641749,-0.179135079,34
332,38,1102.10526315789,"Nevern Place, Earl's Court",51.49334336,-0.194757949,20
333,53,1514.71698113208,"Palace Gardens Terrace, Notting Hill",51.50860544,-0.193764092,37
337,42,1494.28571428571,"Pembridge Villas, Notting Hill",51.51108452,-0.197524944,16
363,14,844.285714285714,"Lord's, St. John's Wood",51.5291212008901,-0.171185284853,24
367,74,1956.48648648649,"Harrowby Street, Marylebone",51.5173721,-0.1642075,16
368,61,1062.29508196721,"Harriet Street, Knightsbridge",51.50024195,-0.15934065,25
375,32,1633.125,"Kensington Town Hall, Kensington",51.50194596,-0.194392952,18
379,79,2090.88607594937,"Turquoise Island, Notting Hill",51.51431171,-0.200838199,21
384,62,1328.70967741935,"Marloes Road, Kensington",51.496481,-0.192404,15
394,29,1297.24137931034,"Aberdeen Place, St. John's Wood",51.524826,-0.176268,18
395,61,1209.83606557377,"Cadogan Gardens, Chelsea",51.492462,-0.159919,15
396,68,1281.17647058824,"Shouldham Street, Marylebone",51.51809,-0.163609,16
397,128,1755.9375,"Devonshire Terrace, Bayswater",51.51348,-0.17977,16
400,49,1503.67346938776,"George Street, Marylebone",51.517703,-0.154106,26
402,50,6602.4,"Penfold Street, Marylebone",51.52289229,-0.171681991,15
403,52,1405.38461538462,"George Place Mews, Marylebone",51.51689296,-0.158249929,16
405,125,1269.6,"Gloucester Road Station, South Kensington",51.49418566,-0.18267094,15
410,68,1664.11764705882,"Edgware Road Station, Marylebone",51.519968,-0.169774,64
412,42,965.714285714286,"Cleaver Street, Kennington",51.488105,-0.110121,17
423,35,4212,"Eaton Square (South), Belgravia",51.49456127,-0.15393398,31
424,58,1433.79310344828,"Ebury Bridge, Pimlico",51.490491,-0.149186,29
430,58,1209.31034482759,"South Parade, Chelsea",51.48902,-0.17524,18
450,48,1235,"Jubilee Street, Stepney",51.515975,-0.053177,28
452,60,1429,"St. Katharine's Way, Tower",51.505697,-0.070542,24
462,93,1746.45161290323,"Bonny Street, Camden Town",51.541603,-0.138853,45
466,46,3090,"Whiston Road, Haggerston",51.534464,-0.076341,21
467,50,1245.6,"Southern Grove, Bow",51.523538,-0.030556,17
468,23,2253.91304347826,"Cantrell Road, Bow",51.521564,-0.022694,24
470,52,1091.53846153846,"Mostyn Grove, Bow",51.530535,-0.025492,46
471,66,1458.18181818182,"Hewison Street, Old Ford",51.533283,-0.028155,19
473,24,1890,"Millharbour, Millwall",51.496137,-0.019355,19
475,60,1601,"Lightermans Road, Millwall",51.499041,-0.020157,31
477,55,2259.27272727273,"Spindrift Avenue, Millwall",51.49109,-0.018716,36
480,148,1967.43243243243,"Flamborough Street, Limehouse",51.5128711,-0.0389866,25
484,52,1585.38461538462,"Bromley High Street, Bow",51.528828,-0.013258,24
487,38,2709.47368421053,"Canton Street, Poplar",51.511811,-0.025626,23
489,82,1058.78048780488,"Christian Street, Whitechapel",51.513074,-0.064094,34
496,62,1788.38709677419,"Devons Road, Bow",51.52512,-0.015578,39
500,114,694.210526315789,"Ansell House, Stepney",51.520019,-0.05438,41
501,56,1358.57142857143,"Cephas Street, Bethnal Green",51.522561,-0.054883,24
511,92,1886.73913043478,"Sutton Street, Shadwell",51.511066,-0.053558,33
512,79,1116.45569620253,"Pritchard's Road, Bethnal Green",51.532091,-0.06142,30
513,72,1015.83333333333,"Watney Market, Stepney",51.5142228,-0.055656,51
514,38,1869.47368421053,"Portman Square, Marylebone",51.516204,-0.155525,17
515,38,1460.52631578947,"Russell Gardens, Olympia",51.500088,-0.211316,24
517,52,5025,"Ford Road, Old Ford",51.532513,-0.033085,18
519,16,1515,"Teviot Street, Poplar",51.518811,-0.011662,33
526,35,1489.71428571429,"Lancaster Drive, Blackwall",51.503143,-0.008428,27
529,33,2080,"Manresa Road, Chelsea",51.486892,-0.170983,18
537,89,1385.39325842697,"Old Montague Street, Whitechapel",51.51793,-0.067937,18
547,78,2736.15384615385,"East India DLR, Blackwall",51.509474,-0.002275,51
553,184,1524.13043478261,"Regent's Row , Haggerston",51.535678,-0.062546,24
563,49,1428.97959183673,"Preston's Road, Cubitt Town",51.499286,-0.009152,26
568,130,1025.07692307692,"Bishop's Bridge Road West, Bayswater",51.51616,-0.18697,18
573,161,1039.75155279503,"Limerston Street, West Chelsea",51.485587,-0.18119,18
576,48,1915,"Alpha Grove, Millwall",51.497304,-0.022793,22
581,108,1317.77777777778,"New Cavendish Street, Marylebone",51.519167,-0.147983,18
584,49,1982.44897959184,"Ilchester Gardens, Bayswater",51.51244,-0.19096,21
589,140,1388.57142857143,"Drayton Gardens, West Chelsea",51.487196,-0.179369,18
590,25,1262.4,"Greenberry Street, St.John's Wood",51.53256,-0.16862,26
592,23,1617.39130434783,"Bishop's Bridge Road East, Bayswater",51.5171,-0.18377,20
593,22,1598.18181818182,"Northdown Street, King's Cross",51.531066,-0.11934,21
599,40,2223,"Manbre Road, Hammersmith",51.485743,-0.223616,28
603,68,2047.94117647059,"Caldwell Street, Stockwell",51.477839,-0.116493,44
605,66,1249.09090909091,"Seymour Place, Marylebone",51.520331,-0.163667,29
609,66,1268.18181818182,"Sugden Road, Clapham",51.46512358,-0.157788279,19
610,74,1381.62162162162,"Danvers Street, West Chelsea",51.48256792,-0.172078187,21
611,56,2958.21428571429,"Princedale Road , Holland Park",51.50646524,-0.208486599,20
620,62,1703.22580645161,"Surrey Lane, Battersea",51.47518024,-0.167160736,28
622,44,1359.54545454545,"Lansdowne Road, Ladbroke Grove",51.50748124,-0.205535908,29
629,11,2105.45454545455,"Morie Street, Wandsworth",51.45995384,-0.190184054,28
631,72,1260.83333333333,"Battersea Park Road, Nine Elms",51.4795017,-0.141770709,27
633,66,1590,"Vereker Road, West Kensington",51.48959104,-0.209378594,32
640,77,2047.01298701299,"Silverthorne Road, Battersea",51.47286577,-0.148059277,28
643,39,2407.69230769231,"All Saints' Road, Portobello",51.5190427,-0.204764421,22
644,66,1596.36363636364,"Rainville Road, Hammersmith",51.48373225,-0.223852256,36
647,69,1474.78260869565,"Richmond Way, Shepherd's Bush",51.50035306,-0.217515071,27
649,94,1431.06382978723,"World's End Place, West Chelsea",51.48180515,-0.18027465,22
650,82,1466.34146341463,"St. Mark's Road, North Kensington",51.51687069,-0.213872396,21
651,59,1466.4406779661,"Thorndike Close, West Chelsea",51.48089844,-0.183853573,25
652,25,2445.6,"Evesham Street, Avondale",51.51148696,-0.218190203,29
657,63,1739.04761904762,"Blythe Road West, Shepherd's Bush",51.4996806,-0.221791552,21
661,127,1475.43307086614,"All Saints Church, Portobello",51.51632095,-0.202608612,37
662,58,1642.75862068966,"Phene Street, Chelsea",51.48498496,-0.167919869,24
663,34,1777.05882352941,"Clarendon Road, Avondale",51.51323001,-0.211593602,24
665,26,1811.53846153846,"Smugglers Way, Wandsworth",51.46108367,-0.191722864,28
667,76,1947.63157894737,"Shepherd's Bush Road North, Shepherd's Bush",51.5015946,-0.222293381,34
669,39,1526.15384615385,"Teversham Lane, Stockwell",51.47614939,-0.1232585,39
673,102,2111.17647058824,"Hibbert Street, Battersea",51.46517078,-0.18038939,36
678,15,1580,"Esmond Street, Putney",51.46231278,-0.211468596,30
698,54,1861.11111111111,"Shoreditch Court, Haggerston",51.53908372,-0.070329419,35
699,39,1523.07692307692,"Belford House, Haggerston",51.5366541,-0.07023031,39
700,60,2803,"Battersea Church Road, Battersea",51.47696496,-0.174347066,25
704,20,2001,"Mexfield Road, East Putney",51.45682071,-0.202802098,18
705,32,2593.125,"Upper Richmond Road, Putney",51.45971528,-0.212145939,25
715,47,2505.95744680851,"Aylward Street, Stepney",51.51563007,-0.049067243,22
717,106,1335.28301886792,"Dunston Road , Haggerston",51.53658514,-0.075885686,43
724,26,2063.07692307692,"Alma Road, Wandsworth",51.45799126,-0.184806157,28
725,88,1761.13636363636,"Walworth Square, Walworth",51.491327,-0.096518684,24
727,64,2151.5625,"Chesilton Road, Fulham",51.47569809,-0.20587627,23
735,27,964.444444444444,"Grant Road East, Clapham Junction",51.46489445,-0.17302926,28
741,24,2065,"Freston Road, Avondale",51.5129814,-0.219486603,23
742,83,1580.96385542169,"Blenheim Crescent, Ladbroke Grove",51.51510818,-0.208565479,22
743,27,2386.66666666667,"Oxford Road, Putney",51.46079243,-0.212607684,29
746,63,1503.80952380952,"Lots Road, West Chelsea",51.4795738,-0.17903854,24
748,71,1281.12676056338,"Hertford Road, De Beauvoir Town",51.53727795,-0.079201849,25
754,18,2166.66666666667,"Grenfell Road, Avondale",51.5129006,-0.214762686,24
755,74,1447.2972972973,"The Vale, Chelsea",51.48512191,-0.174971902,24
757,105,1478.85714285714,"Harcourt Terrace, West Brompton",51.48795853,-0.187404506,24
758,76,3448.42105263158,"Westbourne Park Road, Portobello",51.51787005,-0.201005397,23
759,24,927.5,"Broadley Terrace, Marylebone",51.52456169,-0.165668686,18
767,15,2076,"Santos Road, Wandsworth",51.45705988,-0.200806304,30
770,73,2109.04109589041,"Gwendwr Road, West Kensington",51.491026,-0.209121,30
780,130,1358.30769230769,"Imperial Wharf Station, Sands End",51.474665,-0.18316517,25
793,58,1776.20689655172,"Cromer Street, Bloomsbury",51.528279,-0.11955857,28
798,42,1378.57142857143,"Birkenhead Street, King's Cross",51.5301998755,-0.122299440803,27
801,48,888.75,"Lavington Street, Bankside",51.5052241745,-0.0980318118664,29
802,103,1491.84466019417,"Albert Square, Stockwell",51.4765900593,-0.118256789081,32
817,106,1469.43396226415,"Riverlight South, Nine Elms",51.4813354746,-0.138212295869,26
830,54,2033.33333333333,"Sidney Road, Stockwell",51.469202,-0.11902256,27
836,41,6636.58536585366,"York Way, Kings Cross",51.541596,-0.12544145,24
