"name","lat","long","k"
"River Street , Clerkenwell",51.52916347,-0.109970527,2282.25
"Phillimore Gardens, Kensington",51.49960695,-0.197574246,6647.75
"Christopher Street, Liverpool Street",51.52128377,-0.084605692,1273
"St. Chad's Street, King's Cross",51.53005939,-0.120973687,1894
"Sedding Street, Sloane Square",51.49313,-0.156876,8450.75
"Broadcasting House, Marylebone",51.51811784,-0.144228881,2763.5
"Charlbert Street, St. John's Wood",51.53430039,-0.1680743,2047.5
"Maida Vale, Maida Vale",51.529857,-0.18348604,3505
"New Globe Walk, Bankside",51.5073853,-0.096440751,4039.5
"Park Street, Bankside",51.50597426,-0.092754157,2063
"Brunswick Square, Bloomsbury",51.52395143,-0.122502346,2813.25
"Malet Street, Bloomsbury",51.52168078,-0.130431727,4869.25
"Scala Street, Fitzrovia",51.51991453,-0.136039674,1075.75
"Belgrove Street , King's Cross",51.52994371,-0.123616824,8325.75
"Great Russell Street, Bloomsbury",51.51772703,-0.127854211,2694.5
"Cartwright Gardens , Bloomsbury",51.52635795,-0.125979294,3326.5
"Hatton Wall, Holborn",51.5216612,-0.109006325,3731.75
"Drury Lane, Covent Garden",51.51477076,-0.12221963,7202
"Taviton Street, Bloomsbury",51.52505093,-0.131161087,2307.5
"Drummond Street , Euston",51.527326,-0.13605286,816
"Northington Street , Holborn",51.5222641,-0.114079481,3082.5
"Red Lion Square, Holborn",51.51943538,-0.119123345,1212.75
"British Museum, Bloomsbury",51.51908011,-0.124678402,5747.75
"Doric Way , Somers Town",51.5288338,-0.132250369,2772.5
"Ampton Street , Clerkenwell",51.52728093,-0.11829517,3110.75
"Bouverie Street, Temple",51.51382102,-0.107927706,2958.5
"Bolsover Street, Fitzrovia",51.52351808,-0.143613641,2424
"Hereford Road, Bayswater",51.513735,-0.193487,3217.25
"Windsor Terrace, Hoxton",51.52915444,-0.093421615,1514.75
"Fanshaw Street, Hoxton",51.52953709,-0.083353323,4630.75
"Leonard Circus , Shoreditch",51.52469624,-0.084439283,5658
"Central House, Aldgate",51.515231,-0.07015,6561.25
"Pancras Road, King's Cross",51.5341235,-0.129386874,2137
"De Vere Gardens, Kensington",51.50173726,-0.184980612,6740.75
"Penywern Road, Earl's Court",51.49159394,-0.192369256,6064.5
"Abingdon Villas, Kensington",51.4973875,-0.197245586,2792
"Shoreditch High Street, Shoreditch",51.5263778,-0.078130921,8767
"Commercial Street, Shoreditch",51.52127071,-0.0755789,5863.25
"Pindar Street, Liverpool Street",51.520955,-0.083493552,881.75
"Wenlock Road , Hoxton",51.53099181,-0.093903825,3990.25
"Crawford Street, Marylebone",51.52026,-0.157183945,3524.25
"Bruton Street, Mayfair",51.51073687,-0.144165239,2888.25
"Boston Place, Marylebone",51.522511,-0.162298,2952.75
"Nesham Street, Wapping",51.507131,-0.06691,5473.75
"Warwick Avenue Station, Maida Vale",51.52334476,-0.183846408,7517.5
"Godliman Street, St. Paul's",51.51248445,-0.099141408,3637.75
"Curzon Street, Mayfair",51.50706909,-0.145904427,2597.5
"East Road, Hoxton",51.52867339,-0.087459376,3097
"Finsbury Library , Finsbury",51.52671796,-0.104298194,2493.75
"Roscoe Street, St. Luke's",51.52295439,-0.094934859,2607
"Grafton Street, Mayfair",51.5099923,-0.143495266,1880.25
"Golden Lane, Barbican",51.52174785,-0.094475072,2979.5
"Finsbury Circus, Liverpool Street",51.51707521,-0.086685542,2781
"Paddington Street, Marylebone",51.52058381,-0.154701411,2687.75
"Guilford Street , Bloomsbury",51.52334672,-0.120202614,2693.5
"New Inn Yard, Shoreditch",51.52452699,-0.079248081,5933.5
"Lisson Grove, St. John's Wood",51.52644828,-0.172190727,3074.5
"Great Dover Street, The Borough",51.49738251,-0.089446947,4328
"Cotton Garden Estate, Kennington",51.4907579,-0.106323685,1867.25
"Murray Grove , Hoxton",51.53089041,-0.089782579,2931.25
"William IV Street, Strand",51.50946212,-0.124749274,7935.75
"Holborn Circus, Holborn",51.51795029,-0.108657431,3924.25
"Hatton Garden, Holborn",51.51882555,-0.108028472,1878.25
"Theobald's Road , Holborn",51.52059681,-0.116688468,3220.25
"Euston Road, Euston",51.5262363,-0.134407652,2330.5
"Calshot Street , King's Cross",51.53136059,-0.117069978,1601
"Newgate Street , St. Paul's",51.5154186,-0.098850915,4588.5
"Farringdon Lane, Clerkenwell",51.52352001,-0.108340165,1960.75
"Old Street Station, St. Luke's",51.52548,-0.089659871,7032.25
"Vauxhall Cross, Vauxhall",51.48591714,-0.124469948,10394
"Torrens Street, Angel",51.53219984,-0.105480698,2781.75
"Longford Street, The Regent's Park",51.52559505,-0.144083893,2813.25
"Russell Square Station, Bloomsbury",51.52341837,-0.124121774,4595.75
"Sadlers Sports Centre, Finsbury",51.52486887,-0.099489485,3094.5
"Arundel Street, Temple",51.511726,-0.11385596,2813
"Webber Street , Southwark",51.50069361,-0.102091246,3793.25
"Great Titchfield Street, Fitzrovia",51.52025302,-0.141327271,2539.75
"Chancery Lane, Holborn",51.514274,-0.111257,1825.25
"Panton Street, West End",51.50963938,-0.131510949,7670.75
"Breams Buildings, Holborn",51.51593725,-0.111778348,1032.25
"Tanner Street, Bermondsey",51.50064702,-0.078600401,7592.75
"Sancroft Street, Vauxhall",51.48947903,-0.115156562,2091.75
"Devonshire Square, Liverpool Street",51.51646835,-0.079684557,3797
"Bayley Street , Bloomsbury",51.51858757,-0.132053392,5831
"Tavistock Place, Bloomsbury",51.5262503,-0.123509611,4104
"Harrington Square 1, Camden Town",51.53301907,-0.139174593,1532.75
"Walnut Tree Walk, Vauxhall",51.49368637,-0.111014912,3695.5
"Borough Road, Elephant & Castle",51.49889832,-0.100440521,4831
"Cloudesley Road, Angel",51.53440868,-0.109025404,3451.75
"Bricklayers Arms, Borough",51.49506109,-0.085814489,5773
"Aldersgate Street, Barbican",51.5208417,-0.097340162,5375.5
"Falkirk Street, Hoxton",51.53095071,-0.078505384,3397.75
"Gloucester Road (North), Kensington",51.49792478,-0.183834706,6350
"Hampstead Road, Euston",51.52554222,-0.138231303,4180
"Old Quebec Street, Marylebone",51.51457763,-0.158264483,8073.25
"Albert Embankment, Vauxhall",51.49043573,-0.122806861,4991.5
"Queen Street 1, Bank",51.51155322,-0.0929401,3998.75
"Jewry Street, Aldgate",51.51340693,-0.076793375,3629.5
"Vicarage Gate, Kensington",51.50472376,-0.192538767,2514
"Crosswall, Tower",51.51159481,-0.077121322,4797.25
"Westbourne Grove, Bayswater",51.51552971,-0.190240716,6087.25
"Woodstock Street, Mayfair",51.51410514,-0.147301667,650
"Finsbury Leisure Centre, St. Luke's",51.52600832,-0.096317627,5404.5
"Abbey Orchard Street, Westminster",51.49812559,-0.132102166,3108.25
"Soho Square , Soho",51.51563144,-0.132328837,11059.75
"Wellington Road, St. John's Wood",51.53304322,-0.172528678,2167.25
"Park Lane , Hyde Park",51.5100172,-0.157275636,7662
"Stonecutter Street, Holborn",51.51580998,-0.105270275,NA
"Gloucester Road (Central), South Kensington",51.49646288,-0.183289032,4861.5
"Park Road (Baker Street), The Regent's Park",51.52451738,-0.158963647,5972
"Braham Street, Aldgate",51.51423368,-0.073537654,6743.75
"Little Argyll Street, West End",51.51449962,-0.141423695,11426.75
"Lollard Street, Vauxhall",51.49288067,-0.114934001,3940.5
"Rochester Row, Westminster",51.49582705,-0.13547809,4894.5
"Bath Street, St. Luke's",51.52589324,-0.090847761,7079
"The Guildhall, Guildhall",51.51573534,-0.093080779,459.25
"Baker Street, Marylebone",51.51891348,-0.156166631,3480.25
"Norton Folgate, Liverpool Street",51.52111369,-0.078869751,4828
"St. John Street, Finsbury",51.52836014,-0.104724625,2446
"Eaton Square, Belgravia",51.49654462,-0.150905245,2982.75
"Borough High Street, The Borough",51.50069491,-0.094524319,6367.75
"Museum of London, Barbican",51.51782144,-0.096496865,3560.75
"Wood Street, Guildhall",51.51700801,-0.09388536,1304.75
"Emperor's Gate, South Kensington",51.49536226,-0.185296516,4271.75
"Golden Square, Soho",51.5118973,-0.137043852,5325.25
"Tower Gardens , Tower",51.50950627,-0.075459482,11992.25
"Eversholt Street , Camden Town",51.53300545,-0.136792671,3582.5
"Bethnal Green Road, Shoreditch",51.52364804,-0.074754872,14717.25
"Derry Street, Kensington",51.50136494,-0.191462381,12699.5
"Wapping High Street, Wapping",51.504904,-0.06797,4049.5
"Clerkenwell Green, Clerkenwell",51.52326004,-0.104708922,4992.75
"Queen Victoria Street, St. Paul's",51.51196176,-0.097441687,7651
"Green Street, Mayfair",51.51227622,-0.157436972,7690.25
"Lambeth Road, Vauxhall",51.49488108,-0.117974901,1453.5
"Finsbury Square , Moorgate",51.52096262,-0.085634242,3111.5
"Chapel Place, Marylebone",51.51530805,-0.147203711,4596.5
"West Cromwell Road, Earl's Court",51.49372451,-0.198286569,4243.5
"Pont Street, Knightsbridge",51.4968865,-0.161203828,5258.5
"Kennington Cross, Kennington",51.48894022,-0.111435796,5750.5
"Ilchester Place, Kensington",51.50074359,-0.202759212,3178
"Vauxhall Bridge , Pimlico",51.48836528,-0.129361842,4579.5
"Tachbrook Street, Victoria",51.49211134,-0.138364847,4351.25
"Kennington Road Post Office, Oval",51.48478899,-0.110683213,5637.5
"Holy Trinity Brompton, Knightsbridge",51.49705603,-0.168917077,7368
"Chepstow Villas, Notting Hill",51.51213691,-0.201554966,4743
"Hampton Street, Walworth",51.49217002,-0.101536865,7090.25
"Bayswater Road, Hyde Park",51.511933,-0.174411,12010.25
"Waterloo Station 3, Waterloo",51.50379168,-0.11282408,4211.5
"Lexham Gardens, Kensington",51.49586666,-0.191933711,4864
"New Kent Road, The Borough",51.49443626,-0.092921165,2253.5
"Wright's Lane, Kensington",51.50039792,-0.193068385,9849.75
"Trebovir Road, Earl's Court",51.49085368,-0.196170309,7849
"Waterloo Place, St. James's",51.50663341,-0.131773845,6767.75
"Guildhouse Street, Victoria",51.49234577,-0.141334487,3371.5
"Southampton Place, Holborn",51.51760685,-0.121328408,4099.75
"Sloane Avenue, Knightsbridge",51.4931848,-0.167894973,8873.75
"Cleveland Gardens, Bayswater",51.515607,-0.183118788,3907
"Orsett Terrace, Bayswater",51.517932,-0.183716959,2112
"Seville Street, Knightsbridge",51.50185512,-0.159237081,8359
"Eccleston Place, Victoria",51.49395092,-0.147624377,7817.75
"Argyll Road, Kensington",51.50040123,-0.195455928,7263.25
"Porchester Place, Paddington",51.51474612,-0.165164288,7515
"Hardwick Street, Clerkenwell",51.52784273,-0.108068155,1533
"Collingham Gardens, Earl's Court",51.4916156,-0.186753859,4479.5
"Sumner Place, South Kensington",51.49121192,-0.173715911,5108.25
"Waterloo Road, South Bank",51.50486,-0.113001,4804
"Worship Street, Shoreditch",51.521668,-0.079608554,2716.5
"Gloucester Terrace, Bayswater",51.51791921,-0.188098863,4632.25
"Ashley Place, Victoria",51.49616092,-0.140947636,7370
"Warwick Square, Pimlico",51.48985626,-0.141923621,6151.25
"North Audley Street, Mayfair",51.5129118,-0.153645496,4810.25
"Belgrave Square, Belgravia",51.49941247,-0.152317537,5654.5
"Bell Street , Marylebone",51.52202903,-0.165842551,3746
"Riverlight North, Nine Elms",51.482362,-0.13612398,8936.5
"Portland Place, Marylebone",51.52071513,-0.14521173,3493
"Alderney Street, Pimlico",51.48805753,-0.140741432,6820.75
"South Wharf Road, Paddington",51.51733558,-0.175810943,4624.5
"Queen's Gate (South), South Kensington",51.49247977,-0.178433004,6499
"Nutford Place, Marylebone",51.5165179,-0.164393768,4780.25
"Claremont Square, Angel",51.53166681,-0.109914711,4661
"Rampayne Street, Pimlico",51.48997562,-0.132845681,7409
"Hyde Park Corner, Hyde Park",51.50311799,-0.153520935,18443.75
"Wardour Street, Soho",51.51251523,-0.133201961,8997
"Bankside Mix, Bankside",51.50581776,-0.100186337,8251.25
"Hop Exchange, The Borough",51.50462759,-0.091773776,18593.25
"Milroy Walk, South Bank",51.50724437,-0.106237501,5265
"Union Street, The Borough",51.50368837,-0.098497684,3976.5
"Stamford Street, South Bank",51.50556905,-0.111606696,4515.5
"Great Tower Street, Monument",51.51048489,-0.082989638,7874.25
"LMU Commercial Road, Whitechapel",51.51492456,-0.066078037,7766.75
"Dorset Square, Marylebone",51.5225965,-0.161113413,4698
"Leman Street, Aldgate",51.51236389,-0.06954201,9056.75
"West Smithfield Rotunda, Farringdon",51.51821864,-0.100791005,5314
"Margery Street, Clerkenwell",51.52659961,-0.112432615,3521.5
"New Road 1 , Whitechapel",51.518154,-0.062697,8333.75
"Grosvenor Crescent, Belgravia",51.50135267,-0.153194766,3167.75
"Mallory Street, Marylebone",51.52505151,-0.166304359,1389.75
"Denyer Street, Knightsbridge",51.49358391,-0.165101392,3025.25
"Hinde Street, Marylebone",51.51681444,-0.151926305,7472
"Cadogan Place, Knightsbridge",51.49464523,-0.158105512,7000.5
"Wellington Arch, Hyde Park",51.50274025,-0.149569201,15899.5
"Endsleigh Gardens, Euston",51.52683806,-0.130504336,4399.25
"Moorfields, Moorgate",51.51906932,-0.088285377,2883.25
"Old Brompton Road, South Kensington",51.49094565,-0.181190899,8016.75
"Wormwood Street, Liverpool Street",51.51615461,-0.082422399,9907.5
"St. Luke's Church, Chelsea",51.48971651,-0.170194408,7775.5
"Bramham Gardens, Earl's Court",51.49016361,-0.19039362,10128
"Chelsea Green, Chelsea",51.49066456,-0.166485083,5348
"Horseferry Road, Westminster",51.49481649,-0.13045856,4906.75
"Knightsbridge, Hyde Park",51.50275704,-0.155349725,4272.5
"Rodney Road , Walworth",51.49148474,-0.090220911,8486
"Queensway, Kensington Gardens",51.51031,-0.18740235,NA
"Notting Hill Gate Station, Notting Hill",51.50935342,-0.196422,8420.5
"Charles II Street, West End",51.50844614,-0.131961389,5595.75
"Great Percy Street, Clerkenwell",51.52891573,-0.115480888,4768
"St. James's Square, St. James's",51.50742485,-0.134621209,11095.5
"Whitehall Place, Strand",51.50654321,-0.123179697,16471
"Poured Lines, Bankside",51.50669284,-0.103137426,5015.5
"Queen's Gate (Central), South Kensington",51.49396755,-0.17873226,7353
"Carey Street, Holborn",51.51501025,-0.112753217,1745.5
"Pall Mall East, West End",51.50777049,-0.130699733,9074.25
"Liverpool Road (N1 Centre), Angel",51.53450449,-0.106992706,8761
"Kennington Road  , Vauxhall",51.49571828,-0.110889274,5068
"Fashion Street, Whitechapel",51.51838043,-0.073438925,3918.75
"Dock Street, Wapping",51.5097860151,-0.0681619805156,4257.5
"Frampton Street, Paddington",51.5233534,-0.175116099,2674.5
"Warren Street Station, Euston",51.52443845,-0.138019439,5984
"Colombo Street, Southwark",51.50545935,-0.10569204,1617.75
"Beaumont Street, Marylebone",51.52200801,-0.151359288,4327
"Gloucester Street, Pimlico",51.49096258,-0.139625122,7503
"Earnshaw Street , Covent Garden",51.51611887,-0.128585022,9260.5
"Grosvenor Road, Pimlico",51.4853572,-0.142207481,5152
"Berry Street, Clerkenwell",51.52285301,-0.099994052,5082
"St. John's Wood Church, The Regent's Park",51.530529,-0.167515,5502.25
"Triangle Car Park, Hyde Park",51.50645179,-0.170279555,14334.25
"Harper Road, The Borough",51.49859784,-0.096191134,6896.75
"Royal Avenue 1, Chelsea",51.489932,-0.162727,5658.25
"Brushfield Street, Liverpool Street",51.518908,-0.079249,17959.25
"Jubilee Gardens, South Bank",51.5046364,-0.116542278,9961.25
"Shoreditch Park, Hoxton",51.53404294,-0.086379717,6347.5
"Chadwell Street, Angel",51.53051587,-0.106408455,7777
"Clifton Road, Maida Vale",51.52557531,-0.179592915,5381.75
"Houghton Street, Strand",51.51362054,-0.116764211,1693.5
"Westminster University, Marylebone",51.52248185,-0.154907218,5493.75
"Kensington Gore, Knightsbridge",51.50143293,-0.178656971,2786.75
"Bourne Street, Belgravia",51.490959,-0.1532331,5927
"Broadwick Street, Soho",51.5136846,-0.135580879,6753
"Princes Square, Bayswater",51.5134891,-0.191351186,4265.75
"LSBU (Borough Road), Elephant & Castle",51.49874469,-0.103132904,4329.5
"St. Mary Axe, Aldgate",51.51422502,-0.080660083,3246.75
"Tysoe Street, Clerkenwell",51.52644342,-0.109256828,8174
"Southwick Street, Paddington",51.51595344,-0.169249375,5437.5
"Queen's Gate (North), Kensington",51.50102668,-0.180246101,8755.75
"Regency Street, Westminster",51.49206037,-0.132224622,4587
"Belgrave Road, Victoria",51.49320445,-0.144132875,5979.75
"Empire Square, The Borough",51.50082346,-0.089740764,5559.25
"Kennington Lane Rail Bridge, Vauxhall",51.4863434,-0.122492418,12841.5
"London Zoo,  The Regent's Park",51.53583617,-0.156285395,6813.75
"Baylis Road, Waterloo",51.50144456,-0.110699309,9639.75
"Belvedere Road 1, South Bank",51.50613324,-0.114686385,7655.75
"Warwick Road, Olympia",51.49671237,-0.20528437,7560.25
"Barbican Centre, Barbican",51.52004497,-0.092176447,6328
"Lower Thames Street, Monument",51.50930161,-0.084985356,4716.5
"Kensington Church Street, Kensington",51.50315739,-0.191496313,6859.5
"Tooley Street, Bermondsey",51.5034938,-0.07962099,12150.75
"North Wharf Road, Paddington",51.51862243,-0.176645823,2568.75
"Royal Avenue 2, Chelsea",51.490083,-0.162418,11663
"Smith Square, Westminster",51.49580589,-0.127575233,4895.5
"Royal London Hospital, Whitechapel",51.518675,-0.06111,9033.75
"Kingsway, Covent Garden",51.51440928,-0.118478757,2017.25
"Lambeth North Station, Waterloo",51.49914063,-0.112031483,5471.75
"St. John's Wood Road, St. John's Wood",51.5272947,-0.174653609,3038
"Bedford Way, Bloomsbury",51.52367314,-0.128377673,2433
"Elizabeth Bridge, Victoria",51.49236962,-0.147478734,11189
"South Audley Street, Mayfair",51.50923022,-0.151296092,1359
"St Mary's Hospital, Paddington",51.518268,-0.17110323,NA
"Claverton Street, Pimlico",51.48483991,-0.138089062,7508.25
"Montpelier Street, Knightsbridge",51.49888404,-0.165471605,10163.5
"Kensington Olympia Station, Olympia",51.49815779,-0.209494128,3590.25
"St. George's Square, Pimlico",51.488226,-0.135635511,9849.25
"Swan Street, The Borough",51.50029631,-0.092762704,4655
"Knaresborough Place, Earl's Court",51.49363156,-0.190603326,5296
"Geraldine Street, Elephant & Castle",51.49612799,-0.106000855,2128.75
"Curlew Street, Shad Thames",51.50227992,-0.074189225,9288
"Vincent Square, Westminster",51.49398524,-0.136928582,2720.5
"Serpentine Car Park, Hyde Park",51.505014,-0.17306032,16735.75
"Marylebone Lane, Marylebone",51.51475963,-0.148105415,10159.75
"Putney Pier, Wandsworth",51.466907,-0.216573,11204.75
"Albert Gate, Hyde Park",51.50295379,-0.158456089,17563.5
"Rathbone Street, Fitzrovia",51.51816295,-0.135025698,3334.5
"Black Lion Gate, Kensington Gardens",51.50990837,-0.187842717,22285
"Long Lane , Bermondsey",51.49907558,-0.085666316,4798.5
"Embankment (Savoy), Strand",51.50963123,-0.119047563,6703.5
"Black Prince Road, Vauxhall",51.4908679,-0.116911864,6942.25
"Foley Street, Fitzrovia",51.51918144,-0.140485596,4377.75
"Grove End Road, St. John's Wood",51.53088935,-0.176770502,5196
"Wells Street, Fitzrovia",51.51734403,-0.138072691,5972.5
"Tyers Gate, Bermondsey",51.50088934,-0.083159352,4337.5
"The Tennis Courts, The Regent's Park",51.52536703,-0.153463612,7841
"Warwick Row, Westminster",51.497998,-0.14296064,NA
"Dickens Square, Borough",51.49679128,-0.093913472,2404
"Sackville Street, Mayfair",51.51004801,-0.138846453,8630.25
"Baldwin Street, St. Luke's",51.52702563,-0.088542771,5732
"Queen Mother Sports Centre, Victoria",51.49357351,-0.139956043,7118.5
"Bermondsey Street, Bermondsey",51.49785559,-0.081608045,10051.5
"Palissy Street, Shoreditch",51.526293,-0.073955,5220
"Clifton Street, Shoreditch",51.523196,-0.083067,2879.5
"Ontario Street, Elephant & Castle",51.49652013,-0.101384068,10343.25
"St. Martin's Street, West End",51.50908747,-0.129697889,7095.75
"Graham Street, Angel",51.53266186,-0.099981142,9002
"New North Road 1, Hoxton",51.53095,-0.085603,2624.75
"New North Road 2, Hoxton",51.53114,-0.086016,4426.25
"Prince Albert Road, The Regent's Park",51.53589283,-0.160854428,9016.25
"Eastbourne Mews, Paddington",51.51641749,-0.179135079,6380.75
"Bunhill Row, Moorgate",51.52085887,-0.089887855,7129.5
"Nevern Place, Earl's Court",51.49334336,-0.194757949,7436.5
"Palace Gardens Terrace, Notting Hill",51.50860544,-0.193764092,9465.75
"Concert Hall Approach 1, South Bank",51.505044,-0.115851,6700.75
"Tavistock Street, Covent Garden",51.51196803,-0.120718759,10310.75
"Concert Hall Approach 2, South Bank",51.504942,-0.115533,4262.5
"Pembridge Villas, Notting Hill",51.51108452,-0.197524944,8687.25
"Wellington Street , Strand",51.51175646,-0.119643424,13430
"Risinghill Street, Angel",51.5333196,-0.1117812,3867.5
"Bank of England Museum, Bank",51.51444134,-0.087587447,7763
"Craven Street, Strand",51.50810309,-0.12602103,17393
"London Zoo Car Park, The Regent's Park",51.53692216,-0.150181444,5141.5
"Goswell Road (City Uni), Finsbury",51.528246,-0.10102611,2623.5
"Flood Street, Chelsea",51.48802358,-0.166878535,16251
"Lower Marsh, Waterloo",51.50013942,-0.113936001,6393
"Grosvenor Square, Mayfair",51.51217033,-0.150481272,5080
"St. George Street, Mayfair",51.51196,-0.142783033,5125.75
"Queen's Gate, Kensington Gardens",51.5017154373867,-0.1798541843891,12790.5
"Macclesfield Rd, St Lukes",51.529423,-0.097122,4812
"Vauxhall Street, Vauxhall",51.486965,-0.116625,3902.75
"Greycoat Street , Westminster",51.49459148,-0.134234258,3063.75
"Northumberland Avenue, Strand",51.506767,-0.123702,6103
"Clapham Common Station, Clapham Common",51.461388,-0.13922146,NA
"South Kensington Station, South Kensington",51.494412,-0.173881,21567
"Howland Street, Fitzrovia",51.520994,-0.139016,5290.5
"High Holborn , Covent Garden",51.516226,-0.124826,NA
"Butler Place, Westminster",51.49782999,-0.135440826,4600
"Howick Place, Westminster",51.49675303,-0.138733562,7842.5
"Waterloo Station 2, Waterloo",51.50391973,-0.11342629,641.75
"Royal College Street, Camden Town",51.536264,-0.133952,4090.75
"Lord's, St. John's Wood",51.5291212008901,-0.171185284853,3647.5
"Store Street, Bloomsbury",51.519572,-0.13214036,NA
"City Road, Angel",51.530344,-0.100168,4808.75
"Millennium Hotel, Mayfair",51.5109192966489,-0.1511263847351,2976.25
"Harrowby Street, Marylebone",51.5173721,-0.1642075,5082
"Harriet Street, Knightsbridge",51.50024195,-0.15934065,8235
"Paddington Green, Paddington",51.520205,-0.174593,1610.5
"King Edward Walk, Waterloo",51.49775,-0.10988,2706
"Sardinia Street, Holborn",51.515208,-0.117863,5820.5
"Prince Consort Road, Knightsbridge",51.49980661,-0.176415994,5261.25
"Waterloo Station 1, Waterloo",51.50402794,-0.11386436,13732.25
"Kensington Town Hall, Kensington",51.50194596,-0.194392952,2919.5
"Millbank Tower, Pimlico",51.49188409,-0.125674815,12304.25
"Waterloo Bridge, South Bank",51.50535447,-0.113656543,6587.5
"Natural History Museum, South Kensington",51.49559291,-0.179077626,10455.75
"Turquoise Island, Notting Hill",51.51431171,-0.200838199,9084.25
"Stanhope Gate, Mayfair",51.50686435,-0.150666888,4138.75
"Charlotte Street, Fitzrovia",51.51953043,-0.13577731,7247.75
"Farm Street, Mayfair",51.50935171,-0.14744969,1870.75
"Frith Street, Soho",51.51310333,-0.13121385,13485.25
"Marloes Road, Kensington",51.496481,-0.192404,4102.5
"Moor Street, Soho",51.51352755,-0.130110822,17900
"Fire Brigade Pier, Vauxhall",51.49369988,-0.121394101,6816.25
"Southampton Street, Strand",51.51070161,-0.121723604,9528.25
"Upper Grosvenor Street, Mayfair",51.51013066,-0.155757901,814.5
"Buxton Street 1, Shoreditch",51.521776,-0.068856,5484.25
"Clifford Street, Mayfair",51.51066202,-0.142345694,NA
"Imperial College, Knightsbridge",51.49942855,-0.179702476,10956.25
"Snow Hill, Farringdon",51.51733427,-0.103604248,3874
"Aberdeen Place, St. John's Wood",51.524826,-0.176268,3370.5
"Cadogan Gardens, Chelsea",51.492462,-0.159919,10827.75
"Shouldham Street, Marylebone",51.51809,-0.163609,5549
"Devonshire Terrace, Bayswater",51.51348,-0.17977,9200.25
"Holland Park, Kensington",51.502319,-0.200742,8505
"Brick Lane Market, Shoreditch",51.52261762,-0.071653961,10800.75
"George Street, Marylebone",51.517703,-0.154106,6744.75
"Columbia Road, Shoreditch",51.528187,-0.075375,12215.5
"Penfold Street, Marylebone",51.52289229,-0.171681991,3572.25
"George Place Mews, Marylebone",51.51689296,-0.158249929,5445.75
"Palace Gate, Kensington Gardens",51.50204238,-0.184400221,10914.25
"Gloucester Road Station, South Kensington",51.49418566,-0.18267094,14042
"Strata, Elephant & Castle",51.493146,-0.099828,11811.25
"Edgware Road Station, Marylebone",51.519968,-0.169774,5203.25
"Rotherhithe Roundabout, Rotherhithe",51.499169,-0.055846029,NA
"Cleaver Street, Kennington",51.488105,-0.110121,3414.5
"Chelsea Bridge, Pimlico",51.485821,-0.149004,9981
"Southwark Station 1, Southwark",51.504043,-0.105312,7567.75
"Southwark Station 2, Southwark",51.504044,-0.104778,7889.25
"Eaton Square (South), Belgravia",51.49456127,-0.15393398,6358.25
"Ebury Bridge, Pimlico",51.490491,-0.149186,9493.5
"Harrington Square 2, Camden Town",51.533379,-0.139159,3850.5
"Vincent Street, Pimlico",51.493072,-0.129925,3683.5
"Cheapside, Bank",51.51397065,-0.09294031,12421.75
"Exhibition Road, Knightsbridge",51.499917,-0.174554,18845.25
"South Parade, Chelsea",51.48902,-0.17524,5777
"Crinan Street, King's Cross",51.534474,-0.122203,5114.5
"Exhibition Road Museums 1, South Kensington",51.496468,-0.17379696,NA
"Wren Street, Holborn",51.524564,-0.116279,7414.75
"Kennington Station, Kennington",51.488852,-0.105593,9215.25
"Red Lion Street, Holborn",51.51824,-0.11655,9207.25
"Vauxhall Walk, Vauxhall",51.488124,-0.120903,6698.25
"Killick Street, King's Cross",51.5338,-0.118677,3576
"Kennington Oval, Oval",51.483145,-0.113134,6630.75
"Sail Street, Vauxhall",51.495656,-0.114605,6396
"Walmer Road, Avondale",51.510101,-0.211358,3849.25
"Philpot Street, Whitechapel",51.515256,-0.058641,7356.25
"Bethnal Green Garden, Bethnal Green",51.52568,-0.055312,9197.75
"Cheshire Street, Bethnal Green",51.52388,-0.065076,6851.75
"York Hall, Bethnal Green",51.528936,-0.055894,12103.5
"Jubilee Crescent, Cubitt Town",51.493381,-0.007542,3276.25
"Fisherman's Walk West, Canary Wharf",51.50623,-0.02296,6852
"Shadwell Station, Shadwell",51.511088,-0.057159,11230.75
"Jubilee Street, Stepney",51.515975,-0.053177,5034.5
"Hermitage Court, Wapping",51.504719,-0.063531,5481
"St. Katharine's Way, Tower",51.505697,-0.070542,8456.5
"Garnet Street, Shadwell",51.508447,-0.055167,6280.75
"Napier Avenue, Millwall",51.487679,-0.021582,4722.25
"East Ferry Road, Cubitt Town",51.49447,-0.014409,3720.25
"Parkway, Camden Town",51.538071,-0.144664,8834.25
"Castlehaven Road, Camden Town",51.542138,-0.145393,15556.75
"Wapping Lane, Wapping",51.504749,-0.057544,6621.75
"Gunmakers Lane, Old Ford",51.535179,-0.03338,11467.5
"Burdett Road, Mile End",51.516196,-0.029138,8446.75
"Aston Street, Stepney",51.516,-0.038775,5472.5
"Bonny Street, Camden Town",51.541603,-0.138853,11250.25
"Thurtle Road, Haggerston",51.534776,-0.071881,NA
"St. Mary & St. Michael Church, Stepney",51.51417,-0.052099,2601.5
"Pitfield Street North,Hoxton",51.53558,-0.08249,10160
"Whiston Road, Haggerston",51.534464,-0.076341,4791.75
"Southern Grove, Bow",51.523538,-0.030556,4298
"Cantrell Road, Bow",51.521564,-0.022694,2686.5
"Lindfield Street, Poplar",51.513757,-0.020467,5846.25
"Mostyn Grove, Bow",51.530535,-0.025492,7027
"Hewison Street, Old Ford",51.533283,-0.028155,9077.25
"Malmesbury Road, Bow",51.529452,-0.027616,2624.5
"Millharbour, Millwall",51.496137,-0.019355,2230.75
"Gascoyne Road, Victoria Park",51.541515,-0.038557746,NA
"Lightermans Road, Millwall",51.499041,-0.020157,4335
"Stebondale Street, Cubitt Town",51.489096,-0.009205,4003
"Spindrift Avenue, Millwall",51.49109,-0.018716,3128
"Stepney Green Station, Stepney",51.521889,-0.04667,12381.25
"Pott Street, Bethnal Green",51.527152,-0.058005,14001.25
"Flamborough Street, Limehouse",51.5128711,-0.0389866,19429.75
"Saunders Ness Road, Cubitt Town",51.487129,-0.0090011,11018
"Exhibition Road Museums 2, South Kensington",51.495947,-0.17368958,NA
"Albert Gardens, Stepney",51.51328,-0.047784,8326.25
"Bromley High Street, Bow",51.528828,-0.013258,6444
"Old Ford Road, Bethnal Green",51.531127,-0.048017,14740
"Granby Street, Shoreditch",51.525645,-0.069543,13437
"Canton Street, Poplar",51.511811,-0.025626,4371.75
"Reardon Street, Wapping",51.506946,-0.058681,10340.75
"Christian Street, Whitechapel",51.513074,-0.064094,9581.25
"Pennington Street, Wapping",51.508622,-0.065006,3752.75
"Queen Mary's, Mile End",51.522507,-0.041378,7531
"Maplin Street, Mile End",51.525501,-0.032267204,NA
"South Quay East, Canary Wharf",51.50196,-0.016251,266
"Bow Church Station, Bow",51.528169,-0.018703,9668.5
"Devons Road, Bow",51.52512,-0.015578,9256
"Merchant Street, Bow",51.526578,-0.027581,6229.5
"Bow Road Station, Bow",51.527058,-0.025296,6357
"Furze Green, Bow",51.519265,-0.021345,4244
"Ansell House, Stepney",51.520019,-0.05438,14409.5
"Cephas Street, Bethnal Green",51.522561,-0.054883,8621.5
"Bonner Gate, Victoria Park",51.53341,-0.049591815,NA
"Cleveland Way, Stepney",51.520893,-0.051394,14701
"St. John's Park, Cubitt Town",51.496454,-0.009506,1751.75
"Ackroyd Drive, Bow",51.520398,-0.026768,5526
"Bell Lane, Liverpool Street",51.517475,-0.075855,9880.75
"Clarkson Street, Bethnal Green",51.528692,-0.059091,6775.25
"Fournier Street, Whitechapel",51.519362,-0.074431,15713.25
"Fore Street, Guildhall",51.517842,-0.090075,1003
"Westferry DLR, Limehouse",51.509303,-0.025996,13373.75
"Sutton Street, Shadwell",51.511066,-0.053558,13609.75
"Pritchard's Road, Bethnal Green",51.532091,-0.06142,15323.75
"Watney Market, Stepney",51.5142228,-0.055656,7253.75
"Portman Square, Marylebone",51.516204,-0.155525,6971.25
"Russell Gardens, Olympia",51.500088,-0.211316,5470.25
"Chrisp Street Market, Poplar",51.5112,-0.014438,4620
"Ford Road, Old Ford",51.532513,-0.033085,10600.5
"Antill Road, Mile End",51.528224,-0.037471,11802.75
"Teviot Street, Poplar",51.518811,-0.011662,2991.75
"Bancroft Road, Bethnal Green",51.526041,-0.047218,5792.75
"Driffield Road, Old Ford",51.534137,-0.037366,17271.75
"Clinton Road, Mile End",51.525941,-0.036017,8548.5
"Langdon Park, Poplar",51.51549,-0.013475,3026
"Lancaster Gate , Bayswater",51.511654,-0.179668,8465
"Lancaster Drive, Blackwall",51.503143,-0.008428,3804.5
"Hansard Mews, Holland Park",51.503802,-0.215808,7350.75
"Clarges Street, Mayfair",51.507326,-0.145827,2664.75
"Manresa Road, Chelsea",51.486892,-0.170983,12039.5
"Newby Place, Poplar",51.508896,-0.012413,3181.5
"Twig Folly Bridge, Mile End",51.530326,-0.042744,16900.5
"Jubilee Plaza, Canary Wharf",51.50357,-0.020068,8207
"Wellington Row, Bethnal Green",51.528222,-0.069743,11210.75
"Goldsmith's Row, Haggerston",51.531864,-0.066035,13142.75
"Gloucester Avenue, Camden Town",51.537349,-0.147154,7427.75
"Queensbridge Road, Haggerston",51.53385,-0.06992,7235.5
"Old Montague Street, Whitechapel",51.51793,-0.067937,9186.5
"Naval Row, Blackwall",51.508981,-0.00699,4571.25
"Hoxton Station, Hoxton",51.531091,-0.075901,8368.75
"Albany Street, The Regent's Park",51.528302,-0.144466,9131.5
"Green Park Station, Mayfair",51.506613,-0.142844,26194.75
"Salmon Lane, Limehouse",51.514115,-0.033828,10470
"Lansdowne Walk, Ladbroke Grove",51.509591,-0.204666,3134.5
"Percival Street, Finsbury",51.526153,-0.102208,5956
"Arlington Road, Camden Town",51.539957,-0.145246,6653.5
"New Fetter Lane, Holborn",51.517428,-0.107987,4061.75
"East India DLR, Blackwall",51.509474,-0.002275,5234.5
"Westminster Bridge Road, Elephant & Castle",51.498386,-0.107913,3381.5
"Gaywood  Street, Elephant & Castle",51.49605,-0.104193,8099.5
"Harford Street, Mile End",51.521564,-0.039264,7069.25
"Import Dock, Canary Wharf",51.505772,-0.016460175,4704.25
"Watney Street, Shadwell",51.511542,-0.056667,11516.25
"Regent's Row , Haggerston",51.535678,-0.062546,31571.75
"Aberfeldy Street, Poplar",51.513548,-0.005659,2555
"Heron Quays DLR, Canary Wharf",51.502661,-0.021596,3552.25
"King Edward Street, St Pauls",51.51601,-0.0985,2476.5
"Page Street, Westminster",51.493978,-0.127554,8548.5
"Abbotsbury Road, Holland Park",51.501391,-0.205991,6253.25
"Ladbroke Grove Central, Ladbroke Grove",51.511624,-0.205921,3513.25
"Rectory Square, Stepney",51.518369,-0.043371,7616
"Bury Place, Holborn",51.51746,-0.12335,6823.25
"Preston's Road, Cubitt Town",51.499286,-0.009152,4248
"Somerset House, Strand",51.509943,-0.117619,21298.75
"Selby Street, Whitechapel",51.521905,-0.063386,2750.25
"Westfield Ariel Way, White City",51.509158,-0.224103,10238.5
"Bishop's Bridge Road West, Bayswater",51.51616,-0.18697,12185.75
"Pitfield Street Central, Hoxton",51.53213,-0.08299,5937.75
"Upper Bank Street, Canary Wharf",51.503083,-0.017676,7741.25
"Westfield Southern Terrace ,Shepherd's Bush",51.506256,-0.218337,6573.75
"Greenland Road, Camden Town",51.539099,-0.141728,16850.25
"Limerston Street, West Chelsea",51.485587,-0.18119,15661.5
"Eagle Wharf Road, Hoxton",51.53356,-0.09315,15081.5
"Alpha Grove, Millwall",51.497304,-0.022793,3322
"Globe Town Market, Bethnal Green",51.528869,-0.047548,16063.25
"Hollybush Gardens, Bethnal Green",51.527607,-0.057133,8509.5
"Queen Street 2, Bank",51.511246,-0.093051,16328.75
"Doddington Grove, Kennington",51.48692917,-0.102996299,10943
"New Cavendish Street, Marylebone",51.519167,-0.147983,5233.5
"Ilchester Gardens, Bayswater",51.51244,-0.19096,12257.75
"Mudchute DLR, Cubitt Town",51.490645,-0.014582,4055.5
"Monument Street, Monument",51.50964,-0.08497,16031.75
"Hoxton Street, Hoxton",51.52959,-0.0801,5280
"Drayton Gardens, West Chelsea",51.487196,-0.179369,15418.25
"Greenberry Street, St.John's Wood",51.53256,-0.16862,3404.5
"Bishop's Bridge Road East, Bayswater",51.5171,-0.18377,2886.25
"Northdown Street, King's Cross",51.531066,-0.11934,5607
"Kingsway Southbound, Strand",51.513875,-0.117774,7867.5
"Hammersmith Road, Hammersmith",51.493267,-0.21985,11378.75
"Parson's Green , Parson's Green",51.472817,-0.199783,13758
"Fulham Park Road, Fulham",51.473471,-0.20782,9942.25
"Southerton Road, Hammersmith",51.494499,-0.228188,9113.25
"Manbre Road, Hammersmith",51.485743,-0.223616,6225.75
"South Lambeth Road, Vauxhall",51.481747,-0.124642,14144.5
"BBC White City, White City",51.514767,-0.225787,6487
"Union Grove, Wandsworth Road",51.472993,-0.133972,12516.75
"Caldwell Street, Stockwell",51.477839,-0.116493,6594.5
"St Martins Close, Camden Town",51.538792,-0.138535,5759.25
"Seymour Place, Marylebone",51.520331,-0.163667,6359.75
"Addison Road, Holland Park",51.504199,-0.210941,4929.25
"Putney Bridge Station, Fulham",51.468814,-0.210279,12099.75
"Colet Gardens, Hammersmith",51.491093,-0.216493,2393.25
"Sugden Road, Clapham",51.46512358,-0.157788279,8553
"Danvers Street, West Chelsea",51.48256792,-0.172078187,11870.25
"Princedale Road , Holland Park",51.50646524,-0.208486599,6908.5
"Wandsworth Rd, Isley Court, Wandsworth Road",51.46925984,-0.141812513,12138.75
"Woodstock Grove, Shepherd's Bush",51.50403821,-0.217400093,12569
"London Fields, Hackney Central",51.54119,-0.058826101,NA
"Finlay Street, Fulham",51.4768851,-0.215895601,13247
"Aintree Street, Fulham",51.48102131,-0.209973497,11090
"Elysium Place, Fulham",51.47107905,-0.207842908,7054
"Eel Brook Common, Walham Green",51.47625965,-0.193254007,10316.75
"Irene Road, Parsons Green",51.4737636,-0.197010096,9886
"Surrey Lane, Battersea",51.47518024,-0.167160736,9697.5
"Wandsworth Town Station, Wandsworth",51.46086446,-0.187427294,16393.5
"Lansdowne Road, Ladbroke Grove",51.50748124,-0.205535908,10606.75
"Nantes Close, Wandsworth",51.46193072,-0.180791784,4390.25
"Courland Grove, Wandsworth Road",51.4729184,-0.132102704,5041.25
"Queen's Circus, Battersea Park",51.47761941,-0.149551631,19009.75
"Normand Park, West Kensington",51.48438657,-0.20481514,18286.5
"Holden Street, Battersea",51.4687905,-0.158230901,4830.5
"William Morris Way, Sands End",51.46881971,-0.184318843,11039
"Morie Street, Wandsworth",51.45995384,-0.190184054,5539.5
"Clarence Walk, Stockwell",51.47073264,-0.126994068,6406.25
"Battersea Park Road, Nine Elms",51.4795017,-0.141770709,9340.75
"Sheepcote Lane, Battersea",51.47053858,-0.163041605,6921.75
"Vereker Road, West Kensington",51.48959104,-0.209378594,14132
"Brook Green South, Brook Green",51.49434708,-0.215804559,5476.25
"Greyhound Road, Hammersmith",51.48606206,-0.214428378,10613.75
"South Park, Sands End",51.46706414,-0.193502076,6179.25
"Spencer Park, Wandsworth Common",51.45787019,-0.174691623,4848.25
"Falcon Road, Clapham Junction",51.46663393,-0.169821175,13163.25
"Coomer Place, West Kensington",51.48357068,-0.202038682,12797.25
"Silverthorne Road, Battersea",51.47286577,-0.148059277,6648.5
"Archbishop's Park, Waterloo",51.49824168,-0.117495865,9774
"Fawcett Close, Battersea",51.46916161,-0.174485792,6303
"All Saints' Road, Portobello",51.5190427,-0.204764421,6584.75
"Rainville Road, Hammersmith",51.48373225,-0.223852256,14034.5
"Great Suffolk Street, The Borough",51.50173215,-0.100292412,7341
"Buckingham Gate, Westminster",51.49886563,-0.137424571,14507.25
"Richmond Way, Shepherd's Bush",51.50035306,-0.217515071,7683
"Peterborough Road, Sands End",51.46904022,-0.19627483,6139.75
"World's End Place, West Chelsea",51.48180515,-0.18027465,13550.5
"St. Mark's Road, North Kensington",51.51687069,-0.213872396,9537.25
"Thorndike Close, West Chelsea",51.48089844,-0.183853573,9091
"Evesham Street, Avondale",51.51148696,-0.218190203,3438.75
"Simpson Street, Clapham Junction",51.47084722,-0.17070367,12451.75
"Ashmole Estate, Oval",51.48267821,-0.117661574,9793.25
"Crabtree Lane, Fulham",51.48294452,-0.219346128,8653.75
"Broomhouse Lane, Parsons Green",51.46841875,-0.199135704,6647.5
"Blythe Road West, Shepherd's Bush",51.4996806,-0.221791552,6493.75
"Ethelburga Estate, Battersea Park",51.47729232,-0.16478637,24313
"Blackfriars Station, St. Paul's",51.511934,-0.10307894,NA
"West Kensington Station, West Kensington",51.49087074,-0.206029743,12420.5
"All Saints Church, Portobello",51.51632095,-0.202608612,13263.75
"Phene Street, Chelsea",51.48498496,-0.167919869,17499.5
"Clarendon Road, Avondale",51.51323001,-0.211593602,4689.75
"Austin Road, Battersea Park",51.474376,-0.155442787,14308.25
"Smugglers Way, Wandsworth",51.46108367,-0.191722864,11219.25
"Shepherd's Bush Road North, Shepherd's Bush",51.5015946,-0.222293381,12735.5
"Ravenscourt Park Station, Hammersmith",51.49422354,-0.236769936,11564
"Teversham Lane, Stockwell",51.47614939,-0.1232585,6067.5
"Ashley Crescent, Battersea",51.46718562,-0.152248582,12160
"Parsons Green Station, Parsons Green",51.475089,-0.201968,16016
"Hibbert Street, Battersea",51.46517078,-0.18038939,10290.25
"Carnegie Street, King's Cross",51.53546778,-0.11619105,8101.25
"Usk Road, Clapham Junction",51.46348914,-0.182126248,9221
"Hartington Road, Stockwell",51.47787084,-0.126874471,12754.75
"Heath Road, Battersea",51.46866929,-0.146544642,4354.75
"Esmond Street, Putney",51.46231278,-0.211468596,5926.75
"Orbel Street, Battersea",51.47453545,-0.170210533,10323.25
"Westbridge Road, Battersea",51.47768469,-0.170329317,17353.5
"Bishop's Avenue, Fulham",51.47303687,-0.214749808,15060
"Crisp Road, Hammersmith",51.48810829,-0.22660621,12405
"Dorothy Road, Clapham Junction",51.46506424,-0.163750945,9017.25
"Neville Gill Close, Wandsworth",51.45475251,-0.195197203,9292
"Osiers Road, Wandsworth",51.46067005,-0.198735357,9094.75
"Beryl Road, Hammersmith",51.48814438,-0.222456468,9670.5
"Northfields, Wandsworth",51.46095151,-0.20066766,4161.25
"Spanish Road, Clapham Junction",51.45922541,-0.180884959,5228.75
"Stanley Grove, Battersea",51.47047503,-0.152130083,7007
"Erin Close, Walham Green",51.47946386,-0.195777222,16899.25
"Cadogan Close, Victoria Park",51.54211855,-0.028941601,16002.5
"Felsham Road, Putney",51.464786,-0.215618902,10752.25
"Putney Rail Station, Putney",51.46071722,-0.216526155,10538
"Islington Green, Angel",51.53638435,-0.102757578,23373.75
"Charing Cross Hospital, Hammersmith",51.48728535,-0.217995921,6605.25
"Charlotte Terrace, Angel",51.53639219,-0.112721065,6555.5
"Shoreditch Court, Haggerston",51.53908372,-0.070329419,10360.25
"Belford House, Haggerston",51.5366541,-0.07023031,7956
"Battersea Church Road, Battersea",51.47696496,-0.174347066,8183
"Vicarage Crescent, Battersea",51.47287627,-0.176267008,15642.75
"Durant Street, Bethnal Green",51.52868155,-0.065550321,14305.25
"St. Bride Street, Holborn",51.51505991,-0.10534448,15193.5
"Mexfield Road, East Putney",51.45682071,-0.202802098,3143
"Upper Richmond Road, Putney",51.45971528,-0.212145939,7525.25
"Snowsfields, London Bridge",51.50215353,-0.083632928,9666
"Barons Court Station, West Kensington",51.49021762,-0.215087092,8167.5
"Disraeli Road, Putney",51.46161068,-0.21614583,7093
"Montserrat Road , Putney",51.46321128,-0.215550761,8237.25
"Albert Bridge Road, Battersea Park",51.47439218,-0.163347594,18225.75
"Everington Street, Fulham",51.48335692,-0.216305546,11774.25
"Mile End Stadium, Mile End",51.51854104,-0.034903714,12566
"Hawley Crescent, Camden Town",51.54100708,-0.14326094,7576.5
"Stewart's Road, Wandsworth Road",51.47311696,-0.137235175,5335.75
"Aylward Street, Stepney",51.51563007,-0.049067243,6723.25
"Stainsby Road , Poplar",51.51542791,-0.02356501,8140
"Dunston Road , Haggerston",51.53658514,-0.075885686,21437.5
"Ada Street, Hackney Central",51.53571683,-0.060291813,16539
"Victoria Park Road, Hackney Central",51.53642464,-0.054162264,20790
"Star Road, West Kensington",51.48724429,-0.205279052,10631
"Wendon Street, Old Ford",51.53603947,-0.026262677,9739.75
"Finnis Street, Bethnal Green",51.52458353,-0.058631453,6247
"Stephendale Road, Sands End",51.46822047,-0.190346493,18404.75
"Alma Road, Wandsworth",51.45799126,-0.184806157,7037.25
"Walworth Square, Walworth",51.491327,-0.096518684,NA
"Alfreda Street, Battersea Park",51.47505096,-0.150908371,9042
"Chesilton Road, Fulham",51.47569809,-0.20587627,13857.25
"Putney Bridge Road, East Putney",51.46199911,-0.206240805,8217.75
"St. Peter's Terrace, Fulham",51.47893931,-0.208485293,13705.5
"Bridge Avenue, Hammersmith",51.49208492,-0.229116862,14515.75
"Duke Street Hill, London Bridge",51.50630441,-0.087262995,26512.75
"Park Lane, Mayfair",51.50542628,-0.150817316,8915.25
"Plough Terrace, Clapham Junction",51.46230566,-0.175407201,8176.75
"Grant Road East, Clapham Junction",51.46489445,-0.17302926,9257
"Queensdale Road, Shepherd's Bush",51.50659035,-0.216104479,7352.75
"Fulham Broadway, Walham Green",51.47993289,-0.19411695,29332.75
"Imperial Road, Sands End",51.47514228,-0.187278987,9562.25
"Sirdar Road, Avondale",51.51092871,-0.214594781,2403
"Freston Road, Avondale",51.5129814,-0.219486603,4108.5
"Blenheim Crescent, Ladbroke Grove",51.51510818,-0.208565479,12263.25
"Oxford Road, Putney",51.46079243,-0.212607684,5740
"Ingrave Street, Clapham Junction",51.46745485,-0.172293499,2803.75
"Upcerne Road, West Chelsea",51.47816972,-0.18243547,6531.75
"Lots Road, West Chelsea",51.4795738,-0.17903854,13761
"Ormonde Gate, Chelsea",51.48796408,-0.161765173,12322.5
"Hertford Road, De Beauvoir Town",51.53727795,-0.079201849,13160
"Haggerston Road, Haggerston",51.53932857,-0.074284675,14725
"Culvert Road, Battersea",51.4710956,-0.157850096,5400
"Newton Street, Covent Garden",51.51612862,-0.120909408,5420
"Grenfell Road, Avondale",51.5129006,-0.214762686,5132
"The Vale, Chelsea",51.48512191,-0.174971902,21132.25
"Prince of Wales Drive, Battersea Park",51.47515398,-0.159169801,10839.25
"Harcourt Terrace, West Brompton",51.48795853,-0.187404506,12214
"Westbourne Park Road, Portobello",51.51787005,-0.201005397,10381.75
"Broadley Terrace, Marylebone",51.52456169,-0.165668686,3496.25
"Humbolt Road, Fulham",51.48321729,-0.211860644,11732.75
"Storey's Gate, Westminster",51.50070305,-0.129698963,34921.5
"Mile End Park Leisure Centre, Mile End",51.52059714,-0.032566533,9271.5
"St. John's Road, Clapham Junction",51.46239255,-0.16829214,14936.25
"Ranelagh Gardens, Fulham",51.46760141,-0.20682737,8382.75
"Ram Street, Wandsworth",51.45752945,-0.192165613,17619.5
"Santos Road, Wandsworth",51.45705988,-0.200806304,3531
"Clapham Common North Side, Clapham Common",51.46134382,-0.159322467,22698.25
"Sandilands Road, Walham Green",51.473611,-0.191803,9333.5
"Gwendwr Road, West Kensington",51.491026,-0.209121,8529
"Rifle Place, Avondale",51.509224,-0.216016,4708.25
"Binfield Road, Stockwell",51.47250956,-0.122831913,13455.75
"Tallis Street, Temple",51.511891,-0.107349,9836.5
"Hurlingham Park, Parsons Green",51.470131,-0.20464,4863
"Little Brook Green, Brook Green",51.496664,-0.223868,7748.25
"Abyssinia Close, Clapham Junction",51.460333,-0.167029,9006.75
"Limburg Road, Clapham Junction",51.4619230679,-0.165297856693,5294.25
"Houndsditch, Aldgate",51.514449,-0.077178979,6054
"Imperial Wharf Station, Sands End",51.474665,-0.18316517,19507.25
"Victoria & Albert Museum, South Kensington",51.495898,-0.173009,16005
"Halford Road, West Kensington",51.483911,-0.19760944,14487.75
"Monier Road, Hackney Wick",51.5403115,-0.021630359,12937
"East Village, Queen Elizabeth Olympic Park",51.546326,-0.00993526,8375.75
"Aquatic Centre, Queen Elizabeth Olympic Park",51.54094,-0.010510565,15589
"Lee Valley VeloPark, Queen Elizabeth Olympic Park",51.549369,-0.015717614,7416.5
"Timber Lodge, Queen Elizabeth Olympic Park",51.546805,-0.01469126,9867
"Podium, Queen Elizabeth Olympic Park",51.538718,-0.011889482,11276.25
"Stratford Station, Stratford",51.541793,-0.00481,11079.75
"Blackfriars Road, Southwark",51.505461,-0.10454093,11260.75
"Cromer Street, Bloomsbury",51.528279,-0.11955857,7714.75
"Victoria Rise, Clapham Common",51.461376,-0.14780467,NA
"Euston Square Gardens, Euston",51.527068,-0.13186102,6600
"Coram Street, Bloomsbury",51.524,-0.12640984,6971.75
"Ossulston Street, Somers Town",51.5293,-0.12827903,7744
"Birkenhead Street, King's Cross",51.5301998755,-0.122299440803,12986.75
"Kings Gate House, Westminster",51.4976984561,-0.137598896295,6752.5
"Sopwith Way, Battersea Park",51.4811219398,-0.149035374873,25680.25
"Lavington Street, Bankside",51.5052241745,-0.0980318118664,9217.5
"Albert Square, Stockwell",51.4765900593,-0.118256789081,11992.5
"Southwark Street, Bankside",51.5054099403,-0.0983410884509,3973.5
"Good's Way, King's Cross",51.5346677396,-0.125078652873,21149.5
"The Metropolitan, Portobello",51.520509,-0.20080483,NA
"Handyside Street, King's Cross",51.5372405623,-0.124807385707,13239
"Bevington Road West, North Kensington",51.5212,-0.208888173,12753.5
"Gauden Road, Clapham",51.464995,-0.13090885,NA
"Lincoln's Inn Fields, Holborn",51.5162778834,-0.118272991635,5219.25
"Tate Modern, Bankside",51.5067252868,-0.0988072461627,15266.25
"Westferry Circus, Canary Wharf",51.5057030357,-0.0277727426235,13958.75
"Here East North, Queen Elizabeth Olympic Park",51.5487311915,-0.0226065549321,8179.5
"New Spring Gardens Walk, Vauxhall",51.4878074485,-0.122759625866,7028.25
"Clapham Road, Lingham Street, Stockwell",51.4714330677,-0.123670735702,9442.25
"Lambeth Palace Road, Waterloo",51.5000891978,-0.116628700672,22193.5
"Here East South, Queen Elizabeth Olympic Park",51.5465327935,-0.0205975904647,7724.75
"Riverlight South, Nine Elms",51.4813354746,-0.138212295869,10038.75
"Westminster Pier, Westminster",51.501513,-0.12382322,NA
"Belvedere Road 2, South Bank",51.50621,-0.114842,13721.25
"Victory Place, Walworth",51.492807,-0.091938,8012.25
"Battersea Power Station, Battersea Park",51.4835074867,-0.147714557371,27814.5
"Allington Street, Victoria",51.496863,-0.1429434,23948.5
"Cranmer Road, Stockwell",51.479601,-0.11147178,14443.25
"Normandy Road, Stockwell",51.473874,-0.11258096,11825.75
"Wynne Road, Stockwell",51.469217,-0.11268674,6378.25
"Sidney Road, Stockwell",51.469202,-0.11902256,7984.75
"St John's Crescent, Brixton",51.466232,-0.11317995,6778
"Ferndale Road, Brixton",51.464019,-0.11578197,NA
"Saltoun Road, Brixton",51.460232,-0.11537509,16227
"Gas Holders, Battersea Park",51.477966,-0.14785703,12094.75
"Farringdon Street, Holborn",51.516785,-0.10494775,5259
"York Way, Kings Cross",51.541596,-0.12544145,10973.5
"Fore Street Avenue, Guildhall",51.518093,-0.0914017,2062.5
"Sea Containers, South Bank",51.508033,-0.10682363,19692.75
"George Row, Bermondsey",51.498585,-0.068981764,NA
"Tower Wharf, Bermondsey",51.500845,-0.074704305,NA
"Temple Gardens, Temple",51.510981,-0.10832249,NA
"Canada Water Station, Rotherhithe",51.498439,-0.049150215,NA
"Bermondsey Station, Bermondsey",51.497995,-0.063471392,NA
