"name","lat","long","k"
"River Street , Clerkenwell",51.52916347,-0.109970527,1506.25
"Phillimore Gardens, Kensington",51.49960695,-0.197574246,9933
"Christopher Street, Liverpool Street",51.52128377,-0.084605692,2041
"St. Chad's Street, King's Cross",51.53005939,-0.120973687,3012
"Sedding Street, Sloane Square",51.49313,-0.156876,7368
"Broadcasting House, Marylebone",51.51811784,-0.144228881,3520
"Charlbert Street, St. John's Wood",51.53430039,-0.1680743,2813.5
"Maida Vale, Maida Vale",51.529857,-0.18348604,6477.5
"New Globe Walk, Bankside",51.5073853,-0.096440751,4089.5
"Park Street, Bankside",51.50597426,-0.092754157,3624.5
"Brunswick Square, Bloomsbury",51.52395143,-0.122502346,2445
"Malet Street, Bloomsbury",51.52168078,-0.130431727,3157.75
"Scala Street, Fitzrovia",51.51991453,-0.136039674,1874.75
"Belgrove Street , King's Cross",51.52994371,-0.123616824,8505.75
"Great Russell Street, Bloomsbury",51.51772703,-0.127854211,2632.75
"Cartwright Gardens , Bloomsbury",51.52635795,-0.125979294,2887.5
"Hatton Wall, Holborn",51.5216612,-0.109006325,5687.5
"Drury Lane, Covent Garden",51.51477076,-0.12221963,8438.25
"Taviton Street, Bloomsbury",51.52505093,-0.131161087,503.25
"Drummond Street , Euston",51.527326,-0.13605286,1249.75
"Northington Street , Holborn",51.5222641,-0.114079481,3201
"Red Lion Square, Holborn",51.51943538,-0.119123345,1303.25
"British Museum, Bloomsbury",51.51908011,-0.124678402,4629.25
"Doric Way , Somers Town",51.5288338,-0.132250369,3076
"Ampton Street , Clerkenwell",51.52728093,-0.11829517,2731.75
"Bouverie Street, Temple",51.51382102,-0.107927706,2391
"Bolsover Street, Fitzrovia",51.52351808,-0.143613641,6540.75
"Hereford Road, Bayswater",51.513735,-0.193487,3597.25
"Windsor Terrace, Hoxton",51.52915444,-0.093421615,3888.75
"Fanshaw Street, Hoxton",51.52953709,-0.083353323,4329.5
"Leonard Circus , Shoreditch",51.52469624,-0.084439283,6431.5
"Central House, Aldgate",51.515231,-0.07015,7557.75
"Pancras Road, King's Cross",51.5341235,-0.129386874,3023.25
"De Vere Gardens, Kensington",51.50173726,-0.184980612,5609.25
"Penywern Road, Earl's Court",51.49159394,-0.192369256,8097
"Abingdon Villas, Kensington",51.4973875,-0.197245586,3501.5
"Shoreditch High Street, Shoreditch",51.5263778,-0.078130921,10516.75
"Commercial Street, Shoreditch",51.52127071,-0.0755789,5720.75
"Pindar Street, Liverpool Street",51.520955,-0.083493552,1376.75
"Wenlock Road , Hoxton",51.53099181,-0.093903825,3196.5
"Crawford Street, Marylebone",51.52026,-0.157183945,3062.25
"Bruton Street, Mayfair",51.51073687,-0.144165239,2960.75
"Boston Place, Marylebone",51.522511,-0.162298,2362.25
"Nesham Street, Wapping",51.507131,-0.06691,6533.75
"Warwick Avenue Station, Maida Vale",51.52334476,-0.183846408,5458
"Godliman Street, St. Paul's",51.51248445,-0.099141408,5853.25
"Curzon Street, Mayfair",51.50706909,-0.145904427,2307.5
"East Road, Hoxton",51.52867339,-0.087459376,2057
"Finsbury Library , Finsbury",51.52671796,-0.104298194,2250.5
"Roscoe Street, St. Luke's",51.52295439,-0.094934859,2789.5
"Grafton Street, Mayfair",51.5099923,-0.143495266,1101.75
"Golden Lane, Barbican",51.52174785,-0.094475072,3711.75
"Finsbury Circus, Liverpool Street",51.51707521,-0.086685542,4595
"Paddington Street, Marylebone",51.52058381,-0.154701411,4921.75
"Guilford Street , Bloomsbury",51.52334672,-0.120202614,3036.5
"New Inn Yard, Shoreditch",51.52452699,-0.079248081,6259.25
"Lisson Grove, St. John's Wood",51.52644828,-0.172190727,1925.5
"Great Dover Street, The Borough",51.49738251,-0.089446947,4162.5
"Cotton Garden Estate, Kennington",51.4907579,-0.106323685,3562.75
"Murray Grove , Hoxton",51.53089041,-0.089782579,2837.5
"William IV Street, Strand",51.50946212,-0.124749274,8937.25
"Holborn Circus, Holborn",51.51795029,-0.108657431,3792.75
"Hatton Garden, Holborn",51.51882555,-0.108028472,2655
"Theobald's Road , Holborn",51.52059681,-0.116688468,5510.5
"Euston Road, Euston",51.5262363,-0.134407652,2149
"Calshot Street , King's Cross",51.53136059,-0.117069978,2095.5
"Newgate Street , St. Paul's",51.5154186,-0.098850915,5413.75
"Farringdon Lane, Clerkenwell",51.52352001,-0.108340165,3272.5
"Old Street Station, St. Luke's",51.52548,-0.089659871,7512
"Vauxhall Cross, Vauxhall",51.48591714,-0.124469948,12973
"Torrens Street, Angel",51.53219984,-0.105480698,4823.5
"Longford Street, The Regent's Park",51.52559505,-0.144083893,3006.5
"Russell Square Station, Bloomsbury",51.52341837,-0.124121774,5294.75
"Sadlers Sports Centre, Finsbury",51.52486887,-0.099489485,1933.25
"Arundel Street, Temple",51.511726,-0.11385596,1435.5
"Webber Street , Southwark",51.50069361,-0.102091246,4686
"Great Titchfield Street, Fitzrovia",51.52025302,-0.141327271,4112.5
"Chancery Lane, Holborn",51.514274,-0.111257,1806.25
"Panton Street, West End",51.50963938,-0.131510949,10422
"Breams Buildings, Holborn",51.51593725,-0.111778348,661.75
"Tanner Street, Bermondsey",51.50064702,-0.078600401,10726
"Sancroft Street, Vauxhall",51.48947903,-0.115156562,3462.5
"Devonshire Square, Liverpool Street",51.51646835,-0.079684557,4015.5
"Bayley Street , Bloomsbury",51.51858757,-0.132053392,7643.25
"Tavistock Place, Bloomsbury",51.5262503,-0.123509611,4054.5
"Harrington Square 1, Camden Town",51.53301907,-0.139174593,2407.25
"Walnut Tree Walk, Vauxhall",51.49368637,-0.111014912,4176.5
"Borough Road, Elephant & Castle",51.49889832,-0.100440521,3756.25
"Cloudesley Road, Angel",51.53440868,-0.109025404,2414.25
"Bricklayers Arms, Borough",51.49506109,-0.085814489,9289
"Aldersgate Street, Barbican",51.5208417,-0.097340162,5850.75
"Falkirk Street, Hoxton",51.53095071,-0.078505384,4025
"Gloucester Road (North), Kensington",51.49792478,-0.183834706,6563.75
"Hampstead Road, Euston",51.52554222,-0.138231303,4769.5
"Old Quebec Street, Marylebone",51.51457763,-0.158264483,10356.25
"Albert Embankment, Vauxhall",51.49043573,-0.122806861,6581.25
"Queen Street 1, Bank",51.51155322,-0.0929401,5862
"Jewry Street, Aldgate",51.51340693,-0.076793375,4752.25
"Vicarage Gate, Kensington",51.50472376,-0.192538767,2561.5
"Crosswall, Tower",51.51159481,-0.077121322,5633.25
"Westbourne Grove, Bayswater",51.51552971,-0.190240716,7746.25
"Woodstock Street, Mayfair",51.51410514,-0.147301667,4809.75
"Finsbury Leisure Centre, St. Luke's",51.52600832,-0.096317627,5236.5
"Abbey Orchard Street, Westminster",51.49812559,-0.132102166,2500.5
"Soho Square , Soho",51.51563144,-0.132328837,12017.75
"Wellington Road, St. John's Wood",51.53304322,-0.172528678,3576
"Park Lane , Hyde Park",51.5100172,-0.157275636,10992.5
"Stonecutter Street, Holborn",51.51580998,-0.105270275,398.25
"Gloucester Road (Central), South Kensington",51.49646288,-0.183289032,5687.5
"Park Road (Baker Street), The Regent's Park",51.52451738,-0.158963647,7090.25
"Braham Street, Aldgate",51.51423368,-0.073537654,8786.75
"Little Argyll Street, West End",51.51449962,-0.141423695,16459
"Lollard Street, Vauxhall",51.49288067,-0.114934001,7031.75
"Rochester Row, Westminster",51.49582705,-0.13547809,1849.25
"Bath Street, St. Luke's",51.52589324,-0.090847761,7550
"The Guildhall, Guildhall",51.51573534,-0.093080779,978.25
"Baker Street, Marylebone",51.51891348,-0.156166631,3826.5
"Norton Folgate, Liverpool Street",51.52111369,-0.078869751,6082
"St. John Street, Finsbury",51.52836014,-0.104724625,2746.25
"Eaton Square, Belgravia",51.49654462,-0.150905245,2494.75
"Borough High Street, The Borough",51.50069491,-0.094524319,6874.5
"Museum of London, Barbican",51.51782144,-0.096496865,3815
"Wood Street, Guildhall",51.51700801,-0.09388536,931.5
"Emperor's Gate, South Kensington",51.49536226,-0.185296516,4781.25
"Golden Square, Soho",51.5118973,-0.137043852,8686.75
"Tower Gardens , Tower",51.50950627,-0.075459482,18937
"Eversholt Street , Camden Town",51.53300545,-0.136792671,1834.25
"Bethnal Green Road, Shoreditch",51.52364804,-0.074754872,19098.75
"Derry Street, Kensington",51.50136494,-0.191462381,11399
"Wapping High Street, Wapping",51.504904,-0.06797,6644.5
"Clerkenwell Green, Clerkenwell",51.52326004,-0.104708922,6053
"Queen Victoria Street, St. Paul's",51.51196176,-0.097441687,4533
"Green Street, Mayfair",51.51227622,-0.157436972,9338.25
"Lambeth Road, Vauxhall",51.49488108,-0.117974901,5464
"Finsbury Square , Moorgate",51.52096262,-0.085634242,4378.5
"Chapel Place, Marylebone",51.51530805,-0.147203711,5019.75
"West Cromwell Road, Earl's Court",51.49372451,-0.198286569,4396.25
"Pont Street, Knightsbridge",51.4968865,-0.161203828,7710.75
"Kennington Cross, Kennington",51.48894022,-0.111435796,10473
"Ilchester Place, Kensington",51.50074359,-0.202759212,1976.75
"Vauxhall Bridge , Pimlico",51.48836528,-0.129361842,6402
"Tachbrook Street, Victoria",51.49211134,-0.138364847,4130
"Kennington Road Post Office, Oval",51.48478899,-0.110683213,3469.25
"Holy Trinity Brompton, Knightsbridge",51.49705603,-0.168917077,6045.5
"Chepstow Villas, Notting Hill",51.51213691,-0.201554966,6469.5
"Hampton Street, Walworth",51.49217002,-0.101536865,6428.75
"Bayswater Road, Hyde Park",51.511933,-0.174411,12437
"Waterloo Station 3, Waterloo",51.50379168,-0.11282408,7287.5
"Lexham Gardens, Kensington",51.49586666,-0.191933711,4571.5
"New Kent Road, The Borough",51.49443626,-0.092921165,5226
"Wright's Lane, Kensington",51.50039792,-0.193068385,9800.5
"Trebovir Road, Earl's Court",51.49085368,-0.196170309,6759.75
"Waterloo Place, St. James's",51.50663341,-0.131773845,11321.25
"Guildhouse Street, Victoria",51.49234577,-0.141334487,5289.25
"Southampton Place, Holborn",51.51760685,-0.121328408,5539
"Sloane Avenue, Knightsbridge",51.4931848,-0.167894973,11055.5
"Cleveland Gardens, Bayswater",51.515607,-0.183118788,4601.25
"Orsett Terrace, Bayswater",51.517932,-0.183716959,3014
"Seville Street, Knightsbridge",51.50185512,-0.159237081,5547.5
"Eccleston Place, Victoria",51.49395092,-0.147624377,8407.75
"Argyll Road, Kensington",51.50040123,-0.195455928,NA
"Porchester Place, Paddington",51.51474612,-0.165164288,9384.5
"Hardwick Street, Clerkenwell",51.52784273,-0.108068155,752.75
"Collingham Gardens, Earl's Court",51.4916156,-0.186753859,4739
"Sumner Place, South Kensington",51.49121192,-0.173715911,6189.75
"Waterloo Road, South Bank",51.50486,-0.113001,5312.25
"Worship Street, Shoreditch",51.521668,-0.079608554,3563.25
"Gloucester Terrace, Bayswater",51.51791921,-0.188098863,4933.25
"Ashley Place, Victoria",51.49616092,-0.140947636,5620.5
"Warwick Square, Pimlico",51.48985626,-0.141923621,6506.75
"North Audley Street, Mayfair",51.5129118,-0.153645496,8322.25
"Belgrave Square, Belgravia",51.49941247,-0.152317537,2742.5
"Bell Street , Marylebone",51.52202903,-0.165842551,3327.75
"Riverlight North, Nine Elms",51.482362,-0.13612398,14026
"Portland Place, Marylebone",51.52071513,-0.14521173,3283.25
"Alderney Street, Pimlico",51.48805753,-0.140741432,10747.75
"South Wharf Road, Paddington",51.51733558,-0.175810943,7058.25
"Queen's Gate (South), South Kensington",51.49247977,-0.178433004,8561.75
"Nutford Place, Marylebone",51.5165179,-0.164393768,3049.5
"Claremont Square, Angel",51.53166681,-0.109914711,3504
"Rampayne Street, Pimlico",51.48997562,-0.132845681,6269.75
"Hyde Park Corner, Hyde Park",51.50311799,-0.153520935,22815.75
"Wardour Street, Soho",51.51251523,-0.133201961,14561.75
"Bankside Mix, Bankside",51.50581776,-0.100186337,5835.75
"Hop Exchange, The Borough",51.50462759,-0.091773776,25058.75
"Milroy Walk, South Bank",51.50724437,-0.106237501,5826
"Union Street, The Borough",51.50368837,-0.098497684,4893.75
"Stamford Street, South Bank",51.50556905,-0.111606696,4140.25
"Great Tower Street, Monument",51.51048489,-0.082989638,9790.5
"LMU Commercial Road, Whitechapel",51.51492456,-0.066078037,8623
"Dorset Square, Marylebone",51.5225965,-0.161113413,8175
"Leman Street, Aldgate",51.51236389,-0.06954201,13554.5
"West Smithfield Rotunda, Farringdon",51.51821864,-0.100791005,3877.5
"Margery Street, Clerkenwell",51.52659961,-0.112432615,3663.75
"New Road 1 , Whitechapel",51.518154,-0.062697,12195.5
"Grosvenor Crescent, Belgravia",51.50135267,-0.153194766,3455.25
"Mallory Street, Marylebone",51.52505151,-0.166304359,2776.5
"Denyer Street, Knightsbridge",51.49358391,-0.165101392,3217.25
"Hinde Street, Marylebone",51.51681444,-0.151926305,7476.75
"Cadogan Place, Knightsbridge",51.49464523,-0.158105512,6680.5
"Wellington Arch, Hyde Park",51.50274025,-0.149569201,20281
"Endsleigh Gardens, Euston",51.52683806,-0.130504336,4862.5
"Moorfields, Moorgate",51.51906932,-0.088285377,3113.5
"Old Brompton Road, South Kensington",51.49094565,-0.181190899,7932.5
"Wormwood Street, Liverpool Street",51.51615461,-0.082422399,12024
"St. Luke's Church, Chelsea",51.48971651,-0.170194408,NA
"Bramham Gardens, Earl's Court",51.49016361,-0.19039362,9704.25
"Chelsea Green, Chelsea",51.49066456,-0.166485083,7227.5
"Horseferry Road, Westminster",51.49481649,-0.13045856,4927.25
"Knightsbridge, Hyde Park",51.50275704,-0.155349725,6447.25
"Rodney Road , Walworth",51.49148474,-0.090220911,8462.5
"Queensway, Kensington Gardens",51.51031,-0.18740235,10821.75
"Notting Hill Gate Station, Notting Hill",51.50935342,-0.196422,9688.25
"Charles II Street, West End",51.50844614,-0.131961389,6997.75
"Great Percy Street, Clerkenwell",51.52891573,-0.115480888,2972.25
"St. James's Square, St. James's",51.50742485,-0.134621209,11288
"Whitehall Place, Strand",51.50654321,-0.123179697,10760.25
"Poured Lines, Bankside",51.50669284,-0.103137426,8423.75
"Queen's Gate (Central), South Kensington",51.49396755,-0.17873226,NA
"Carey Street, Holborn",51.51501025,-0.112753217,609.25
"Pall Mall East, West End",51.50777049,-0.130699733,13372.5
"Liverpool Road (N1 Centre), Angel",51.53450449,-0.106992706,10628.75
"Kennington Road  , Vauxhall",51.49571828,-0.110889274,8196
"Fashion Street, Whitechapel",51.51838043,-0.073438925,5435.75
"Dock Street, Wapping",51.5097860151,-0.0681619805156,7934
"Frampton Street, Paddington",51.5233534,-0.175116099,4369.25
"Warren Street Station, Euston",51.52443845,-0.138019439,10294
"Colombo Street, Southwark",51.50545935,-0.10569204,1135.25
"Beaumont Street, Marylebone",51.52200801,-0.151359288,5653.75
"Gloucester Street, Pimlico",51.49096258,-0.139625122,8648
"Earnshaw Street , Covent Garden",51.51611887,-0.128585022,9126.5
"Grosvenor Road, Pimlico",51.4853572,-0.142207481,5788
"Berry Street, Clerkenwell",51.52285301,-0.099994052,5489.75
"St. John's Wood Church, The Regent's Park",51.530529,-0.167515,3347
"Triangle Car Park, Hyde Park",51.50645179,-0.170279555,13739.75
"Harper Road, The Borough",51.49859784,-0.096191134,8953.5
"Royal Avenue 1, Chelsea",51.489932,-0.162727,8085.25
"Brushfield Street, Liverpool Street",51.518908,-0.079249,19730.25
"Jubilee Gardens, South Bank",51.5046364,-0.116542278,10561.25
"Shoreditch Park, Hoxton",51.53404294,-0.086379717,7925.75
"Chadwell Street, Angel",51.53051587,-0.106408455,5837.25
"Clifton Road, Maida Vale",51.52557531,-0.179592915,8047
"Houghton Street, Strand",51.51362054,-0.116764211,1405
"Westminster University, Marylebone",51.52248185,-0.154907218,4805.5
"Kensington Gore, Knightsbridge",51.50143293,-0.178656971,3424.25
"Bourne Street, Belgravia",51.490959,-0.1532331,10094.75
"Broadwick Street, Soho",51.5136846,-0.135580879,9335.25
"Princes Square, Bayswater",51.5134891,-0.191351186,3887.5
"LSBU (Borough Road), Elephant & Castle",51.49874469,-0.103132904,4294.25
"St. Mary Axe, Aldgate",51.51422502,-0.080660083,5652
"Tysoe Street, Clerkenwell",51.52644342,-0.109256828,8302.75
"Southwick Street, Paddington",51.51595344,-0.169249375,4654.75
"Queen's Gate (North), Kensington",51.50102668,-0.180246101,5489.75
"Regency Street, Westminster",51.49206037,-0.132224622,7206.5
"Belgrave Road, Victoria",51.49320445,-0.144132875,4509.25
"Empire Square, The Borough",51.50082346,-0.089740764,7002.75
"Kennington Lane Rail Bridge, Vauxhall",51.4863434,-0.122492418,15281.5
"London Zoo,  The Regent's Park",51.53583617,-0.156285395,7014.25
"Baylis Road, Waterloo",51.50144456,-0.110699309,12923.25
"Belvedere Road 1, South Bank",51.50613324,-0.114686385,8668.75
"Warwick Road, Olympia",51.49671237,-0.20528437,8584.25
"Barbican Centre, Barbican",51.52004497,-0.092176447,4016
"Lower Thames Street, Monument",51.50930161,-0.084985356,3580.5
"Kensington Church Street, Kensington",51.50315739,-0.191496313,8848.75
"Tooley Street, Bermondsey",51.5034938,-0.07962099,23244.75
"North Wharf Road, Paddington",51.51862243,-0.176645823,3597.5
"Royal Avenue 2, Chelsea",51.490083,-0.162418,13961.75
"Smith Square, Westminster",51.49580589,-0.127575233,5419.75
"Royal London Hospital, Whitechapel",51.518675,-0.06111,14285.5
"Kingsway, Covent Garden",51.51440928,-0.118478757,2634.25
"Lambeth North Station, Waterloo",51.49914063,-0.112031483,6743.25
"St. John's Wood Road, St. John's Wood",51.5272947,-0.174653609,3158.25
"Bedford Way, Bloomsbury",51.52367314,-0.128377673,2081.75
"Elizabeth Bridge, Victoria",51.49236962,-0.147478734,10091.75
"South Audley Street, Mayfair",51.50923022,-0.151296092,3662.25
"St Mary's Hospital, Paddington",51.518268,-0.17110323,7894.25
"Claverton Street, Pimlico",51.48483991,-0.138089062,8236.75
"Montpelier Street, Knightsbridge",51.49888404,-0.165471605,11327.5
"Kensington Olympia Station, Olympia",51.49815779,-0.209494128,3105.5
"St. George's Square, Pimlico",51.488226,-0.135635511,12160.5
"Swan Street, The Borough",51.50029631,-0.092762704,5393
"Knaresborough Place, Earl's Court",51.49363156,-0.190603326,7673.5
"Geraldine Street, Elephant & Castle",51.49612799,-0.106000855,3457.5
"Curlew Street, Shad Thames",51.50227992,-0.074189225,17976
"Vincent Square, Westminster",51.49398524,-0.136928582,5849
"Serpentine Car Park, Hyde Park",51.505014,-0.17306032,17879
"Marylebone Lane, Marylebone",51.51475963,-0.148105415,11776.25
"Putney Pier, Wandsworth",51.466907,-0.216573,11779.25
"Albert Gate, Hyde Park",51.50295379,-0.158456089,17308
"Rathbone Street, Fitzrovia",51.51816295,-0.135025698,6161
"Black Lion Gate, Kensington Gardens",51.50990837,-0.187842717,20914.25
"Long Lane , Bermondsey",51.49907558,-0.085666316,8919
"Embankment (Savoy), Strand",51.50963123,-0.119047563,10113.75
"Black Prince Road, Vauxhall",51.4908679,-0.116911864,8079.75
"Foley Street, Fitzrovia",51.51918144,-0.140485596,6819.75
"Grove End Road, St. John's Wood",51.53088935,-0.176770502,5699.25
"Wells Street, Fitzrovia",51.51734403,-0.138072691,7478.25
"Tyers Gate, Bermondsey",51.50088934,-0.083159352,7137
"The Tennis Courts, The Regent's Park",51.52536703,-0.153463612,9620.25
"Warwick Row, Westminster",51.497998,-0.14296064,9928.75
"Dickens Square, Borough",51.49679128,-0.093913472,3046
"Sackville Street, Mayfair",51.51004801,-0.138846453,12026.5
"Baldwin Street, St. Luke's",51.52702563,-0.088542771,6107.75
"Queen Mother Sports Centre, Victoria",51.49357351,-0.139956043,9643.25
"Bermondsey Street, Bermondsey",51.49785559,-0.081608045,16427.25
"Palissy Street, Shoreditch",51.526293,-0.073955,6950
"Clifton Street, Shoreditch",51.523196,-0.083067,2277
"Ontario Street, Elephant & Castle",51.49652013,-0.101384068,9464
"St. Martin's Street, West End",51.50908747,-0.129697889,6479
"Graham Street, Angel",51.53266186,-0.099981142,9143.25
"New North Road 1, Hoxton",51.53095,-0.085603,2928.25
"New North Road 2, Hoxton",51.53114,-0.086016,4760
"Prince Albert Road, The Regent's Park",51.53589283,-0.160854428,10450.75
"Eastbourne Mews, Paddington",51.51641749,-0.179135079,7695.75
"Bunhill Row, Moorgate",51.52085887,-0.089887855,10198.5
"Nevern Place, Earl's Court",51.49334336,-0.194757949,5923
"Palace Gardens Terrace, Notting Hill",51.50860544,-0.193764092,11482.5
"Concert Hall Approach 1, South Bank",51.505044,-0.115851,8163.25
"Tavistock Street, Covent Garden",51.51196803,-0.120718759,13546.75
"Concert Hall Approach 2, South Bank",51.504942,-0.115533,6645.5
"Pembridge Villas, Notting Hill",51.51108452,-0.197524944,7327.5
"Wellington Street , Strand",51.51175646,-0.119643424,12430.25
"Risinghill Street, Angel",51.5333196,-0.1117812,5300.75
"Bank of England Museum, Bank",51.51444134,-0.087587447,6064.25
"Craven Street, Strand",51.50810309,-0.12602103,19351.5
"London Zoo Car Park, The Regent's Park",51.53692216,-0.150181444,5451.5
"Goswell Road (City Uni), Finsbury",51.528246,-0.10102611,3593
"Flood Street, Chelsea",51.48802358,-0.166878535,16164.25
"Lower Marsh, Waterloo",51.50013942,-0.113936001,7500.75
"Grosvenor Square, Mayfair",51.51217033,-0.150481272,8877.25
"St. George Street, Mayfair",51.51196,-0.142783033,6898
"Queen's Gate, Kensington Gardens",51.5017154373867,-0.1798541843891,14894.25
"Macclesfield Rd, St Lukes",51.529423,-0.097122,9628
"Vauxhall Street, Vauxhall",51.486965,-0.116625,8898
"Greycoat Street , Westminster",51.49459148,-0.134234258,2789.25
"Northumberland Avenue, Strand",51.506767,-0.123702,15465.5
"Clapham Common Station, Clapham Common",51.461388,-0.13922146,NA
"South Kensington Station, South Kensington",51.494412,-0.173881,15875
"Howland Street, Fitzrovia",51.520994,-0.139016,6258
"High Holborn , Covent Garden",51.516226,-0.124826,6817.75
"Butler Place, Westminster",51.49782999,-0.135440826,3757
"Howick Place, Westminster",51.49675303,-0.138733562,7438.5
"Waterloo Station 2, Waterloo",51.50391973,-0.11342629,9126
"Royal College Street, Camden Town",51.536264,-0.133952,5790.75
"Lord's, St. John's Wood",51.5291212008901,-0.171185284853,2654.5
"Store Street, Bloomsbury",51.519572,-0.13214036,NA
"City Road, Angel",51.530344,-0.100168,6452.75
"Millennium Hotel, Mayfair",51.5109192966489,-0.1511263847351,3219.25
"Harrowby Street, Marylebone",51.5173721,-0.1642075,9075
"Harriet Street, Knightsbridge",51.50024195,-0.15934065,9962.75
"Paddington Green, Paddington",51.520205,-0.174593,3788.25
"King Edward Walk, Waterloo",51.49775,-0.10988,3016
"Sardinia Street, Holborn",51.515208,-0.117863,3313.5
"Prince Consort Road, Knightsbridge",51.49980661,-0.176415994,2970.5
"Waterloo Station 1, Waterloo",51.50402794,-0.11386436,13183
"Kensington Town Hall, Kensington",51.50194596,-0.194392952,5940.5
"Millbank Tower, Pimlico",51.49188409,-0.125674815,12820.75
"Waterloo Bridge, South Bank",51.50535447,-0.113656543,2396
"Natural History Museum, South Kensington",51.49559291,-0.179077626,6799
"Turquoise Island, Notting Hill",51.51431171,-0.200838199,11428.5
"Stanhope Gate, Mayfair",51.50686435,-0.150666888,2861.25
"Charlotte Street, Fitzrovia",51.51953043,-0.13577731,8573.25
"Farm Street, Mayfair",51.50935171,-0.14744969,2463.5
"Frith Street, Soho",51.51310333,-0.13121385,13501.25
"Marloes Road, Kensington",51.496481,-0.192404,3613.25
"Moor Street, Soho",51.51352755,-0.130110822,25686.25
"Fire Brigade Pier, Vauxhall",51.49369988,-0.121394101,10172
"Southampton Street, Strand",51.51070161,-0.121723604,17593
"Upper Grosvenor Street, Mayfair",51.51013066,-0.155757901,2567
"Buxton Street 1, Shoreditch",51.521776,-0.068856,7655
"Clifford Street, Mayfair",51.51066202,-0.142345694,3659.25
"Imperial College, Knightsbridge",51.49942855,-0.179702476,3771.5
"Snow Hill, Farringdon",51.51733427,-0.103604248,2720
"Aberdeen Place, St. John's Wood",51.524826,-0.176268,3019.75
"Cadogan Gardens, Chelsea",51.492462,-0.159919,18809.25
"Shouldham Street, Marylebone",51.51809,-0.163609,5454
"Devonshire Terrace, Bayswater",51.51348,-0.17977,11751
"Holland Park, Kensington",51.502319,-0.200742,7114.25
"Brick Lane Market, Shoreditch",51.52261762,-0.071653961,4215
"George Street, Marylebone",51.517703,-0.154106,9272.5
"Columbia Road, Shoreditch",51.528187,-0.075375,12003.5
"Penfold Street, Marylebone",51.52289229,-0.171681991,3149.25
"George Place Mews, Marylebone",51.51689296,-0.158249929,7043.25
"Palace Gate, Kensington Gardens",51.50204238,-0.184400221,18384.75
"Gloucester Road Station, South Kensington",51.49418566,-0.18267094,14306.5
"Strata, Elephant & Castle",51.493146,-0.099828,15680
"Edgware Road Station, Marylebone",51.519968,-0.169774,9665.25
"Rotherhithe Roundabout, Rotherhithe",51.499169,-0.055846029,NA
"Cleaver Street, Kennington",51.488105,-0.110121,6461
"Chelsea Bridge, Pimlico",51.485821,-0.149004,12184.5
"Southwark Station 1, Southwark",51.504043,-0.105312,9034.25
"Southwark Station 2, Southwark",51.504044,-0.104778,4888.25
"Eaton Square (South), Belgravia",51.49456127,-0.15393398,6946.5
"Ebury Bridge, Pimlico",51.490491,-0.149186,9467.5
"Harrington Square 2, Camden Town",51.533379,-0.139159,5611
"Vincent Street, Pimlico",51.493072,-0.129925,8156.25
"Cheapside, Bank",51.51397065,-0.09294031,12344.5
"Exhibition Road, Knightsbridge",51.499917,-0.174554,12720.25
"South Parade, Chelsea",51.48902,-0.17524,6879.25
"Crinan Street, King's Cross",51.534474,-0.122203,547.5
"Exhibition Road Museums 1, South Kensington",51.496468,-0.17379696,10244.5
"Wren Street, Holborn",51.524564,-0.116279,4955.25
"Kennington Station, Kennington",51.488852,-0.105593,10578
"Red Lion Street, Holborn",51.51824,-0.11655,7822
"Vauxhall Walk, Vauxhall",51.488124,-0.120903,8763.25
"Killick Street, King's Cross",51.5338,-0.118677,4073.75
"Kennington Oval, Oval",51.483145,-0.113134,12216.5
"Sail Street, Vauxhall",51.495656,-0.114605,5120
"Walmer Road, Avondale",51.510101,-0.211358,4053
"Philpot Street, Whitechapel",51.515256,-0.058641,9449
"Bethnal Green Garden, Bethnal Green",51.52568,-0.055312,11181.75
"Cheshire Street, Bethnal Green",51.52388,-0.065076,6579.75
"York Hall, Bethnal Green",51.528936,-0.055894,11666.5
"Jubilee Crescent, Cubitt Town",51.493381,-0.007542,4514.75
"Fisherman's Walk West, Canary Wharf",51.50623,-0.02296,8666.25
"Shadwell Station, Shadwell",51.511088,-0.057159,14218.25
"Jubilee Street, Stepney",51.515975,-0.053177,8269.5
"Hermitage Court, Wapping",51.504719,-0.063531,6421.75
"St. Katharine's Way, Tower",51.505697,-0.070542,8946.75
"Garnet Street, Shadwell",51.508447,-0.055167,6781.75
"Napier Avenue, Millwall",51.487679,-0.021582,4627
"East Ferry Road, Cubitt Town",51.49447,-0.014409,6155.75
"Parkway, Camden Town",51.538071,-0.144664,6871.25
"Castlehaven Road, Camden Town",51.542138,-0.145393,14130.75
"Wapping Lane, Wapping",51.504749,-0.057544,12207.5
"Gunmakers Lane, Old Ford",51.535179,-0.03338,12502.5
"Burdett Road, Mile End",51.516196,-0.029138,12597.5
"Aston Street, Stepney",51.516,-0.038775,7582
"Bonny Street, Camden Town",51.541603,-0.138853,11852.25
"Thurtle Road, Haggerston",51.534776,-0.071881,NA
"St. Mary & St. Michael Church, Stepney",51.51417,-0.052099,2977
"Pitfield Street North,Hoxton",51.53558,-0.08249,8976.5
"Whiston Road, Haggerston",51.534464,-0.076341,6683.5
"Southern Grove, Bow",51.523538,-0.030556,7052.25
"Cantrell Road, Bow",51.521564,-0.022694,4527.75
"Lindfield Street, Poplar",51.513757,-0.020467,7674.25
"Mostyn Grove, Bow",51.530535,-0.025492,9619
"Hewison Street, Old Ford",51.533283,-0.028155,10005.5
"Malmesbury Road, Bow",51.529452,-0.027616,1680.75
"Millharbour, Millwall",51.496137,-0.019355,4246.25
"Gascoyne Road, Victoria Park",51.541515,-0.038557746,NA
"Lightermans Road, Millwall",51.499041,-0.020157,8428.25
"Stebondale Street, Cubitt Town",51.489096,-0.009205,5374.25
"Spindrift Avenue, Millwall",51.49109,-0.018716,5186.75
"Stepney Green Station, Stepney",51.521889,-0.04667,14396.5
"Pott Street, Bethnal Green",51.527152,-0.058005,13254
"Flamborough Street, Limehouse",51.5128711,-0.0389866,23055.5
"Saunders Ness Road, Cubitt Town",51.487129,-0.0090011,16467.25
"Exhibition Road Museums 2, South Kensington",51.495947,-0.17368958,5349
"Albert Gardens, Stepney",51.51328,-0.047784,10656.5
"Bromley High Street, Bow",51.528828,-0.013258,8751.75
"Old Ford Road, Bethnal Green",51.531127,-0.048017,15881.75
"Granby Street, Shoreditch",51.525645,-0.069543,18436.5
"Canton Street, Poplar",51.511811,-0.025626,6300.75
"Reardon Street, Wapping",51.506946,-0.058681,9369
"Christian Street, Whitechapel",51.513074,-0.064094,8680.75
"Pennington Street, Wapping",51.508622,-0.065006,5416
"Queen Mary's, Mile End",51.522507,-0.041378,8036.25
"Maplin Street, Mile End",51.525501,-0.032267204,12806
"South Quay East, Canary Wharf",51.50196,-0.016251,1366.5
"Bow Church Station, Bow",51.528169,-0.018703,16399.75
"Devons Road, Bow",51.52512,-0.015578,11667
"Merchant Street, Bow",51.526578,-0.027581,7406.25
"Bow Road Station, Bow",51.527058,-0.025296,10433.5
"Furze Green, Bow",51.519265,-0.021345,12128.75
"Ansell House, Stepney",51.520019,-0.05438,14952.25
"Cephas Street, Bethnal Green",51.522561,-0.054883,9463
"Bonner Gate, Victoria Park",51.53341,-0.049591815,11723
"Cleveland Way, Stepney",51.520893,-0.051394,20084.25
"St. John's Park, Cubitt Town",51.496454,-0.009506,6156.5
"Ackroyd Drive, Bow",51.520398,-0.026768,8397.25
"Bell Lane, Liverpool Street",51.517475,-0.075855,9699.5
"Clarkson Street, Bethnal Green",51.528692,-0.059091,6065
"Fournier Street, Whitechapel",51.519362,-0.074431,20991.5
"Fore Street, Guildhall",51.517842,-0.090075,1781.5
"Westferry DLR, Limehouse",51.509303,-0.025996,17517.75
"Sutton Street, Shadwell",51.511066,-0.053558,16100.25
"Pritchard's Road, Bethnal Green",51.532091,-0.06142,18691
"Watney Market, Stepney",51.5142228,-0.055656,8992
"Portman Square, Marylebone",51.516204,-0.155525,8577.75
"Russell Gardens, Olympia",51.500088,-0.211316,6068.75
"Chrisp Street Market, Poplar",51.5112,-0.014438,12496.75
"Ford Road, Old Ford",51.532513,-0.033085,10154
"Antill Road, Mile End",51.528224,-0.037471,9606.5
"Teviot Street, Poplar",51.518811,-0.011662,4783.75
"Bancroft Road, Bethnal Green",51.526041,-0.047218,6299.5
"Driffield Road, Old Ford",51.534137,-0.037366,13557.5
"Clinton Road, Mile End",51.525941,-0.036017,14379.75
"Langdon Park, Poplar",51.51549,-0.013475,6277
"Lancaster Gate , Bayswater",51.511654,-0.179668,9228.75
"Lancaster Drive, Blackwall",51.503143,-0.008428,5525.5
"Hansard Mews, Holland Park",51.503802,-0.215808,12072.5
"Clarges Street, Mayfair",51.507326,-0.145827,3621.5
"Manresa Road, Chelsea",51.486892,-0.170983,10828.25
"Newby Place, Poplar",51.508896,-0.012413,7413
"Twig Folly Bridge, Mile End",51.530326,-0.042744,14078.5
"Jubilee Plaza, Canary Wharf",51.50357,-0.020068,10623.5
"Wellington Row, Bethnal Green",51.528222,-0.069743,14253.25
"Goldsmith's Row, Haggerston",51.531864,-0.066035,7777.5
"Gloucester Avenue, Camden Town",51.537349,-0.147154,9861.5
"Queensbridge Road, Haggerston",51.53385,-0.06992,7459.25
"Old Montague Street, Whitechapel",51.51793,-0.067937,12438.75
"Naval Row, Blackwall",51.508981,-0.00699,7906
"Hoxton Station, Hoxton",51.531091,-0.075901,6707
"Albany Street, The Regent's Park",51.528302,-0.144466,11155.25
"Green Park Station, Mayfair",51.506613,-0.142844,23032.75
"Salmon Lane, Limehouse",51.514115,-0.033828,12594.25
"Lansdowne Walk, Ladbroke Grove",51.509591,-0.204666,2718.5
"Percival Street, Finsbury",51.526153,-0.102208,4430
"Arlington Road, Camden Town",51.539957,-0.145246,6938
"New Fetter Lane, Holborn",51.517428,-0.107987,6756
"East India DLR, Blackwall",51.509474,-0.002275,6353.5
"Westminster Bridge Road, Elephant & Castle",51.498386,-0.107913,5299.5
"Gaywood  Street, Elephant & Castle",51.49605,-0.104193,9775.5
"Harford Street, Mile End",51.521564,-0.039264,6542.75
"Import Dock, Canary Wharf",51.505772,-0.016460175,5608.25
"Watney Street, Shadwell",51.511542,-0.056667,9820.5
"Regent's Row , Haggerston",51.535678,-0.062546,30801.75
"Aberfeldy Street, Poplar",51.513548,-0.005659,4753.5
"Heron Quays DLR, Canary Wharf",51.502661,-0.021596,2569.25
"King Edward Street, St Pauls",51.51601,-0.0985,2106
"Page Street, Westminster",51.493978,-0.127554,10190.5
"Abbotsbury Road, Holland Park",51.501391,-0.205991,5703
"Ladbroke Grove Central, Ladbroke Grove",51.511624,-0.205921,2914
"Rectory Square, Stepney",51.518369,-0.043371,10376.25
"Bury Place, Holborn",51.51746,-0.12335,8808.25
"Preston's Road, Cubitt Town",51.499286,-0.009152,3919.75
"Somerset House, Strand",51.509943,-0.117619,21406
"Selby Street, Whitechapel",51.521905,-0.063386,6802.75
"Westfield Ariel Way, White City",51.509158,-0.224103,12886.5
"Bishop's Bridge Road West, Bayswater",51.51616,-0.18697,15919
"Pitfield Street Central, Hoxton",51.53213,-0.08299,6200.75
"Upper Bank Street, Canary Wharf",51.503083,-0.017676,9714
"Westfield Southern Terrace ,Shepherd's Bush",51.506256,-0.218337,9120.5
"Greenland Road, Camden Town",51.539099,-0.141728,15710
"Limerston Street, West Chelsea",51.485587,-0.18119,23916.5
"Eagle Wharf Road, Hoxton",51.53356,-0.09315,15367.5
"Alpha Grove, Millwall",51.497304,-0.022793,5155.25
"Globe Town Market, Bethnal Green",51.528869,-0.047548,12369.25
"Hollybush Gardens, Bethnal Green",51.527607,-0.057133,4979.5
"Queen Street 2, Bank",51.511246,-0.093051,17255.25
"Doddington Grove, Kennington",51.48692917,-0.102996299,12369
"New Cavendish Street, Marylebone",51.519167,-0.147983,8349.25
"Ilchester Gardens, Bayswater",51.51244,-0.19096,12851
"Mudchute DLR, Cubitt Town",51.490645,-0.014582,3423.75
"Monument Street, Monument",51.50964,-0.08497,17178
"Hoxton Street, Hoxton",51.52959,-0.0801,6534.25
"Drayton Gardens, West Chelsea",51.487196,-0.179369,19000.5
"Greenberry Street, St.John's Wood",51.53256,-0.16862,2679.5
"Bishop's Bridge Road East, Bayswater",51.5171,-0.18377,4363.5
"Northdown Street, King's Cross",51.531066,-0.11934,6189.75
"Kingsway Southbound, Strand",51.513875,-0.117774,3867
"Hammersmith Road, Hammersmith",51.493267,-0.21985,10050.25
"Parson's Green , Parson's Green",51.472817,-0.199783,15787.25
"Fulham Park Road, Fulham",51.473471,-0.20782,9648.25
"Southerton Road, Hammersmith",51.494499,-0.228188,10094.75
"Manbre Road, Hammersmith",51.485743,-0.223616,8098.75
"South Lambeth Road, Vauxhall",51.481747,-0.124642,16975.25
"BBC White City, White City",51.514767,-0.225787,7914.25
"Union Grove, Wandsworth Road",51.472993,-0.133972,14161.5
"Caldwell Street, Stockwell",51.477839,-0.116493,15575.5
"St Martins Close, Camden Town",51.538792,-0.138535,3917.25
"Seymour Place, Marylebone",51.520331,-0.163667,NA
"Addison Road, Holland Park",51.504199,-0.210941,4679.25
"Putney Bridge Station, Fulham",51.468814,-0.210279,10787.25
"Colet Gardens, Hammersmith",51.491093,-0.216493,647.5
"Sugden Road, Clapham",51.46512358,-0.157788279,12148
"Danvers Street, West Chelsea",51.48256792,-0.172078187,16743.75
"Princedale Road , Holland Park",51.50646524,-0.208486599,7136
"Wandsworth Rd, Isley Court, Wandsworth Road",51.46925984,-0.141812513,17241
"Woodstock Grove, Shepherd's Bush",51.50403821,-0.217400093,13801.75
"London Fields, Hackney Central",51.54119,-0.058826101,NA
"Finlay Street, Fulham",51.4768851,-0.215895601,10389.5
"Aintree Street, Fulham",51.48102131,-0.209973497,9608.25
"Elysium Place, Fulham",51.47107905,-0.207842908,7583
"Eel Brook Common, Walham Green",51.47625965,-0.193254007,9944.25
"Irene Road, Parsons Green",51.4737636,-0.197010096,9304.25
"Surrey Lane, Battersea",51.47518024,-0.167160736,10737.75
"Wandsworth Town Station, Wandsworth",51.46086446,-0.187427294,14235.5
"Lansdowne Road, Ladbroke Grove",51.50748124,-0.205535908,11146.25
"Nantes Close, Wandsworth",51.46193072,-0.180791784,7746.5
"Courland Grove, Wandsworth Road",51.4729184,-0.132102704,13384.5
"Queen's Circus, Battersea Park",51.47761941,-0.149551631,23589.5
"Normand Park, West Kensington",51.48438657,-0.20481514,17482.5
"Holden Street, Battersea",51.4687905,-0.158230901,4092
"William Morris Way, Sands End",51.46881971,-0.184318843,11499.5
"Morie Street, Wandsworth",51.45995384,-0.190184054,4315.25
"Clarence Walk, Stockwell",51.47073264,-0.126994068,9754.25
"Battersea Park Road, Nine Elms",51.4795017,-0.141770709,16577.5
"Sheepcote Lane, Battersea",51.47053858,-0.163041605,6450.25
"Vereker Road, West Kensington",51.48959104,-0.209378594,15474
"Brook Green South, Brook Green",51.49434708,-0.215804559,8717
"Greyhound Road, Hammersmith",51.48606206,-0.214428378,11592.75
"South Park, Sands End",51.46706414,-0.193502076,7138.25
"Spencer Park, Wandsworth Common",51.45787019,-0.174691623,4945.5
"Falcon Road, Clapham Junction",51.46663393,-0.169821175,19509
"Coomer Place, West Kensington",51.48357068,-0.202038682,16138.25
"Silverthorne Road, Battersea",51.47286577,-0.148059277,17535
"Archbishop's Park, Waterloo",51.49824168,-0.117495865,5316.25
"Fawcett Close, Battersea",51.46916161,-0.174485792,6813
"All Saints' Road, Portobello",51.5190427,-0.204764421,6547
"Rainville Road, Hammersmith",51.48373225,-0.223852256,11141
"Great Suffolk Street, The Borough",51.50173215,-0.100292412,8081.5
"Buckingham Gate, Westminster",51.49886563,-0.137424571,15475
"Richmond Way, Shepherd's Bush",51.50035306,-0.217515071,10913.25
"Peterborough Road, Sands End",51.46904022,-0.19627483,6536
"World's End Place, West Chelsea",51.48180515,-0.18027465,15595.75
"St. Mark's Road, North Kensington",51.51687069,-0.213872396,NA
"Thorndike Close, West Chelsea",51.48089844,-0.183853573,10857
"Evesham Street, Avondale",51.51148696,-0.218190203,3868.5
"Simpson Street, Clapham Junction",51.47084722,-0.17070367,17865.5
"Ashmole Estate, Oval",51.48267821,-0.117661574,14600.25
"Crabtree Lane, Fulham",51.48294452,-0.219346128,7226
"Broomhouse Lane, Parsons Green",51.46841875,-0.199135704,4877.75
"Blythe Road West, Shepherd's Bush",51.4996806,-0.221791552,6142.75
"Ethelburga Estate, Battersea Park",51.47729232,-0.16478637,23560
"Blackfriars Station, St. Paul's",51.511934,-0.10307894,16164.75
"West Kensington Station, West Kensington",51.49087074,-0.206029743,8589.5
"All Saints Church, Portobello",51.51632095,-0.202608612,11588.25
"Phene Street, Chelsea",51.48498496,-0.167919869,18477
"Clarendon Road, Avondale",51.51323001,-0.211593602,7697
"Austin Road, Battersea Park",51.474376,-0.155442787,15859.5
"Smugglers Way, Wandsworth",51.46108367,-0.191722864,11635
"Shepherd's Bush Road North, Shepherd's Bush",51.5015946,-0.222293381,16579.25
"Ravenscourt Park Station, Hammersmith",51.49422354,-0.236769936,18152.75
"Teversham Lane, Stockwell",51.47614939,-0.1232585,8129
"Ashley Crescent, Battersea",51.46718562,-0.152248582,12892.25
"Parsons Green Station, Parsons Green",51.475089,-0.201968,13490.25
"Hibbert Street, Battersea",51.46517078,-0.18038939,15063.25
"Carnegie Street, King's Cross",51.53546778,-0.11619105,7071.25
"Usk Road, Clapham Junction",51.46348914,-0.182126248,10210.25
"Hartington Road, Stockwell",51.47787084,-0.126874471,14557.75
"Heath Road, Battersea",51.46866929,-0.146544642,7629.5
"Esmond Street, Putney",51.46231278,-0.211468596,5463.75
"Orbel Street, Battersea",51.47453545,-0.170210533,6922.25
"Westbridge Road, Battersea",51.47768469,-0.170329317,13714.5
"Bishop's Avenue, Fulham",51.47303687,-0.214749808,13014.75
"Crisp Road, Hammersmith",51.48810829,-0.22660621,13303.25
"Dorothy Road, Clapham Junction",51.46506424,-0.163750945,10049.25
"Neville Gill Close, Wandsworth",51.45475251,-0.195197203,12272.5
"Osiers Road, Wandsworth",51.46067005,-0.198735357,11490.5
"Beryl Road, Hammersmith",51.48814438,-0.222456468,7683.75
"Northfields, Wandsworth",51.46095151,-0.20066766,6813.25
"Spanish Road, Clapham Junction",51.45922541,-0.180884959,4420.75
"Stanley Grove, Battersea",51.47047503,-0.152130083,6951.25
"Erin Close, Walham Green",51.47946386,-0.195777222,17456.5
"Cadogan Close, Victoria Park",51.54211855,-0.028941601,16541.75
"Felsham Road, Putney",51.464786,-0.215618902,14675.75
"Putney Rail Station, Putney",51.46071722,-0.216526155,5363
"Islington Green, Angel",51.53638435,-0.102757578,29793.25
"Charing Cross Hospital, Hammersmith",51.48728535,-0.217995921,6052.75
"Charlotte Terrace, Angel",51.53639219,-0.112721065,8585
"Shoreditch Court, Haggerston",51.53908372,-0.070329419,12611.75
"Belford House, Haggerston",51.5366541,-0.07023031,6517
"Battersea Church Road, Battersea",51.47696496,-0.174347066,13231.25
"Vicarage Crescent, Battersea",51.47287627,-0.176267008,14412
"Durant Street, Bethnal Green",51.52868155,-0.065550321,15074.75
"St. Bride Street, Holborn",51.51505991,-0.10534448,7291.75
"Mexfield Road, East Putney",51.45682071,-0.202802098,3499
"Upper Richmond Road, Putney",51.45971528,-0.212145939,8654.5
"Snowsfields, London Bridge",51.50215353,-0.083632928,14403.75
"Barons Court Station, West Kensington",51.49021762,-0.215087092,10059.75
"Disraeli Road, Putney",51.46161068,-0.21614583,11781
"Montserrat Road , Putney",51.46321128,-0.215550761,6909.75
"Albert Bridge Road, Battersea Park",51.47439218,-0.163347594,22114.75
"Everington Street, Fulham",51.48335692,-0.216305546,8363.75
"Mile End Stadium, Mile End",51.51854104,-0.034903714,11777.25
"Hawley Crescent, Camden Town",51.54100708,-0.14326094,6218.5
"Stewart's Road, Wandsworth Road",51.47311696,-0.137235175,8109.75
"Aylward Street, Stepney",51.51563007,-0.049067243,6750
"Stainsby Road , Poplar",51.51542791,-0.02356501,10627.5
"Dunston Road , Haggerston",51.53658514,-0.075885686,22934.25
"Ada Street, Hackney Central",51.53571683,-0.060291813,NA
"Victoria Park Road, Hackney Central",51.53642464,-0.054162264,22616
"Star Road, West Kensington",51.48724429,-0.205279052,10216.25
"Wendon Street, Old Ford",51.53603947,-0.026262677,10096.5
"Finnis Street, Bethnal Green",51.52458353,-0.058631453,5764.5
"Stephendale Road, Sands End",51.46822047,-0.190346493,19669.75
"Alma Road, Wandsworth",51.45799126,-0.184806157,4950.75
"Walworth Square, Walworth",51.491327,-0.096518684,18464
"Alfreda Street, Battersea Park",51.47505096,-0.150908371,13909.5
"Chesilton Road, Fulham",51.47569809,-0.20587627,12490
"Putney Bridge Road, East Putney",51.46199911,-0.206240805,5802.75
"St. Peter's Terrace, Fulham",51.47893931,-0.208485293,11957.5
"Bridge Avenue, Hammersmith",51.49208492,-0.229116862,16841.75
"Duke Street Hill, London Bridge",51.50630441,-0.087262995,37405
"Park Lane, Mayfair",51.50542628,-0.150817316,5166.5
"Plough Terrace, Clapham Junction",51.46230566,-0.175407201,7411.75
"Grant Road East, Clapham Junction",51.46489445,-0.17302926,10342
"Queensdale Road, Shepherd's Bush",51.50659035,-0.216104479,7126.75
"Fulham Broadway, Walham Green",51.47993289,-0.19411695,22633.5
"Imperial Road, Sands End",51.47514228,-0.187278987,7080.5
"Sirdar Road, Avondale",51.51092871,-0.214594781,3849.5
"Freston Road, Avondale",51.5129814,-0.219486603,3332.5
"Blenheim Crescent, Ladbroke Grove",51.51510818,-0.208565479,18445
"Oxford Road, Putney",51.46079243,-0.212607684,6212
"Ingrave Street, Clapham Junction",51.46745485,-0.172293499,5525.5
"Upcerne Road, West Chelsea",51.47816972,-0.18243547,8758.25
"Lots Road, West Chelsea",51.4795738,-0.17903854,12806.75
"Ormonde Gate, Chelsea",51.48796408,-0.161765173,13408
"Hertford Road, De Beauvoir Town",51.53727795,-0.079201849,13895
"Haggerston Road, Haggerston",51.53932857,-0.074284675,23461.25
"Culvert Road, Battersea",51.4710956,-0.157850096,7062.5
"Newton Street, Covent Garden",51.51612862,-0.120909408,5346.25
"Grenfell Road, Avondale",51.5129006,-0.214762686,5069.5
"The Vale, Chelsea",51.48512191,-0.174971902,21780
"Prince of Wales Drive, Battersea Park",51.47515398,-0.159169801,16434
"Harcourt Terrace, West Brompton",51.48795853,-0.187404506,11582.5
"Westbourne Park Road, Portobello",51.51787005,-0.201005397,9977.75
"Broadley Terrace, Marylebone",51.52456169,-0.165668686,4450.5
"Humbolt Road, Fulham",51.48321729,-0.211860644,8089.5
"Storey's Gate, Westminster",51.50070305,-0.129698963,33260
"Mile End Park Leisure Centre, Mile End",51.52059714,-0.032566533,7980.25
"St. John's Road, Clapham Junction",51.46239255,-0.16829214,19559.25
"Ranelagh Gardens, Fulham",51.46760141,-0.20682737,13074
"Ram Street, Wandsworth",51.45752945,-0.192165613,16956
"Santos Road, Wandsworth",51.45705988,-0.200806304,5254.75
"Clapham Common North Side, Clapham Common",51.46134382,-0.159322467,24929.25
"Sandilands Road, Walham Green",51.473611,-0.191803,10104
"Gwendwr Road, West Kensington",51.491026,-0.209121,11257.25
"Rifle Place, Avondale",51.509224,-0.216016,5987.25
"Binfield Road, Stockwell",51.47250956,-0.122831913,16290
"Tallis Street, Temple",51.511891,-0.107349,8818.25
"Hurlingham Park, Parsons Green",51.470131,-0.20464,7904.25
"Little Brook Green, Brook Green",51.496664,-0.223868,5946.5
"Abyssinia Close, Clapham Junction",51.460333,-0.167029,12942.25
"Limburg Road, Clapham Junction",51.4619230679,-0.165297856693,5589.5
"Houndsditch, Aldgate",51.514449,-0.077178979,7889.25
"Imperial Wharf Station, Sands End",51.474665,-0.18316517,17982
"Victoria & Albert Museum, South Kensington",51.495898,-0.173009,7435.5
"Halford Road, West Kensington",51.483911,-0.19760944,17672.5
"Monier Road, Hackney Wick",51.5403115,-0.021630359,12683.75
"East Village, Queen Elizabeth Olympic Park",51.546326,-0.00993526,10896.25
"Aquatic Centre, Queen Elizabeth Olympic Park",51.54094,-0.010510565,19695.5
"Lee Valley VeloPark, Queen Elizabeth Olympic Park",51.549369,-0.015717614,8999.25
"Timber Lodge, Queen Elizabeth Olympic Park",51.546805,-0.01469126,11548
"Podium, Queen Elizabeth Olympic Park",51.538718,-0.011889482,11943.5
"Stratford Station, Stratford",51.541793,-0.00481,12433
"Blackfriars Road, Southwark",51.505461,-0.10454093,14636.25
"Cromer Street, Bloomsbury",51.528279,-0.11955857,6641
"Victoria Rise, Clapham Common",51.461376,-0.14780467,NA
"Euston Square Gardens, Euston",51.527068,-0.13186102,8646.5
"Coram Street, Bloomsbury",51.524,-0.12640984,8421.5
"Ossulston Street, Somers Town",51.5293,-0.12827903,6681.5
"Birkenhead Street, King's Cross",51.5301998755,-0.122299440803,10049.5
"Kings Gate House, Westminster",51.4976984561,-0.137598896295,7760.5
"Sopwith Way, Battersea Park",51.4811219398,-0.149035374873,18341.5
"Lavington Street, Bankside",51.5052241745,-0.0980318118664,14503.5
"Albert Square, Stockwell",51.4765900593,-0.118256789081,15794.25
"Southwark Street, Bankside",51.5054099403,-0.0983410884509,7584.75
"Good's Way, King's Cross",51.5346677396,-0.125078652873,25280.75
"The Metropolitan, Portobello",51.520509,-0.20080483,10991.75
"Handyside Street, King's Cross",51.5372405623,-0.124807385707,10222.5
"Bevington Road West, North Kensington",51.5212,-0.208888173,15523.75
"Gauden Road, Clapham",51.464995,-0.13090885,NA
"Lincoln's Inn Fields, Holborn",51.5162778834,-0.118272991635,5026.75
"Tate Modern, Bankside",51.5067252868,-0.0988072461627,12705
"Westferry Circus, Canary Wharf",51.5057030357,-0.0277727426235,16759.25
"Here East North, Queen Elizabeth Olympic Park",51.5487311915,-0.0226065549321,7998
"New Spring Gardens Walk, Vauxhall",51.4878074485,-0.122759625866,7290.25
"Clapham Road, Lingham Street, Stockwell",51.4714330677,-0.123670735702,12415.25
"Lambeth Palace Road, Waterloo",51.5000891978,-0.116628700672,29946.5
"Here East South, Queen Elizabeth Olympic Park",51.5465327935,-0.0205975904647,7328.75
"Riverlight South, Nine Elms",51.4813354746,-0.138212295869,14159.75
"Westminster Pier, Westminster",51.501513,-0.12382322,46014.25
"Belvedere Road 2, South Bank",51.50621,-0.114842,6421.5
"Victory Place, Walworth",51.492807,-0.091938,9081.5
"Battersea Power Station, Battersea Park",51.4835074867,-0.147714557371,39198
"Allington Street, Victoria",51.496863,-0.1429434,29770
"Cranmer Road, Stockwell",51.479601,-0.11147178,23768
"Normandy Road, Stockwell",51.473874,-0.11258096,13615.75
"Wynne Road, Stockwell",51.469217,-0.11268674,4445.25
"Sidney Road, Stockwell",51.469202,-0.11902256,13441.75
"St John's Crescent, Brixton",51.466232,-0.11317995,12401.75
"Ferndale Road, Brixton",51.464019,-0.11578197,23984.75
"Saltoun Road, Brixton",51.460232,-0.11537509,21783
"Gas Holders, Battersea Park",51.477966,-0.14785703,22586.5
"Farringdon Street, Holborn",51.516785,-0.10494775,6351
"York Way, Kings Cross",51.541596,-0.12544145,12362
"Fore Street Avenue, Guildhall",51.518093,-0.0914017,3421.75
"Sea Containers, South Bank",51.508033,-0.10682363,18014
"George Row, Bermondsey",51.498585,-0.068981764,NA
"Tower Wharf, Bermondsey",51.500845,-0.074704305,NA
"Temple Gardens, Temple",51.510981,-0.10832249,NA
"Canada Water Station, Rotherhithe",51.498439,-0.049150215,NA
"Bermondsey Station, Bermondsey",51.497995,-0.063471392,NA
