"name","lat","long","k"
"River Street , Clerkenwell",51.52916347,-0.109970527,434
"Phillimore Gardens, Kensington",51.49960695,-0.197574246,2413.75
"Christopher Street, Liverpool Street",51.52128377,-0.084605692,251
"St. Chad's Street, King's Cross",51.53005939,-0.120973687,352
"Sedding Street, Sloane Square",51.49313,-0.156876,1798.75
"Broadcasting House, Marylebone",51.51811784,-0.144228881,1142
"Charlbert Street, St. John's Wood",51.53430039,-0.1680743,1543
"Maida Vale, Maida Vale",51.529857,-0.18348604,1444
"New Globe Walk, Bankside",51.5073853,-0.096440751,1543
"Park Street, Bankside",51.50597426,-0.092754157,1203
"Brunswick Square, Bloomsbury",51.52395143,-0.122502346,837
"Malet Street, Bloomsbury",51.52168078,-0.130431727,256.5
"Scala Street, Fitzrovia",51.51991453,-0.136039674,616.5
"Belgrove Street , King's Cross",51.52994371,-0.123616824,1453.5
"Great Russell Street, Bloomsbury",51.51772703,-0.127854211,492.25
"Cartwright Gardens , Bloomsbury",51.52635795,-0.125979294,526.25
"Hatton Wall, Holborn",51.5216612,-0.109006325,838.75
"Drury Lane, Covent Garden",51.51477076,-0.12221963,1051.25
"Taviton Street, Bloomsbury",51.52505093,-0.131161087,385.5
"Drummond Street , Euston",51.527326,-0.13605286,255.75
"Northington Street , Holborn",51.5222641,-0.114079481,1401.5
"Red Lion Square, Holborn",51.51943538,-0.119123345,555.25
"British Museum, Bloomsbury",51.51908011,-0.124678402,1158.5
"Doric Way , Somers Town",51.5288338,-0.132250369,587.5
"Ampton Street , Clerkenwell",51.52728093,-0.11829517,867.75
"Bouverie Street, Temple",51.51382102,-0.107927706,848.5
"Bolsover Street, Fitzrovia",51.52351808,-0.143613641,1936.5
"Hereford Road, Bayswater",51.513735,-0.193487,2279
"Windsor Terrace, Hoxton",51.52915444,-0.093421615,1245.75
"Fanshaw Street, Hoxton",51.52953709,-0.083353323,979.5
"Leonard Circus , Shoreditch",51.52469624,-0.084439283,1330
"Central House, Aldgate",51.515231,-0.07015,1861.5
"Pancras Road, King's Cross",51.5341235,-0.129386874,985.25
"De Vere Gardens, Kensington",51.50173726,-0.184980612,1727
"Penywern Road, Earl's Court",51.49159394,-0.192369256,1723.25
"Abingdon Villas, Kensington",51.4973875,-0.197245586,1279
"Shoreditch High Street, Shoreditch",51.5263778,-0.078130921,2625.25
"Commercial Street, Shoreditch",51.52127071,-0.0755789,899.25
"Pindar Street, Liverpool Street",51.520955,-0.083493552,133.5
"Wenlock Road , Hoxton",51.53099181,-0.093903825,1175.25
"Crawford Street, Marylebone",51.52026,-0.157183945,1100
"Bruton Street, Mayfair",51.51073687,-0.144165239,1103.5
"Boston Place, Marylebone",51.522511,-0.162298,568.25
"Nesham Street, Wapping",51.507131,-0.06691,3614.25
"Warwick Avenue Station, Maida Vale",51.52334476,-0.183846408,2931
"Godliman Street, St. Paul's",51.51248445,-0.099141408,1530
"Curzon Street, Mayfair",51.50706909,-0.145904427,395.25
"East Road, Hoxton",51.52867339,-0.087459376,952.75
"Finsbury Library , Finsbury",51.52671796,-0.104298194,1051.25
"Roscoe Street, St. Luke's",51.52295439,-0.094934859,2236.25
"Grafton Street, Mayfair",51.5099923,-0.143495266,367.75
"Golden Lane, Barbican",51.52174785,-0.094475072,1437.5
"Finsbury Circus, Liverpool Street",51.51707521,-0.086685542,575
"Paddington Street, Marylebone",51.52058381,-0.154701411,1416
"Guilford Street , Bloomsbury",51.52334672,-0.120202614,1351.5
"New Inn Yard, Shoreditch",51.52452699,-0.079248081,1459.25
"Lisson Grove, St. John's Wood",51.52644828,-0.172190727,927.25
"Great Dover Street, The Borough",51.49738251,-0.089446947,2738.75
"Cotton Garden Estate, Kennington",51.4907579,-0.106323685,1902.5
"Murray Grove , Hoxton",51.53089041,-0.089782579,1699.75
"William IV Street, Strand",51.50946212,-0.124749274,1404.5
"Holborn Circus, Holborn",51.51795029,-0.108657431,2136
"Hatton Garden, Holborn",51.51882555,-0.108028472,387.5
"Theobald's Road , Holborn",51.52059681,-0.116688468,1663
"Euston Road, Euston",51.5262363,-0.134407652,862.5
"Calshot Street , King's Cross",51.53136059,-0.117069978,220
"Newgate Street , St. Paul's",51.5154186,-0.098850915,1568.75
"Farringdon Lane, Clerkenwell",51.52352001,-0.108340165,1697.25
"Old Street Station, St. Luke's",51.52548,-0.089659871,3118.5
"Vauxhall Cross, Vauxhall",51.48591714,-0.124469948,4569.75
"Torrens Street, Angel",51.53219984,-0.105480698,1027.25
"Longford Street, The Regent's Park",51.52559505,-0.144083893,1854.25
"Russell Square Station, Bloomsbury",51.52341837,-0.124121774,1213.75
"Sadlers Sports Centre, Finsbury",51.52486887,-0.099489485,1192.75
"Arundel Street, Temple",51.511726,-0.11385596,980
"Webber Street , Southwark",51.50069361,-0.102091246,1098.5
"Great Titchfield Street, Fitzrovia",51.52025302,-0.141327271,1306
"Chancery Lane, Holborn",51.514274,-0.111257,569.5
"Panton Street, West End",51.50963938,-0.131510949,1761.75
"Breams Buildings, Holborn",51.51593725,-0.111778348,NA
"Tanner Street, Bermondsey",51.50064702,-0.078600401,4007.5
"Sancroft Street, Vauxhall",51.48947903,-0.115156562,650
"Devonshire Square, Liverpool Street",51.51646835,-0.079684557,1047
"Bayley Street , Bloomsbury",51.51858757,-0.132053392,1620.75
"Tavistock Place, Bloomsbury",51.5262503,-0.123509611,1730.75
"Harrington Square 1, Camden Town",51.53301907,-0.139174593,45
"Walnut Tree Walk, Vauxhall",51.49368637,-0.111014912,2370.25
"Borough Road, Elephant & Castle",51.49889832,-0.100440521,1028.5
"Cloudesley Road, Angel",51.53440868,-0.109025404,1441.75
"Bricklayers Arms, Borough",51.49506109,-0.085814489,2958.75
"Aldersgate Street, Barbican",51.5208417,-0.097340162,2807.75
"Falkirk Street, Hoxton",51.53095071,-0.078505384,1481
"Gloucester Road (North), Kensington",51.49792478,-0.183834706,1461.25
"Hampstead Road, Euston",51.52554222,-0.138231303,1331.5
"Old Quebec Street, Marylebone",51.51457763,-0.158264483,3056.5
"Albert Embankment, Vauxhall",51.49043573,-0.122806861,2234.5
"Queen Street 1, Bank",51.51155322,-0.0929401,3133.5
"Jewry Street, Aldgate",51.51340693,-0.076793375,1886
"Vicarage Gate, Kensington",51.50472376,-0.192538767,2418.75
"Crosswall, Tower",51.51159481,-0.077121322,1011.5
"Westbourne Grove, Bayswater",51.51552971,-0.190240716,2497.5
"Woodstock Street, Mayfair",51.51410514,-0.147301667,687.75
"Finsbury Leisure Centre, St. Luke's",51.52600832,-0.096317627,1221
"Abbey Orchard Street, Westminster",51.49812559,-0.132102166,1339.75
"Soho Square , Soho",51.51563144,-0.132328837,2030.25
"Wellington Road, St. John's Wood",51.53304322,-0.172528678,1334.75
"Park Lane , Hyde Park",51.5100172,-0.157275636,3479.5
"Stonecutter Street, Holborn",51.51580998,-0.105270275,743
"Gloucester Road (Central), South Kensington",51.49646288,-0.183289032,2646.25
"Park Road (Baker Street), The Regent's Park",51.52451738,-0.158963647,2879.75
"Braham Street, Aldgate",51.51423368,-0.073537654,2536.25
"Little Argyll Street, West End",51.51449962,-0.141423695,2317.25
"Lollard Street, Vauxhall",51.49288067,-0.114934001,2286.25
"Rochester Row, Westminster",51.49582705,-0.13547809,1062.75
"Bath Street, St. Luke's",51.52589324,-0.090847761,2328.75
"The Guildhall, Guildhall",51.51573534,-0.093080779,411.75
"Baker Street, Marylebone",51.51891348,-0.156166631,876.5
"Norton Folgate, Liverpool Street",51.52111369,-0.078869751,1654.75
"St. John Street, Finsbury",51.52836014,-0.104724625,1096.75
"Eaton Square, Belgravia",51.49654462,-0.150905245,812.5
"Borough High Street, The Borough",51.50069491,-0.094524319,2294.75
"Museum of London, Barbican",51.51782144,-0.096496865,850
"Wood Street, Guildhall",51.51700801,-0.09388536,610
"Emperor's Gate, South Kensington",51.49536226,-0.185296516,1753.25
"Golden Square, Soho",51.5118973,-0.137043852,1663.5
"Tower Gardens , Tower",51.50950627,-0.075459482,5866.75
"Eversholt Street , Camden Town",51.53300545,-0.136792671,965.75
"Bethnal Green Road, Shoreditch",51.52364804,-0.074754872,3386
"Derry Street, Kensington",51.50136494,-0.191462381,4930.75
"Wapping High Street, Wapping",51.504904,-0.06797,4654.25
"Clerkenwell Green, Clerkenwell",51.52326004,-0.104708922,2206
"Queen Victoria Street, St. Paul's",51.51196176,-0.097441687,3177.5
"Green Street, Mayfair",51.51227622,-0.157436972,1764
"Lambeth Road, Vauxhall",51.49488108,-0.117974901,1050.25
"Finsbury Square , Moorgate",51.52096262,-0.085634242,1625
"Chapel Place, Marylebone",51.51530805,-0.147203711,738.25
"West Cromwell Road, Earl's Court",51.49372451,-0.198286569,3393.25
"Pont Street, Knightsbridge",51.4968865,-0.161203828,1623.75
"Kennington Cross, Kennington",51.48894022,-0.111435796,3437.5
"Ilchester Place, Kensington",51.50074359,-0.202759212,2124.5
"Vauxhall Bridge , Pimlico",51.48836528,-0.129361842,2330.75
"Tachbrook Street, Victoria",51.49211134,-0.138364847,2329.25
"Kennington Road Post Office, Oval",51.48478899,-0.110683213,4732
"Holy Trinity Brompton, Knightsbridge",51.49705603,-0.168917077,1272.75
"Chepstow Villas, Notting Hill",51.51213691,-0.201554966,1098.5
"Hampton Street, Walworth",51.49217002,-0.101536865,2463.25
"Bayswater Road, Hyde Park",51.511933,-0.174411,3893.75
"Waterloo Station 3, Waterloo",51.50379168,-0.11282408,406
"Lexham Gardens, Kensington",51.49586666,-0.191933711,1251
"New Kent Road, The Borough",51.49443626,-0.092921165,1225.5
"Wright's Lane, Kensington",51.50039792,-0.193068385,1626.5
"Trebovir Road, Earl's Court",51.49085368,-0.196170309,3469.5
"Waterloo Place, St. James's",51.50663341,-0.131773845,1960
"Guildhouse Street, Victoria",51.49234577,-0.141334487,1490.75
"Southampton Place, Holborn",51.51760685,-0.121328408,982
"Sloane Avenue, Knightsbridge",51.4931848,-0.167894973,4336.75
"Cleveland Gardens, Bayswater",51.515607,-0.183118788,1747.5
"Orsett Terrace, Bayswater",51.517932,-0.183716959,1167.5
"Seville Street, Knightsbridge",51.50185512,-0.159237081,1948
"Eccleston Place, Victoria",51.49395092,-0.147624377,1342
"Argyll Road, Kensington",51.50040123,-0.195455928,1636.25
"Porchester Place, Paddington",51.51474612,-0.165164288,3464.5
"Hardwick Street, Clerkenwell",51.52784273,-0.108068155,385.5
"Collingham Gardens, Earl's Court",51.4916156,-0.186753859,2319.25
"Sumner Place, South Kensington",51.49121192,-0.173715911,1653.75
"Waterloo Road, South Bank",51.50486,-0.113001,1092.25
"Worship Street, Shoreditch",51.521668,-0.079608554,597.25
"Gloucester Terrace, Bayswater",51.51791921,-0.188098863,1181.25
"Ashley Place, Victoria",51.49616092,-0.140947636,1901
"Warwick Square, Pimlico",51.48985626,-0.141923621,2503.75
"North Audley Street, Mayfair",51.5129118,-0.153645496,1979.5
"Belgrave Square, Belgravia",51.49941247,-0.152317537,1818.75
"Bell Street , Marylebone",51.52202903,-0.165842551,1983.75
"Riverlight North, Nine Elms",51.482362,-0.13612398,6038
"Portland Place, Marylebone",51.52071513,-0.14521173,1800.75
"Alderney Street, Pimlico",51.48805753,-0.140741432,3395.75
"South Wharf Road, Paddington",51.51733558,-0.175810943,2110.5
"Queen's Gate (South), South Kensington",51.49247977,-0.178433004,3734.5
"Nutford Place, Marylebone",51.5165179,-0.164393768,611.5
"Claremont Square, Angel",51.53166681,-0.109914711,1588.5
"Rampayne Street, Pimlico",51.48997562,-0.132845681,1964.5
"Hyde Park Corner, Hyde Park",51.50311799,-0.153520935,12405.25
"Wardour Street, Soho",51.51251523,-0.133201961,3493.5
"Bankside Mix, Bankside",51.50581776,-0.100186337,1343.25
"Hop Exchange, The Borough",51.50462759,-0.091773776,6723
"Milroy Walk, South Bank",51.50724437,-0.106237501,3319
"Union Street, The Borough",51.50368837,-0.098497684,2072.25
"Stamford Street, South Bank",51.50556905,-0.111606696,1315.25
"Great Tower Street, Monument",51.51048489,-0.082989638,3605.5
"LMU Commercial Road, Whitechapel",51.51492456,-0.066078037,4731.25
"Dorset Square, Marylebone",51.5225965,-0.161113413,2417.5
"Leman Street, Aldgate",51.51236389,-0.06954201,3996
"West Smithfield Rotunda, Farringdon",51.51821864,-0.100791005,1680.5
"Margery Street, Clerkenwell",51.52659961,-0.112432615,975.75
"New Road 1 , Whitechapel",51.518154,-0.062697,2875.5
"Grosvenor Crescent, Belgravia",51.50135267,-0.153194766,527
"Mallory Street, Marylebone",51.52505151,-0.166304359,563.25
"Denyer Street, Knightsbridge",51.49358391,-0.165101392,1171.5
"Hinde Street, Marylebone",51.51681444,-0.151926305,1950
"Cadogan Place, Knightsbridge",51.49464523,-0.158105512,2063
"Wellington Arch, Hyde Park",51.50274025,-0.149569201,9136.25
"Endsleigh Gardens, Euston",51.52683806,-0.130504336,835.75
"Moorfields, Moorgate",51.51906932,-0.088285377,1380.25
"Old Brompton Road, South Kensington",51.49094565,-0.181190899,2918.5
"Wormwood Street, Liverpool Street",51.51615461,-0.082422399,2651
"St. Luke's Church, Chelsea",51.48971651,-0.170194408,2766
"Bramham Gardens, Earl's Court",51.49016361,-0.19039362,4226.5
"Chelsea Green, Chelsea",51.49066456,-0.166485083,2270.5
"Horseferry Road, Westminster",51.49481649,-0.13045856,2122
"Knightsbridge, Hyde Park",51.50275704,-0.155349725,762.75
"Rodney Road , Walworth",51.49148474,-0.090220911,2278.75
"Queensway, Kensington Gardens",51.51031,-0.18740235,4549.5
"Notting Hill Gate Station, Notting Hill",51.50935342,-0.196422,3184
"Charles II Street, West End",51.50844614,-0.131961389,1382.75
"Great Percy Street, Clerkenwell",51.52891573,-0.115480888,2830.75
"St. James's Square, St. James's",51.50742485,-0.134621209,2513.25
"Whitehall Place, Strand",51.50654321,-0.123179697,2444
"Poured Lines, Bankside",51.50669284,-0.103137426,1248.75
"Queen's Gate (Central), South Kensington",51.49396755,-0.17873226,1847
"Carey Street, Holborn",51.51501025,-0.112753217,173
"Pall Mall East, West End",51.50777049,-0.130699733,2246.5
"Liverpool Road (N1 Centre), Angel",51.53450449,-0.106992706,4669.25
"Kennington Road  , Vauxhall",51.49571828,-0.110889274,2458.5
"Fashion Street, Whitechapel",51.51838043,-0.073438925,933.75
"Dock Street, Wapping",51.5097860151,-0.0681619805156,4040
"Frampton Street, Paddington",51.5233534,-0.175116099,952.25
"Warren Street Station, Euston",51.52443845,-0.138019439,2817.5
"Colombo Street, Southwark",51.50545935,-0.10569204,374.5
"Beaumont Street, Marylebone",51.52200801,-0.151359288,2090
"Gloucester Street, Pimlico",51.49096258,-0.139625122,3495
"Earnshaw Street , Covent Garden",51.51611887,-0.128585022,1221.5
"Grosvenor Road, Pimlico",51.4853572,-0.142207481,2747
"Berry Street, Clerkenwell",51.52285301,-0.099994052,2520.75
"St. John's Wood Church, The Regent's Park",51.530529,-0.167515,2487
"Triangle Car Park, Hyde Park",51.50645179,-0.170279555,10219.75
"Harper Road, The Borough",51.49859784,-0.096191134,1165
"Royal Avenue 1, Chelsea",51.489932,-0.162727,2130.25
"Brushfield Street, Liverpool Street",51.518908,-0.079249,3565
"Jubilee Gardens, South Bank",51.5046364,-0.116542278,3206.75
"Shoreditch Park, Hoxton",51.53404294,-0.086379717,3931.75
"Chadwell Street, Angel",51.53051587,-0.106408455,3209.25
"Clifton Road, Maida Vale",51.52557531,-0.179592915,2706.5
"Houghton Street, Strand",51.51362054,-0.116764211,501.5
"Westminster University, Marylebone",51.52248185,-0.154907218,1047.75
"Kensington Gore, Knightsbridge",51.50143293,-0.178656971,NA
"Bourne Street, Belgravia",51.490959,-0.1532331,4431.25
"Broadwick Street, Soho",51.5136846,-0.135580879,1149.75
"Princes Square, Bayswater",51.5134891,-0.191351186,1400.75
"LSBU (Borough Road), Elephant & Castle",51.49874469,-0.103132904,2137.75
"St. Mary Axe, Aldgate",51.51422502,-0.080660083,826.25
"Tysoe Street, Clerkenwell",51.52644342,-0.109256828,2798.5
"Southwick Street, Paddington",51.51595344,-0.169249375,2169.75
"Queen's Gate (North), Kensington",51.50102668,-0.180246101,2594.75
"Regency Street, Westminster",51.49206037,-0.132224622,2512.5
"Belgrave Road, Victoria",51.49320445,-0.144132875,2462
"Empire Square, The Borough",51.50082346,-0.089740764,3436.75
"Kennington Lane Rail Bridge, Vauxhall",51.4863434,-0.122492418,4370
"London Zoo,  The Regent's Park",51.53583617,-0.156285395,2607.25
"Baylis Road, Waterloo",51.50144456,-0.110699309,3339.75
"Belvedere Road 1, South Bank",51.50613324,-0.114686385,1550.75
"Warwick Road, Olympia",51.49671237,-0.20528437,4113.25
"Barbican Centre, Barbican",51.52004497,-0.092176447,1404
"Lower Thames Street, Monument",51.50930161,-0.084985356,874.25
"Kensington Church Street, Kensington",51.50315739,-0.191496313,4198
"Tooley Street, Bermondsey",51.5034938,-0.07962099,6630.75
"North Wharf Road, Paddington",51.51862243,-0.176645823,1295.25
"Royal Avenue 2, Chelsea",51.490083,-0.162418,3639.25
"Smith Square, Westminster",51.49580589,-0.127575233,1703.5
"Royal London Hospital, Whitechapel",51.518675,-0.06111,5822.5
"Kingsway, Covent Garden",51.51440928,-0.118478757,287.5
"Lambeth North Station, Waterloo",51.49914063,-0.112031483,2476.75
"St. John's Wood Road, St. John's Wood",51.5272947,-0.174653609,1600.25
"Bedford Way, Bloomsbury",51.52367314,-0.128377673,599.5
"Elizabeth Bridge, Victoria",51.49236962,-0.147478734,2926.5
"South Audley Street, Mayfair",51.50923022,-0.151296092,325.75
"St Mary's Hospital, Paddington",51.518268,-0.17110323,2474
"Claverton Street, Pimlico",51.48483991,-0.138089062,4390
"Montpelier Street, Knightsbridge",51.49888404,-0.165471605,2142.5
"Kensington Olympia Station, Olympia",51.49815779,-0.209494128,1951.75
"St. George's Square, Pimlico",51.488226,-0.135635511,4523.5
"Swan Street, The Borough",51.50029631,-0.092762704,2507.25
"Knaresborough Place, Earl's Court",51.49363156,-0.190603326,3056.75
"Geraldine Street, Elephant & Castle",51.49612799,-0.106000855,1259.75
"Curlew Street, Shad Thames",51.50227992,-0.074189225,7472
"Vincent Square, Westminster",51.49398524,-0.136928582,877.75
"Serpentine Car Park, Hyde Park",51.505014,-0.17306032,6925.25
"Marylebone Lane, Marylebone",51.51475963,-0.148105415,1676
"Putney Pier, Wandsworth",51.466907,-0.216573,6922.5
"Albert Gate, Hyde Park",51.50295379,-0.158456089,9013.5
"Rathbone Street, Fitzrovia",51.51816295,-0.135025698,603
"Black Lion Gate, Kensington Gardens",51.50990837,-0.187842717,9246.5
"Long Lane , Bermondsey",51.49907558,-0.085666316,3727.5
"Embankment (Savoy), Strand",51.50963123,-0.119047563,1773.75
"Black Prince Road, Vauxhall",51.4908679,-0.116911864,2270.75
"Foley Street, Fitzrovia",51.51918144,-0.140485596,2515
"Grove End Road, St. John's Wood",51.53088935,-0.176770502,3266.25
"Wells Street, Fitzrovia",51.51734403,-0.138072691,1374.75
"Tyers Gate, Bermondsey",51.50088934,-0.083159352,2652.25
"The Tennis Courts, The Regent's Park",51.52536703,-0.153463612,5262.75
"Warwick Row, Westminster",51.497998,-0.14296064,3214.75
"Dickens Square, Borough",51.49679128,-0.093913472,1326.25
"Sackville Street, Mayfair",51.51004801,-0.138846453,1588.25
"Baldwin Street, St. Luke's",51.52702563,-0.088542771,1693.25
"Queen Mother Sports Centre, Victoria",51.49357351,-0.139956043,2998
"Bermondsey Street, Bermondsey",51.49785559,-0.081608045,5787.25
"Palissy Street, Shoreditch",51.526293,-0.073955,1828.5
"Clifton Street, Shoreditch",51.523196,-0.083067,491.75
"Ontario Street, Elephant & Castle",51.49652013,-0.101384068,3145.5
"St. Martin's Street, West End",51.50908747,-0.129697889,570.25
"Graham Street, Angel",51.53266186,-0.099981142,4124.25
"New North Road 1, Hoxton",51.53095,-0.085603,1392.5
"New North Road 2, Hoxton",51.53114,-0.086016,2132.75
"Prince Albert Road, The Regent's Park",51.53589283,-0.160854428,5382.25
"Eastbourne Mews, Paddington",51.51641749,-0.179135079,1419.75
"Bunhill Row, Moorgate",51.52085887,-0.089887855,3478.75
"Nevern Place, Earl's Court",51.49334336,-0.194757949,2244.25
"Palace Gardens Terrace, Notting Hill",51.50860544,-0.193764092,2981.75
"Concert Hall Approach 1, South Bank",51.505044,-0.115851,634
"Tavistock Street, Covent Garden",51.51196803,-0.120718759,583.5
"Concert Hall Approach 2, South Bank",51.504942,-0.115533,1143.5
"Pembridge Villas, Notting Hill",51.51108452,-0.197524944,1532.25
"Wellington Street , Strand",51.51175646,-0.119643424,2378.75
"Risinghill Street, Angel",51.5333196,-0.1117812,1395.75
"Bank of England Museum, Bank",51.51444134,-0.087587447,2416.75
"Craven Street, Strand",51.50810309,-0.12602103,3865.5
"London Zoo Car Park, The Regent's Park",51.53692216,-0.150181444,2367.75
"Goswell Road (City Uni), Finsbury",51.528246,-0.10102611,1558.75
"Flood Street, Chelsea",51.48802358,-0.166878535,4561.75
"Lower Marsh, Waterloo",51.50013942,-0.113936001,1912
"Grosvenor Square, Mayfair",51.51217033,-0.150481272,1157.75
"St. George Street, Mayfair",51.51196,-0.142783033,654
"Queen's Gate, Kensington Gardens",51.5017154373867,-0.1798541843891,5328.25
"Macclesfield Rd, St Lukes",51.529423,-0.097122,2404.5
"Vauxhall Street, Vauxhall",51.486965,-0.116625,3799.75
"Greycoat Street , Westminster",51.49459148,-0.134234258,1048
"Northumberland Avenue, Strand",51.506767,-0.123702,2420
"Clapham Common Station, Clapham Common",51.461388,-0.13922146,NA
"South Kensington Station, South Kensington",51.494412,-0.173881,4493.75
"Howland Street, Fitzrovia",51.520994,-0.139016,1659.75
"High Holborn , Covent Garden",51.516226,-0.124826,1277
"Butler Place, Westminster",51.49782999,-0.135440826,1216.5
"Howick Place, Westminster",51.49675303,-0.138733562,2252.5
"Waterloo Station 2, Waterloo",51.50391973,-0.11342629,459.75
"Royal College Street, Camden Town",51.536264,-0.133952,982.75
"Lord's, St. John's Wood",51.5291212008901,-0.171185284853,630.25
"Store Street, Bloomsbury",51.519572,-0.13214036,NA
"City Road, Angel",51.530344,-0.100168,2211
"Millennium Hotel, Mayfair",51.5109192966489,-0.1511263847351,957.25
"Harrowby Street, Marylebone",51.5173721,-0.1642075,3892.75
"Harriet Street, Knightsbridge",51.50024195,-0.15934065,2275
"Paddington Green, Paddington",51.520205,-0.174593,462.5
"King Edward Walk, Waterloo",51.49775,-0.10988,1371.5
"Sardinia Street, Holborn",51.515208,-0.117863,354.75
"Prince Consort Road, Knightsbridge",51.49980661,-0.176415994,629.75
"Waterloo Station 1, Waterloo",51.50402794,-0.11386436,1910.75
"Kensington Town Hall, Kensington",51.50194596,-0.194392952,1366.5
"Millbank Tower, Pimlico",51.49188409,-0.125674815,3864.5
"Waterloo Bridge, South Bank",51.50535447,-0.113656543,610.75
"Natural History Museum, South Kensington",51.49559291,-0.179077626,984.25
"Turquoise Island, Notting Hill",51.51431171,-0.200838199,4015.5
"Stanhope Gate, Mayfair",51.50686435,-0.150666888,518
"Charlotte Street, Fitzrovia",51.51953043,-0.13577731,2683.25
"Farm Street, Mayfair",51.50935171,-0.14744969,876.75
"Frith Street, Soho",51.51310333,-0.13121385,1437.5
"Marloes Road, Kensington",51.496481,-0.192404,2177.25
"Moor Street, Soho",51.51352755,-0.130110822,3174.5
"Fire Brigade Pier, Vauxhall",51.49369988,-0.121394101,4254
"Southampton Street, Strand",51.51070161,-0.121723604,2770.75
"Upper Grosvenor Street, Mayfair",51.51013066,-0.155757901,750.75
"Buxton Street 1, Shoreditch",51.521776,-0.068856,1427.5
"Clifford Street, Mayfair",51.51066202,-0.142345694,NA
"Imperial College, Knightsbridge",51.49942855,-0.179702476,2005
"Snow Hill, Farringdon",51.51733427,-0.103604248,932.75
"Aberdeen Place, St. John's Wood",51.524826,-0.176268,2417.75
"Cadogan Gardens, Chelsea",51.492462,-0.159919,3098.25
"Shouldham Street, Marylebone",51.51809,-0.163609,2114.25
"Devonshire Terrace, Bayswater",51.51348,-0.17977,5127
"Holland Park, Kensington",51.502319,-0.200742,3048.75
"Brick Lane Market, Shoreditch",51.52261762,-0.071653961,2903
"George Street, Marylebone",51.517703,-0.154106,2235.75
"Columbia Road, Shoreditch",51.528187,-0.075375,4926.5
"Penfold Street, Marylebone",51.52289229,-0.171681991,1061.5
"George Place Mews, Marylebone",51.51689296,-0.158249929,2670.25
"Palace Gate, Kensington Gardens",51.50204238,-0.184400221,9898.75
"Gloucester Road Station, South Kensington",51.49418566,-0.18267094,5848
"Strata, Elephant & Castle",51.493146,-0.099828,5566
"Edgware Road Station, Marylebone",51.519968,-0.169774,3321
"Rotherhithe Roundabout, Rotherhithe",51.499169,-0.055846029,NA
"Cleaver Street, Kennington",51.488105,-0.110121,1304
"Chelsea Bridge, Pimlico",51.485821,-0.149004,8959.25
"Southwark Station 1, Southwark",51.504043,-0.105312,1706
"Southwark Station 2, Southwark",51.504044,-0.104778,1775.75
"Eaton Square (South), Belgravia",51.49456127,-0.15393398,2880.75
"Ebury Bridge, Pimlico",51.490491,-0.149186,2511
"Harrington Square 2, Camden Town",51.533379,-0.139159,1798
"Vincent Street, Pimlico",51.493072,-0.129925,3686.75
"Cheapside, Bank",51.51397065,-0.09294031,5335.5
"Exhibition Road, Knightsbridge",51.499917,-0.174554,2803
"South Parade, Chelsea",51.48902,-0.17524,2331.75
"Crinan Street, King's Cross",51.534474,-0.122203,1166
"Exhibition Road Museums 1, South Kensington",51.496468,-0.17379696,NA
"Wren Street, Holborn",51.524564,-0.116279,2022
"Kennington Station, Kennington",51.488852,-0.105593,5205.5
"Red Lion Street, Holborn",51.51824,-0.11655,3314.75
"Vauxhall Walk, Vauxhall",51.488124,-0.120903,3182
"Killick Street, King's Cross",51.5338,-0.118677,1878.75
"Kennington Oval, Oval",51.483145,-0.113134,3727.5
"Sail Street, Vauxhall",51.495656,-0.114605,2632.5
"Walmer Road, Avondale",51.510101,-0.211358,1251.5
"Philpot Street, Whitechapel",51.515256,-0.058641,5318.75
"Bethnal Green Garden, Bethnal Green",51.52568,-0.055312,3994.25
"Cheshire Street, Bethnal Green",51.52388,-0.065076,2057
"York Hall, Bethnal Green",51.528936,-0.055894,3061.25
"Jubilee Crescent, Cubitt Town",51.493381,-0.007542,2148.5
"Fisherman's Walk West, Canary Wharf",51.50623,-0.02296,3197.25
"Shadwell Station, Shadwell",51.511088,-0.057159,5783.75
"Jubilee Street, Stepney",51.515975,-0.053177,2496.25
"Hermitage Court, Wapping",51.504719,-0.063531,4381
"St. Katharine's Way, Tower",51.505697,-0.070542,3331.5
"Garnet Street, Shadwell",51.508447,-0.055167,3619.25
"Napier Avenue, Millwall",51.487679,-0.021582,4354.25
"East Ferry Road, Cubitt Town",51.49447,-0.014409,3528.75
"Parkway, Camden Town",51.538071,-0.144664,4131.25
"Castlehaven Road, Camden Town",51.542138,-0.145393,5624.75
"Wapping Lane, Wapping",51.504749,-0.057544,4484.75
"Gunmakers Lane, Old Ford",51.535179,-0.03338,4350.75
"Burdett Road, Mile End",51.516196,-0.029138,5369.25
"Aston Street, Stepney",51.516,-0.038775,3073.25
"Bonny Street, Camden Town",51.541603,-0.138853,4704.25
"Thurtle Road, Haggerston",51.534776,-0.071881,NA
"St. Mary & St. Michael Church, Stepney",51.51417,-0.052099,788.75
"Pitfield Street North,Hoxton",51.53558,-0.08249,3792.25
"Whiston Road, Haggerston",51.534464,-0.076341,2858
"Southern Grove, Bow",51.523538,-0.030556,2927.75
"Cantrell Road, Bow",51.521564,-0.022694,718.5
"Lindfield Street, Poplar",51.513757,-0.020467,2018.5
"Mostyn Grove, Bow",51.530535,-0.025492,2527
"Hewison Street, Old Ford",51.533283,-0.028155,2732.75
"Malmesbury Road, Bow",51.529452,-0.027616,868.75
"Millharbour, Millwall",51.496137,-0.019355,1614.5
"Gascoyne Road, Victoria Park",51.541515,-0.038557746,NA
"Lightermans Road, Millwall",51.499041,-0.020157,5142.25
"Stebondale Street, Cubitt Town",51.489096,-0.009205,1306.75
"Spindrift Avenue, Millwall",51.49109,-0.018716,2383
"Stepney Green Station, Stepney",51.521889,-0.04667,6746
"Pott Street, Bethnal Green",51.527152,-0.058005,5662.75
"Flamborough Street, Limehouse",51.5128711,-0.0389866,10012
"Saunders Ness Road, Cubitt Town",51.487129,-0.0090011,11050
"Exhibition Road Museums 2, South Kensington",51.495947,-0.17368958,NA
"Albert Gardens, Stepney",51.51328,-0.047784,4472.25
"Bromley High Street, Bow",51.528828,-0.013258,3617
"Old Ford Road, Bethnal Green",51.531127,-0.048017,2962.5
"Granby Street, Shoreditch",51.525645,-0.069543,4270
"Canton Street, Poplar",51.511811,-0.025626,2664
"Reardon Street, Wapping",51.506946,-0.058681,4249.5
"Christian Street, Whitechapel",51.513074,-0.064094,5918.5
"Pennington Street, Wapping",51.508622,-0.065006,1208.25
"Queen Mary's, Mile End",51.522507,-0.041378,3553
"Maplin Street, Mile End",51.525501,-0.032267204,5196.25
"South Quay East, Canary Wharf",51.50196,-0.016251,573.25
"Bow Church Station, Bow",51.528169,-0.018703,7457.75
"Devons Road, Bow",51.52512,-0.015578,3174.5
"Merchant Street, Bow",51.526578,-0.027581,4760.25
"Bow Road Station, Bow",51.527058,-0.025296,3375.25
"Furze Green, Bow",51.519265,-0.021345,6229.5
"Ansell House, Stepney",51.520019,-0.05438,7235.75
"Cephas Street, Bethnal Green",51.522561,-0.054883,4207
"Bonner Gate, Victoria Park",51.53341,-0.049591815,6494.25
"Cleveland Way, Stepney",51.520893,-0.051394,8727.75
"St. John's Park, Cubitt Town",51.496454,-0.009506,1554.25
"Ackroyd Drive, Bow",51.520398,-0.026768,2109.25
"Bell Lane, Liverpool Street",51.517475,-0.075855,2429.5
"Clarkson Street, Bethnal Green",51.528692,-0.059091,1999.25
"Fournier Street, Whitechapel",51.519362,-0.074431,3681
"Fore Street, Guildhall",51.517842,-0.090075,301
"Westferry DLR, Limehouse",51.509303,-0.025996,7186.5
"Sutton Street, Shadwell",51.511066,-0.053558,5783.5
"Pritchard's Road, Bethnal Green",51.532091,-0.06142,4307.5
"Watney Market, Stepney",51.5142228,-0.055656,4111.25
"Portman Square, Marylebone",51.516204,-0.155525,2275.5
"Russell Gardens, Olympia",51.500088,-0.211316,2835.75
"Chrisp Street Market, Poplar",51.5112,-0.014438,2792
"Ford Road, Old Ford",51.532513,-0.033085,2685.25
"Antill Road, Mile End",51.528224,-0.037471,2869
"Teviot Street, Poplar",51.518811,-0.011662,1444.25
"Bancroft Road, Bethnal Green",51.526041,-0.047218,2873.75
"Driffield Road, Old Ford",51.534137,-0.037366,3407.5
"Clinton Road, Mile End",51.525941,-0.036017,6418.75
"Langdon Park, Poplar",51.51549,-0.013475,1884
"Lancaster Gate , Bayswater",51.511654,-0.179668,3938
"Lancaster Drive, Blackwall",51.503143,-0.008428,3336.25
"Hansard Mews, Holland Park",51.503802,-0.215808,3422
"Clarges Street, Mayfair",51.507326,-0.145827,403.5
"Manresa Road, Chelsea",51.486892,-0.170983,2782.75
"Newby Place, Poplar",51.508896,-0.012413,2857.75
"Twig Folly Bridge, Mile End",51.530326,-0.042744,7013
"Jubilee Plaza, Canary Wharf",51.50357,-0.020068,3334
"Wellington Row, Bethnal Green",51.528222,-0.069743,2381
"Goldsmith's Row, Haggerston",51.531864,-0.066035,3169.25
"Gloucester Avenue, Camden Town",51.537349,-0.147154,3166.25
"Queensbridge Road, Haggerston",51.53385,-0.06992,2280.75
"Old Montague Street, Whitechapel",51.51793,-0.067937,4333
"Naval Row, Blackwall",51.508981,-0.00699,3606.5
"Hoxton Station, Hoxton",51.531091,-0.075901,NA
"Albany Street, The Regent's Park",51.528302,-0.144466,4418.75
"Green Park Station, Mayfair",51.506613,-0.142844,5287.5
"Salmon Lane, Limehouse",51.514115,-0.033828,5490.25
"Lansdowne Walk, Ladbroke Grove",51.509591,-0.204666,1642.25
"Percival Street, Finsbury",51.526153,-0.102208,1922.75
"Arlington Road, Camden Town",51.539957,-0.145246,1929.25
"New Fetter Lane, Holborn",51.517428,-0.107987,3136
"East India DLR, Blackwall",51.509474,-0.002275,3973.5
"Westminster Bridge Road, Elephant & Castle",51.498386,-0.107913,1923.75
"Gaywood  Street, Elephant & Castle",51.49605,-0.104193,3800.5
"Harford Street, Mile End",51.521564,-0.039264,2051.75
"Import Dock, Canary Wharf",51.505772,-0.016460175,1616
"Watney Street, Shadwell",51.511542,-0.056667,3218.5
"Regent's Row , Haggerston",51.535678,-0.062546,12640.5
"Aberfeldy Street, Poplar",51.513548,-0.005659,1903.75
"Heron Quays DLR, Canary Wharf",51.502661,-0.021596,2471
"King Edward Street, St Pauls",51.51601,-0.0985,2348
"Page Street, Westminster",51.493978,-0.127554,4127.75
"Abbotsbury Road, Holland Park",51.501391,-0.205991,2520.25
"Ladbroke Grove Central, Ladbroke Grove",51.511624,-0.205921,1196.75
"Rectory Square, Stepney",51.518369,-0.043371,2028.75
"Bury Place, Holborn",51.51746,-0.12335,779.25
"Preston's Road, Cubitt Town",51.499286,-0.009152,3755.75
"Somerset House, Strand",51.509943,-0.117619,9489.5
"Selby Street, Whitechapel",51.521905,-0.063386,1424.75
"Westfield Ariel Way, White City",51.509158,-0.224103,4236.75
"Bishop's Bridge Road West, Bayswater",51.51616,-0.18697,7471.75
"Pitfield Street Central, Hoxton",51.53213,-0.08299,3235.75
"Upper Bank Street, Canary Wharf",51.503083,-0.017676,6203.75
"Westfield Southern Terrace ,Shepherd's Bush",51.506256,-0.218337,2006.25
"Greenland Road, Camden Town",51.539099,-0.141728,5865.25
"Limerston Street, West Chelsea",51.485587,-0.18119,8594
"Eagle Wharf Road, Hoxton",51.53356,-0.09315,6113.25
"Alpha Grove, Millwall",51.497304,-0.022793,3109.25
"Globe Town Market, Bethnal Green",51.528869,-0.047548,4549.5
"Hollybush Gardens, Bethnal Green",51.527607,-0.057133,1785.5
"Queen Street 2, Bank",51.511246,-0.093051,6909.25
"Doddington Grove, Kennington",51.48692917,-0.102996299,5953.25
"New Cavendish Street, Marylebone",51.519167,-0.147983,3796.5
"Ilchester Gardens, Bayswater",51.51244,-0.19096,2976.25
"Mudchute DLR, Cubitt Town",51.490645,-0.014582,2728.5
"Monument Street, Monument",51.50964,-0.08497,7320.5
"Hoxton Street, Hoxton",51.52959,-0.0801,2945.75
"Drayton Gardens, West Chelsea",51.487196,-0.179369,7663.75
"Greenberry Street, St.John's Wood",51.53256,-0.16862,2419.75
"Bishop's Bridge Road East, Bayswater",51.5171,-0.18377,1779.5
"Northdown Street, King's Cross",51.531066,-0.11934,1593
"Kingsway Southbound, Strand",51.513875,-0.117774,430.75
"Hammersmith Road, Hammersmith",51.493267,-0.21985,5645
"Parson's Green , Parson's Green",51.472817,-0.199783,6440.25
"Fulham Park Road, Fulham",51.473471,-0.20782,4676.75
"Southerton Road, Hammersmith",51.494499,-0.228188,5390.25
"Manbre Road, Hammersmith",51.485743,-0.223616,3407.5
"South Lambeth Road, Vauxhall",51.481747,-0.124642,8877.75
"BBC White City, White City",51.514767,-0.225787,3913.25
"Union Grove, Wandsworth Road",51.472993,-0.133972,5413.25
"Caldwell Street, Stockwell",51.477839,-0.116493,4994.75
"St Martins Close, Camden Town",51.538792,-0.138535,1980.75
"Seymour Place, Marylebone",51.520331,-0.163667,3969.25
"Addison Road, Holland Park",51.504199,-0.210941,2038.75
"Putney Bridge Station, Fulham",51.468814,-0.210279,4997.5
"Colet Gardens, Hammersmith",51.491093,-0.216493,463
"Sugden Road, Clapham",51.46512358,-0.157788279,6932.75
"Danvers Street, West Chelsea",51.48256792,-0.172078187,7046.25
"Princedale Road , Holland Park",51.50646524,-0.208486599,3270
"Wandsworth Rd, Isley Court, Wandsworth Road",51.46925984,-0.141812513,5743.75
"Woodstock Grove, Shepherd's Bush",51.50403821,-0.217400093,5404.5
"London Fields, Hackney Central",51.54119,-0.058826101,NA
"Finlay Street, Fulham",51.4768851,-0.215895601,4121.5
"Aintree Street, Fulham",51.48102131,-0.209973497,6733.75
"Elysium Place, Fulham",51.47107905,-0.207842908,3222.75
"Eel Brook Common, Walham Green",51.47625965,-0.193254007,6478.75
"Irene Road, Parsons Green",51.4737636,-0.197010096,5293
"Surrey Lane, Battersea",51.47518024,-0.167160736,4268.5
"Wandsworth Town Station, Wandsworth",51.46086446,-0.187427294,6220
"Lansdowne Road, Ladbroke Grove",51.50748124,-0.205535908,4909.5
"Nantes Close, Wandsworth",51.46193072,-0.180791784,3012.75
"Courland Grove, Wandsworth Road",51.4729184,-0.132102704,4075.5
"Queen's Circus, Battersea Park",51.47761941,-0.149551631,16650.75
"Normand Park, West Kensington",51.48438657,-0.20481514,3711.5
"Holden Street, Battersea",51.4687905,-0.158230901,1840.25
"William Morris Way, Sands End",51.46881971,-0.184318843,5396.5
"Morie Street, Wandsworth",51.45995384,-0.190184054,2114.25
"Clarence Walk, Stockwell",51.47073264,-0.126994068,5829.75
"Battersea Park Road, Nine Elms",51.4795017,-0.141770709,6734.25
"Sheepcote Lane, Battersea",51.47053858,-0.163041605,2846.5
"Vereker Road, West Kensington",51.48959104,-0.209378594,4623.75
"Brook Green South, Brook Green",51.49434708,-0.215804559,2540.25
"Greyhound Road, Hammersmith",51.48606206,-0.214428378,5564
"South Park, Sands End",51.46706414,-0.193502076,3899.5
"Spencer Park, Wandsworth Common",51.45787019,-0.174691623,4481.5
"Falcon Road, Clapham Junction",51.46663393,-0.169821175,6365
"Coomer Place, West Kensington",51.48357068,-0.202038682,3704
"Silverthorne Road, Battersea",51.47286577,-0.148059277,4946.5
"Archbishop's Park, Waterloo",51.49824168,-0.117495865,5047
"Fawcett Close, Battersea",51.46916161,-0.174485792,3176.25
"All Saints' Road, Portobello",51.5190427,-0.204764421,2865.5
"Rainville Road, Hammersmith",51.48373225,-0.223852256,5540.75
"Great Suffolk Street, The Borough",51.50173215,-0.100292412,2141
"Buckingham Gate, Westminster",51.49886563,-0.137424571,4795.5
"Richmond Way, Shepherd's Bush",51.50035306,-0.217515071,5226.25
"Peterborough Road, Sands End",51.46904022,-0.19627483,3079.75
"World's End Place, West Chelsea",51.48180515,-0.18027465,5330.25
"St. Mark's Road, North Kensington",51.51687069,-0.213872396,4088.75
"Thorndike Close, West Chelsea",51.48089844,-0.183853573,3984.25
"Evesham Street, Avondale",51.51148696,-0.218190203,1249.5
"Simpson Street, Clapham Junction",51.47084722,-0.17070367,3740.75
"Ashmole Estate, Oval",51.48267821,-0.117661574,5036.5
"Crabtree Lane, Fulham",51.48294452,-0.219346128,2454.75
"Broomhouse Lane, Parsons Green",51.46841875,-0.199135704,2533.75
"Blythe Road West, Shepherd's Bush",51.4996806,-0.221791552,2622.75
"Ethelburga Estate, Battersea Park",51.47729232,-0.16478637,12070
"Blackfriars Station, St. Paul's",51.511934,-0.10307894,2517.75
"West Kensington Station, West Kensington",51.49087074,-0.206029743,4044.75
"All Saints Church, Portobello",51.51632095,-0.202608612,6271.5
"Phene Street, Chelsea",51.48498496,-0.167919869,5573
"Clarendon Road, Avondale",51.51323001,-0.211593602,2133
"Austin Road, Battersea Park",51.474376,-0.155442787,4938
"Smugglers Way, Wandsworth",51.46108367,-0.191722864,5082
"Shepherd's Bush Road North, Shepherd's Bush",51.5015946,-0.222293381,3732.5
"Ravenscourt Park Station, Hammersmith",51.49422354,-0.236769936,7922.25
"Teversham Lane, Stockwell",51.47614939,-0.1232585,3757.5
"Ashley Crescent, Battersea",51.46718562,-0.152248582,5885.5
"Parsons Green Station, Parsons Green",51.475089,-0.201968,4075
"Hibbert Street, Battersea",51.46517078,-0.18038939,5348.75
"Carnegie Street, King's Cross",51.53546778,-0.11619105,3483.5
"Usk Road, Clapham Junction",51.46348914,-0.182126248,4681
"Hartington Road, Stockwell",51.47787084,-0.126874471,6678.5
"Heath Road, Battersea",51.46866929,-0.146544642,2908.5
"Esmond Street, Putney",51.46231278,-0.211468596,1347.5
"Orbel Street, Battersea",51.47453545,-0.170210533,1883.5
"Westbridge Road, Battersea",51.47768469,-0.170329317,3688.5
"Bishop's Avenue, Fulham",51.47303687,-0.214749808,6985.75
"Crisp Road, Hammersmith",51.48810829,-0.22660621,9135
"Dorothy Road, Clapham Junction",51.46506424,-0.163750945,5111.25
"Neville Gill Close, Wandsworth",51.45475251,-0.195197203,7964.75
"Osiers Road, Wandsworth",51.46067005,-0.198735357,4558.5
"Beryl Road, Hammersmith",51.48814438,-0.222456468,3178
"Northfields, Wandsworth",51.46095151,-0.20066766,3305.5
"Spanish Road, Clapham Junction",51.45922541,-0.180884959,2234.25
"Stanley Grove, Battersea",51.47047503,-0.152130083,2080.25
"Erin Close, Walham Green",51.47946386,-0.195777222,8315.5
"Cadogan Close, Victoria Park",51.54211855,-0.028941601,6873.25
"Felsham Road, Putney",51.464786,-0.215618902,6358.5
"Putney Rail Station, Putney",51.46071722,-0.216526155,6072.5
"Islington Green, Angel",51.53638435,-0.102757578,12571
"Charing Cross Hospital, Hammersmith",51.48728535,-0.217995921,2700.5
"Charlotte Terrace, Angel",51.53639219,-0.112721065,3859.75
"Shoreditch Court, Haggerston",51.53908372,-0.070329419,2936.25
"Belford House, Haggerston",51.5366541,-0.07023031,2682.75
"Battersea Church Road, Battersea",51.47696496,-0.174347066,7182.25
"Vicarage Crescent, Battersea",51.47287627,-0.176267008,8799
"Durant Street, Bethnal Green",51.52868155,-0.065550321,4043
"St. Bride Street, Holborn",51.51505991,-0.10534448,1913
"Mexfield Road, East Putney",51.45682071,-0.202802098,3050.25
"Upper Richmond Road, Putney",51.45971528,-0.212145939,3383.25
"Snowsfields, London Bridge",51.50215353,-0.083632928,3925.75
"Barons Court Station, West Kensington",51.49021762,-0.215087092,3927
"Disraeli Road, Putney",51.46161068,-0.21614583,4125.5
"Montserrat Road , Putney",51.46321128,-0.215550761,4244.25
"Albert Bridge Road, Battersea Park",51.47439218,-0.163347594,9832.5
"Everington Street, Fulham",51.48335692,-0.216305546,2384.25
"Mile End Stadium, Mile End",51.51854104,-0.034903714,5732.5
"Hawley Crescent, Camden Town",51.54100708,-0.14326094,2186.5
"Stewart's Road, Wandsworth Road",51.47311696,-0.137235175,2535.25
"Aylward Street, Stepney",51.51563007,-0.049067243,4106.25
"Stainsby Road , Poplar",51.51542791,-0.02356501,3843
"Dunston Road , Haggerston",51.53658514,-0.075885686,10445.25
"Ada Street, Hackney Central",51.53571683,-0.060291813,3590.25
"Victoria Park Road, Hackney Central",51.53642464,-0.054162264,8266
"Star Road, West Kensington",51.48724429,-0.205279052,4360.75
"Wendon Street, Old Ford",51.53603947,-0.026262677,4402.25
"Finnis Street, Bethnal Green",51.52458353,-0.058631453,3043.5
"Stephendale Road, Sands End",51.46822047,-0.190346493,10297.25
"Alma Road, Wandsworth",51.45799126,-0.184806157,3140
"Walworth Square, Walworth",51.491327,-0.096518684,5957.25
"Alfreda Street, Battersea Park",51.47505096,-0.150908371,5704.25
"Chesilton Road, Fulham",51.47569809,-0.20587627,5629
"Putney Bridge Road, East Putney",51.46199911,-0.206240805,4266.75
"St. Peter's Terrace, Fulham",51.47893931,-0.208485293,6011.5
"Bridge Avenue, Hammersmith",51.49208492,-0.229116862,7001
"Duke Street Hill, London Bridge",51.50630441,-0.087262995,4215.5
"Park Lane, Mayfair",51.50542628,-0.150817316,1638.5
"Plough Terrace, Clapham Junction",51.46230566,-0.175407201,3690.5
"Grant Road East, Clapham Junction",51.46489445,-0.17302926,3959.5
"Queensdale Road, Shepherd's Bush",51.50659035,-0.216104479,3602.25
"Fulham Broadway, Walham Green",51.47993289,-0.19411695,9770
"Imperial Road, Sands End",51.47514228,-0.187278987,3122.75
"Sirdar Road, Avondale",51.51092871,-0.214594781,1632.25
"Freston Road, Avondale",51.5129814,-0.219486603,1019.75
"Blenheim Crescent, Ladbroke Grove",51.51510818,-0.208565479,4903.75
"Oxford Road, Putney",51.46079243,-0.212607684,1854.5
"Ingrave Street, Clapham Junction",51.46745485,-0.172293499,2069
"Upcerne Road, West Chelsea",51.47816972,-0.18243547,1696
"Lots Road, West Chelsea",51.4795738,-0.17903854,5212.75
"Ormonde Gate, Chelsea",51.48796408,-0.161765173,2863
"Hertford Road, De Beauvoir Town",51.53727795,-0.079201849,6154.5
"Haggerston Road, Haggerston",51.53932857,-0.074284675,8149.25
"Culvert Road, Battersea",51.4710956,-0.157850096,1564.5
"Newton Street, Covent Garden",51.51612862,-0.120909408,1771.75
"Grenfell Road, Avondale",51.5129006,-0.214762686,1287.5
"The Vale, Chelsea",51.48512191,-0.174971902,5895.5
"Prince of Wales Drive, Battersea Park",51.47515398,-0.159169801,9653
"Harcourt Terrace, West Brompton",51.48795853,-0.187404506,7115.5
"Westbourne Park Road, Portobello",51.51787005,-0.201005397,5132.75
"Broadley Terrace, Marylebone",51.52456169,-0.165668686,2120.75
"Humbolt Road, Fulham",51.48321729,-0.211860644,3145
"Storey's Gate, Westminster",51.50070305,-0.129698963,15638.25
"Mile End Park Leisure Centre, Mile End",51.52059714,-0.032566533,5112.5
"St. John's Road, Clapham Junction",51.46239255,-0.16829214,6508
"Ranelagh Gardens, Fulham",51.46760141,-0.20682737,4078.25
"Ram Street, Wandsworth",51.45752945,-0.192165613,6327.75
"Santos Road, Wandsworth",51.45705988,-0.200806304,978
"Clapham Common North Side, Clapham Common",51.46134382,-0.159322467,12011.75
"Sandilands Road, Walham Green",51.473611,-0.191803,5584.75
"Gwendwr Road, West Kensington",51.491026,-0.209121,5408.25
"Rifle Place, Avondale",51.509224,-0.216016,3818.25
"Binfield Road, Stockwell",51.47250956,-0.122831913,11287.25
"Tallis Street, Temple",51.511891,-0.107349,2532.5
"Hurlingham Park, Parsons Green",51.470131,-0.20464,4548.75
"Little Brook Green, Brook Green",51.496664,-0.223868,4129.75
"Abyssinia Close, Clapham Junction",51.460333,-0.167029,5434.25
"Limburg Road, Clapham Junction",51.4619230679,-0.165297856693,3453.25
"Houndsditch, Aldgate",51.514449,-0.077178979,2461.25
"Imperial Wharf Station, Sands End",51.474665,-0.18316517,6153.5
"Victoria & Albert Museum, South Kensington",51.495898,-0.173009,1254.25
"Halford Road, West Kensington",51.483911,-0.19760944,5789
"Monier Road, Hackney Wick",51.5403115,-0.021630359,5958.25
"East Village, Queen Elizabeth Olympic Park",51.546326,-0.00993526,7102.75
"Aquatic Centre, Queen Elizabeth Olympic Park",51.54094,-0.010510565,7638.5
"Lee Valley VeloPark, Queen Elizabeth Olympic Park",51.549369,-0.015717614,4715.25
"Timber Lodge, Queen Elizabeth Olympic Park",51.546805,-0.01469126,6426.25
"Podium, Queen Elizabeth Olympic Park",51.538718,-0.011889482,9528.25
"Stratford Station, Stratford",51.541793,-0.00481,6243
"Blackfriars Road, Southwark",51.505461,-0.10454093,2822
"Cromer Street, Bloomsbury",51.528279,-0.11955857,4091
"Victoria Rise, Clapham Common",51.461376,-0.14780467,NA
"Euston Square Gardens, Euston",51.527068,-0.13186102,904.5
"Coram Street, Bloomsbury",51.524,-0.12640984,2226
"Ossulston Street, Somers Town",51.5293,-0.12827903,985
"Birkenhead Street, King's Cross",51.5301998755,-0.122299440803,2083.25
"Kings Gate House, Westminster",51.4976984561,-0.137598896295,2128.5
"Sopwith Way, Battersea Park",51.4811219398,-0.149035374873,NA
"Lavington Street, Bankside",51.5052241745,-0.0980318118664,4216.25
"Albert Square, Stockwell",51.4765900593,-0.118256789081,7888.5
"Southwark Street, Bankside",51.5054099403,-0.0983410884509,6314.75
"Good's Way, King's Cross",51.5346677396,-0.125078652873,4887.5
"The Metropolitan, Portobello",51.520509,-0.20080483,NA
"Handyside Street, King's Cross",51.5372405623,-0.124807385707,2891
"Bevington Road West, North Kensington",51.5212,-0.208888173,7634.75
"Gauden Road, Clapham",51.464995,-0.13090885,NA
"Lincoln's Inn Fields, Holborn",51.5162778834,-0.118272991635,1827
"Tate Modern, Bankside",51.5067252868,-0.0988072461627,1750
"Westferry Circus, Canary Wharf",51.5057030357,-0.0277727426235,8777
"Here East North, Queen Elizabeth Olympic Park",51.5487311915,-0.0226065549321,4336.5
"New Spring Gardens Walk, Vauxhall",51.4878074485,-0.122759625866,2387
"Clapham Road, Lingham Street, Stockwell",51.4714330677,-0.123670735702,5991
"Lambeth Palace Road, Waterloo",51.5000891978,-0.116628700672,8654
"Here East South, Queen Elizabeth Olympic Park",51.5465327935,-0.0205975904647,2925
"Riverlight South, Nine Elms",51.4813354746,-0.138212295869,9599.75
"Westminster Pier, Westminster",51.501513,-0.12382322,15608.5
"Belvedere Road 2, South Bank",51.50621,-0.114842,1399.5
"Victory Place, Walworth",51.492807,-0.091938,3532.25
"Battersea Power Station, Battersea Park",51.4835074867,-0.147714557371,7925.75
"Allington Street, Victoria",51.496863,-0.1429434,2902
"Cranmer Road, Stockwell",51.479601,-0.11147178,9627.25
"Normandy Road, Stockwell",51.473874,-0.11258096,8320.25
"Wynne Road, Stockwell",51.469217,-0.11268674,3419.5
"Sidney Road, Stockwell",51.469202,-0.11902256,3946.25
"St John's Crescent, Brixton",51.466232,-0.11317995,5312.75
"Ferndale Road, Brixton",51.464019,-0.11578197,8766.75
"Saltoun Road, Brixton",51.460232,-0.11537509,11299.5
"Gas Holders, Battersea Park",51.477966,-0.14785703,11944.5
"Farringdon Street, Holborn",51.516785,-0.10494775,4070.75
"York Way, Kings Cross",51.541596,-0.12544145,4329.5
"Fore Street Avenue, Guildhall",51.518093,-0.0914017,1599.25
"Sea Containers, South Bank",51.508033,-0.10682363,5995.5
"George Row, Bermondsey",51.498585,-0.068981764,NA
"Tower Wharf, Bermondsey",51.500845,-0.074704305,NA
"Temple Gardens, Temple",51.510981,-0.10832249,NA
"Canada Water Station, Rotherhithe",51.498439,-0.049150215,NA
"Bermondsey Station, Bermondsey",51.497995,-0.063471392,NA
