"name","lat","long","k"
"River Street , Clerkenwell",51.52916347,-0.109970527,1917
"Phillimore Gardens, Kensington",51.49960695,-0.197574246,6488.25
"Christopher Street, Liverpool Street",51.52128377,-0.084605692,1439.5
"St. Chad's Street, King's Cross",51.53005939,-0.120973687,994.25
"Sedding Street, Sloane Square",51.49313,-0.156876,7422
"Broadcasting House, Marylebone",51.51811784,-0.144228881,2524
"Charlbert Street, St. John's Wood",51.53430039,-0.1680743,1539.25
"Maida Vale, Maida Vale",51.529857,-0.18348604,2149
"New Globe Walk, Bankside",51.5073853,-0.096440751,3935.75
"Park Street, Bankside",51.50597426,-0.092754157,2837.75
"Brunswick Square, Bloomsbury",51.52395143,-0.122502346,2583.25
"Malet Street, Bloomsbury",51.52168078,-0.130431727,3480.75
"Scala Street, Fitzrovia",51.51991453,-0.136039674,1656
"Belgrove Street , King's Cross",51.52994371,-0.123616824,8626
"Great Russell Street, Bloomsbury",51.51772703,-0.127854211,2844.75
"Cartwright Gardens , Bloomsbury",51.52635795,-0.125979294,2377
"Hatton Wall, Holborn",51.5216612,-0.109006325,3672.75
"Drury Lane, Covent Garden",51.51477076,-0.12221963,5153.5
"Taviton Street, Bloomsbury",51.52505093,-0.131161087,2639
"Drummond Street , Euston",51.527326,-0.13605286,870.25
"Northington Street , Holborn",51.5222641,-0.114079481,2695.5
"Red Lion Square, Holborn",51.51943538,-0.119123345,1173.5
"British Museum, Bloomsbury",51.51908011,-0.124678402,3648.25
"Doric Way , Somers Town",51.5288338,-0.132250369,3408.75
"Ampton Street , Clerkenwell",51.52728093,-0.11829517,1607.25
"Bouverie Street, Temple",51.51382102,-0.107927706,2684.75
"Bolsover Street, Fitzrovia",51.52351808,-0.143613641,3380
"Hereford Road, Bayswater",51.513735,-0.193487,3936.75
"Windsor Terrace, Hoxton",51.52915444,-0.093421615,3183
"Fanshaw Street, Hoxton",51.52953709,-0.083353323,4759
"Leonard Circus , Shoreditch",51.52469624,-0.084439283,4874.5
"Central House, Aldgate",51.515231,-0.07015,5751.25
"Pancras Road, King's Cross",51.5341235,-0.129386874,2030.75
"De Vere Gardens, Kensington",51.50173726,-0.184980612,4395.5
"Penywern Road, Earl's Court",51.49159394,-0.192369256,8385.5
"Abingdon Villas, Kensington",51.4973875,-0.197245586,2711
"Shoreditch High Street, Shoreditch",51.5263778,-0.078130921,8835.75
"Commercial Street, Shoreditch",51.52127071,-0.0755789,3496.25
"Pindar Street, Liverpool Street",51.520955,-0.083493552,852.5
"Wenlock Road , Hoxton",51.53099181,-0.093903825,2724.5
"Crawford Street, Marylebone",51.52026,-0.157183945,2710.5
"Bruton Street, Mayfair",51.51073687,-0.144165239,3243
"Boston Place, Marylebone",51.522511,-0.162298,2570.25
"Nesham Street, Wapping",51.507131,-0.06691,6093
"Warwick Avenue Station, Maida Vale",51.52334476,-0.183846408,6099.75
"Godliman Street, St. Paul's",51.51248445,-0.099141408,3206.5
"Curzon Street, Mayfair",51.50706909,-0.145904427,3119
"East Road, Hoxton",51.52867339,-0.087459376,4012.5
"Finsbury Library , Finsbury",51.52671796,-0.104298194,2557.75
"Roscoe Street, St. Luke's",51.52295439,-0.094934859,2114
"Grafton Street, Mayfair",51.5099923,-0.143495266,2121
"Golden Lane, Barbican",51.52174785,-0.094475072,2123
"Finsbury Circus, Liverpool Street",51.51707521,-0.086685542,2780
"Paddington Street, Marylebone",51.52058381,-0.154701411,4083
"Guilford Street , Bloomsbury",51.52334672,-0.120202614,2035.25
"New Inn Yard, Shoreditch",51.52452699,-0.079248081,4986.5
"Lisson Grove, St. John's Wood",51.52644828,-0.172190727,1806
"Great Dover Street, The Borough",51.49738251,-0.089446947,3836.25
"Cotton Garden Estate, Kennington",51.4907579,-0.106323685,1895.75
"Murray Grove , Hoxton",51.53089041,-0.089782579,2136.5
"William IV Street, Strand",51.50946212,-0.124749274,6477.75
"Holborn Circus, Holborn",51.51795029,-0.108657431,4245.25
"Hatton Garden, Holborn",51.51882555,-0.108028472,1416.25
"Theobald's Road , Holborn",51.52059681,-0.116688468,3129.5
"Euston Road, Euston",51.5262363,-0.134407652,2717.75
"Calshot Street , King's Cross",51.53136059,-0.117069978,1011.5
"Newgate Street , St. Paul's",51.5154186,-0.098850915,6096.75
"Farringdon Lane, Clerkenwell",51.52352001,-0.108340165,2468.25
"Old Street Station, St. Luke's",51.52548,-0.089659871,8857.5
"Vauxhall Cross, Vauxhall",51.48591714,-0.124469948,11515.25
"Torrens Street, Angel",51.53219984,-0.105480698,4562
"Longford Street, The Regent's Park",51.52559505,-0.144083893,2539.75
"Russell Square Station, Bloomsbury",51.52341837,-0.124121774,4014.25
"Sadlers Sports Centre, Finsbury",51.52486887,-0.099489485,2119
"Arundel Street, Temple",51.511726,-0.11385596,2243
"Webber Street , Southwark",51.50069361,-0.102091246,3693
"Great Titchfield Street, Fitzrovia",51.52025302,-0.141327271,NA
"Chancery Lane, Holborn",51.514274,-0.111257,1825.25
"Panton Street, West End",51.50963938,-0.131510949,8984.5
"Breams Buildings, Holborn",51.51593725,-0.111778348,1026.25
"Tanner Street, Bermondsey",51.50064702,-0.078600401,7029.25
"Sancroft Street, Vauxhall",51.48947903,-0.115156562,2680.25
"Devonshire Square, Liverpool Street",51.51646835,-0.079684557,3242.25
"Bayley Street , Bloomsbury",51.51858757,-0.132053392,3772.5
"Tavistock Place, Bloomsbury",51.5262503,-0.123509611,3233.75
"Harrington Square 1, Camden Town",51.53301907,-0.139174593,1320
"Walnut Tree Walk, Vauxhall",51.49368637,-0.111014912,3102.75
"Borough Road, Elephant & Castle",51.49889832,-0.100440521,2624
"Cloudesley Road, Angel",51.53440868,-0.109025404,6871.75
"Bricklayers Arms, Borough",51.49506109,-0.085814489,5628.25
"Aldersgate Street, Barbican",51.5208417,-0.097340162,6970.75
"Falkirk Street, Hoxton",51.53095071,-0.078505384,3096.25
"Gloucester Road (North), Kensington",51.49792478,-0.183834706,5170.5
"Hampstead Road, Euston",51.52554222,-0.138231303,4505.5
"Old Quebec Street, Marylebone",51.51457763,-0.158264483,8258
"Albert Embankment, Vauxhall",51.49043573,-0.122806861,3937.5
"Queen Street 1, Bank",51.51155322,-0.0929401,6169.5
"Jewry Street, Aldgate",51.51340693,-0.076793375,2844
"Vicarage Gate, Kensington",51.50472376,-0.192538767,2283
"Crosswall, Tower",51.51159481,-0.077121322,5158.25
"Westbourne Grove, Bayswater",51.51552971,-0.190240716,7096.75
"Woodstock Street, Mayfair",51.51410514,-0.147301667,1564.5
"Finsbury Leisure Centre, St. Luke's",51.52600832,-0.096317627,7011
"Abbey Orchard Street, Westminster",51.49812559,-0.132102166,5580.25
"Soho Square , Soho",51.51563144,-0.132328837,9455
"Wellington Road, St. John's Wood",51.53304322,-0.172528678,1098.75
"Park Lane , Hyde Park",51.5100172,-0.157275636,7568.5
"Stonecutter Street, Holborn",51.51580998,-0.105270275,764.25
"Gloucester Road (Central), South Kensington",51.49646288,-0.183289032,3433.75
"Park Road (Baker Street), The Regent's Park",51.52451738,-0.158963647,4961.5
"Braham Street, Aldgate",51.51423368,-0.073537654,3909.75
"Little Argyll Street, West End",51.51449962,-0.141423695,10987.5
"Lollard Street, Vauxhall",51.49288067,-0.114934001,5528
"Rochester Row, Westminster",51.49582705,-0.13547809,3576
"Bath Street, St. Luke's",51.52589324,-0.090847761,5042.25
"The Guildhall, Guildhall",51.51573534,-0.093080779,1313.75
"Baker Street, Marylebone",51.51891348,-0.156166631,2177.75
"Norton Folgate, Liverpool Street",51.52111369,-0.078869751,6408.25
"St. John Street, Finsbury",51.52836014,-0.104724625,2256.75
"Eaton Square, Belgravia",51.49654462,-0.150905245,2633.25
"Borough High Street, The Borough",51.50069491,-0.094524319,4234.75
"Museum of London, Barbican",51.51782144,-0.096496865,3702
"Wood Street, Guildhall",51.51700801,-0.09388536,857.5
"Emperor's Gate, South Kensington",51.49536226,-0.185296516,4978.25
"Golden Square, Soho",51.5118973,-0.137043852,5809
"Tower Gardens , Tower",51.50950627,-0.075459482,12405.5
"Eversholt Street , Camden Town",51.53300545,-0.136792671,2225
"Bethnal Green Road, Shoreditch",51.52364804,-0.074754872,15739.5
"Derry Street, Kensington",51.50136494,-0.191462381,8093
"Wapping High Street, Wapping",51.504904,-0.06797,4114
"Clerkenwell Green, Clerkenwell",51.52326004,-0.104708922,3491.75
"Queen Victoria Street, St. Paul's",51.51196176,-0.097441687,5772.5
"Green Street, Mayfair",51.51227622,-0.157436972,4946.75
"Lambeth Road, Vauxhall",51.49488108,-0.117974901,2273.75
"Finsbury Square , Moorgate",51.52096262,-0.085634242,3972.5
"Chapel Place, Marylebone",51.51530805,-0.147203711,3285
"West Cromwell Road, Earl's Court",51.49372451,-0.198286569,3385.75
"Pont Street, Knightsbridge",51.4968865,-0.161203828,4450.5
"Kennington Cross, Kennington",51.48894022,-0.111435796,6328.25
"Ilchester Place, Kensington",51.50074359,-0.202759212,3918.5
"Vauxhall Bridge , Pimlico",51.48836528,-0.129361842,6764.75
"Tachbrook Street, Victoria",51.49211134,-0.138364847,5327.75
"Kennington Road Post Office, Oval",51.48478899,-0.110683213,5684.25
"Holy Trinity Brompton, Knightsbridge",51.49705603,-0.168917077,6683
"Chepstow Villas, Notting Hill",51.51213691,-0.201554966,5176.75
"Hampton Street, Walworth",51.49217002,-0.101536865,6517
"Bayswater Road, Hyde Park",51.511933,-0.174411,7615
"Waterloo Station 3, Waterloo",51.50379168,-0.11282408,6346.25
"Lexham Gardens, Kensington",51.49586666,-0.191933711,5927.25
"New Kent Road, The Borough",51.49443626,-0.092921165,2106.25
"Wright's Lane, Kensington",51.50039792,-0.193068385,11026.75
"Trebovir Road, Earl's Court",51.49085368,-0.196170309,9307
"Waterloo Place, St. James's",51.50663341,-0.131773845,7336.25
"Guildhouse Street, Victoria",51.49234577,-0.141334487,3309.25
"Southampton Place, Holborn",51.51760685,-0.121328408,3350.75
"Sloane Avenue, Knightsbridge",51.4931848,-0.167894973,7990.75
"Cleveland Gardens, Bayswater",51.515607,-0.183118788,3881.25
"Orsett Terrace, Bayswater",51.517932,-0.183716959,1806.5
"Seville Street, Knightsbridge",51.50185512,-0.159237081,5614.5
"Eccleston Place, Victoria",51.49395092,-0.147624377,6371.75
"Argyll Road, Kensington",51.50040123,-0.195455928,6436.5
"Porchester Place, Paddington",51.51474612,-0.165164288,6285.5
"Hardwick Street, Clerkenwell",51.52784273,-0.108068155,2157.25
"Collingham Gardens, Earl's Court",51.4916156,-0.186753859,4827
"Sumner Place, South Kensington",51.49121192,-0.173715911,3983.5
"Waterloo Road, South Bank",51.50486,-0.113001,5228.75
"Worship Street, Shoreditch",51.521668,-0.079608554,NA
"Gloucester Terrace, Bayswater",51.51791921,-0.188098863,4097.25
"Ashley Place, Victoria",51.49616092,-0.140947636,7587.75
"Warwick Square, Pimlico",51.48985626,-0.141923621,5713.5
"North Audley Street, Mayfair",51.5129118,-0.153645496,5756.25
"Belgrave Square, Belgravia",51.49941247,-0.152317537,2250.5
"Bell Street , Marylebone",51.52202903,-0.165842551,2885.75
"Riverlight North, Nine Elms",51.482362,-0.13612398,8036
"Portland Place, Marylebone",51.52071513,-0.14521173,2651.75
"Alderney Street, Pimlico",51.48805753,-0.140741432,7756.5
"South Wharf Road, Paddington",51.51733558,-0.175810943,5091.75
"Queen's Gate (South), South Kensington",51.49247977,-0.178433004,6777
"Nutford Place, Marylebone",51.5165179,-0.164393768,3324
"Claremont Square, Angel",51.53166681,-0.109914711,2378.75
"Rampayne Street, Pimlico",51.48997562,-0.132845681,5859.25
"Hyde Park Corner, Hyde Park",51.50311799,-0.153520935,17463.25
"Wardour Street, Soho",51.51251523,-0.133201961,10585.5
"Bankside Mix, Bankside",51.50581776,-0.100186337,8741.75
"Hop Exchange, The Borough",51.50462759,-0.091773776,18846.5
"Milroy Walk, South Bank",51.50724437,-0.106237501,5822.25
"Union Street, The Borough",51.50368837,-0.098497684,3500.75
"Stamford Street, South Bank",51.50556905,-0.111606696,3527.25
"Great Tower Street, Monument",51.51048489,-0.082989638,9540.5
"LMU Commercial Road, Whitechapel",51.51492456,-0.066078037,6087.25
"Dorset Square, Marylebone",51.5225965,-0.161113413,4136.75
"Leman Street, Aldgate",51.51236389,-0.06954201,7960
"West Smithfield Rotunda, Farringdon",51.51821864,-0.100791005,5642.75
"Margery Street, Clerkenwell",51.52659961,-0.112432615,3027.5
"New Road 1 , Whitechapel",51.518154,-0.062697,8686.75
"Grosvenor Crescent, Belgravia",51.50135267,-0.153194766,1451
"Mallory Street, Marylebone",51.52505151,-0.166304359,1033.5
"Denyer Street, Knightsbridge",51.49358391,-0.165101392,2560
"Hinde Street, Marylebone",51.51681444,-0.151926305,7033
"Cadogan Place, Knightsbridge",51.49464523,-0.158105512,4782.25
"Wellington Arch, Hyde Park",51.50274025,-0.149569201,15199.75
"Endsleigh Gardens, Euston",51.52683806,-0.130504336,2956.25
"Moorfields, Moorgate",51.51906932,-0.088285377,2696.25
"Old Brompton Road, South Kensington",51.49094565,-0.181190899,6410.25
"Wormwood Street, Liverpool Street",51.51615461,-0.082422399,8156.75
"St. Luke's Church, Chelsea",51.48971651,-0.170194408,7667.25
"Bramham Gardens, Earl's Court",51.49016361,-0.19039362,9212.75
"Chelsea Green, Chelsea",51.49066456,-0.166485083,4830.75
"Horseferry Road, Westminster",51.49481649,-0.13045856,5061.75
"Knightsbridge, Hyde Park",51.50275704,-0.155349725,4858.75
"Rodney Road , Walworth",51.49148474,-0.090220911,6903.5
"Queensway, Kensington Gardens",51.51031,-0.18740235,NA
"Notting Hill Gate Station, Notting Hill",51.50935342,-0.196422,10219.25
"Charles II Street, West End",51.50844614,-0.131961389,8002.25
"Great Percy Street, Clerkenwell",51.52891573,-0.115480888,3653.75
"St. James's Square, St. James's",51.50742485,-0.134621209,12745.5
"Whitehall Place, Strand",51.50654321,-0.123179697,15216.5
"Poured Lines, Bankside",51.50669284,-0.103137426,5073.25
"Queen's Gate (Central), South Kensington",51.49396755,-0.17873226,5743
"Carey Street, Holborn",51.51501025,-0.112753217,1458
"Pall Mall East, West End",51.50777049,-0.130699733,10965.25
"Liverpool Road (N1 Centre), Angel",51.53450449,-0.106992706,877.5
"Kennington Road  , Vauxhall",51.49571828,-0.110889274,6588.5
"Fashion Street, Whitechapel",51.51838043,-0.073438925,2968.25
"Dock Street, Wapping",51.5097860151,-0.0681619805156,6341.75
"Frampton Street, Paddington",51.5233534,-0.175116099,1669.25
"Warren Street Station, Euston",51.52443845,-0.138019439,5983.5
"Colombo Street, Southwark",51.50545935,-0.10569204,1226.5
"Beaumont Street, Marylebone",51.52200801,-0.151359288,5590
"Gloucester Street, Pimlico",51.49096258,-0.139625122,6195.5
"Earnshaw Street , Covent Garden",51.51611887,-0.128585022,7254.5
"Grosvenor Road, Pimlico",51.4853572,-0.142207481,3882.5
"Berry Street, Clerkenwell",51.52285301,-0.099994052,6792.25
"St. John's Wood Church, The Regent's Park",51.530529,-0.167515,5227.5
"Triangle Car Park, Hyde Park",51.50645179,-0.170279555,12398.75
"Harper Road, The Borough",51.49859784,-0.096191134,3766
"Royal Avenue 1, Chelsea",51.489932,-0.162727,6686.25
"Brushfield Street, Liverpool Street",51.518908,-0.079249,14781.75
"Jubilee Gardens, South Bank",51.5046364,-0.116542278,5498
"Shoreditch Park, Hoxton",51.53404294,-0.086379717,6500
"Chadwell Street, Angel",51.53051587,-0.106408455,5853
"Clifton Road, Maida Vale",51.52557531,-0.179592915,5862.75
"Houghton Street, Strand",51.51362054,-0.116764211,1052
"Westminster University, Marylebone",51.52248185,-0.154907218,4849.75
"Kensington Gore, Knightsbridge",51.50143293,-0.178656971,3166.75
"Bourne Street, Belgravia",51.490959,-0.1532331,6059.25
"Broadwick Street, Soho",51.5136846,-0.135580879,4981.75
"Princes Square, Bayswater",51.5134891,-0.191351186,4025.25
"LSBU (Borough Road), Elephant & Castle",51.49874469,-0.103132904,4647.75
"St. Mary Axe, Aldgate",51.51422502,-0.080660083,2455.25
"Tysoe Street, Clerkenwell",51.52644342,-0.109256828,7614.25
"Southwick Street, Paddington",51.51595344,-0.169249375,1900.5
"Queen's Gate (North), Kensington",51.50102668,-0.180246101,4846.25
"Regency Street, Westminster",51.49206037,-0.132224622,5122.5
"Belgrave Road, Victoria",51.49320445,-0.144132875,5381.25
"Empire Square, The Borough",51.50082346,-0.089740764,3436
"Kennington Lane Rail Bridge, Vauxhall",51.4863434,-0.122492418,9823.25
"London Zoo,  The Regent's Park",51.53583617,-0.156285395,3899.75
"Baylis Road, Waterloo",51.50144456,-0.110699309,9128.75
"Belvedere Road 1, South Bank",51.50613324,-0.114686385,7092
"Warwick Road, Olympia",51.49671237,-0.20528437,3762
"Barbican Centre, Barbican",51.52004497,-0.092176447,4703.75
"Lower Thames Street, Monument",51.50930161,-0.084985356,4061.75
"Kensington Church Street, Kensington",51.50315739,-0.191496313,6925.75
"Tooley Street, Bermondsey",51.5034938,-0.07962099,10625.5
"North Wharf Road, Paddington",51.51862243,-0.176645823,2609.25
"Royal Avenue 2, Chelsea",51.490083,-0.162418,9823.75
"Smith Square, Westminster",51.49580589,-0.127575233,5750.5
"Royal London Hospital, Whitechapel",51.518675,-0.06111,11295.5
"Kingsway, Covent Garden",51.51440928,-0.118478757,1242.75
"Lambeth North Station, Waterloo",51.49914063,-0.112031483,4120.5
"St. John's Wood Road, St. John's Wood",51.5272947,-0.174653609,2019.75
"Bedford Way, Bloomsbury",51.52367314,-0.128377673,4008.75
"Elizabeth Bridge, Victoria",51.49236962,-0.147478734,8200
"South Audley Street, Mayfair",51.50923022,-0.151296092,2888
"St Mary's Hospital, Paddington",51.518268,-0.17110323,NA
"Claverton Street, Pimlico",51.48483991,-0.138089062,8373.75
"Montpelier Street, Knightsbridge",51.49888404,-0.165471605,11135.25
"Kensington Olympia Station, Olympia",51.49815779,-0.209494128,3187.75
"St. George's Square, Pimlico",51.488226,-0.135635511,8273
"Swan Street, The Borough",51.50029631,-0.092762704,4818.25
"Knaresborough Place, Earl's Court",51.49363156,-0.190603326,7123.75
"Geraldine Street, Elephant & Castle",51.49612799,-0.106000855,1647.75
"Curlew Street, Shad Thames",51.50227992,-0.074189225,11752.5
"Vincent Square, Westminster",51.49398524,-0.136928582,2789.25
"Serpentine Car Park, Hyde Park",51.505014,-0.17306032,16592.5
"Marylebone Lane, Marylebone",51.51475963,-0.148105415,7555
"Putney Pier, Wandsworth",51.466907,-0.216573,13338.25
"Albert Gate, Hyde Park",51.50295379,-0.158456089,17989.5
"Rathbone Street, Fitzrovia",51.51816295,-0.135025698,4592.75
"Black Lion Gate, Kensington Gardens",51.50990837,-0.187842717,16382.25
"Long Lane , Bermondsey",51.49907558,-0.085666316,7351.25
"Embankment (Savoy), Strand",51.50963123,-0.119047563,10482.5
"Black Prince Road, Vauxhall",51.4908679,-0.116911864,7182.75
"Foley Street, Fitzrovia",51.51918144,-0.140485596,4919.25
"Grove End Road, St. John's Wood",51.53088935,-0.176770502,4771.5
"Wells Street, Fitzrovia",51.51734403,-0.138072691,4876.5
"Tyers Gate, Bermondsey",51.50088934,-0.083159352,6270.25
"The Tennis Courts, The Regent's Park",51.52536703,-0.153463612,6025
"Warwick Row, Westminster",51.497998,-0.14296064,NA
"Dickens Square, Borough",51.49679128,-0.093913472,3425.75
"Sackville Street, Mayfair",51.51004801,-0.138846453,3305.75
"Baldwin Street, St. Luke's",51.52702563,-0.088542771,NA
"Queen Mother Sports Centre, Victoria",51.49357351,-0.139956043,7708.75
"Bermondsey Street, Bermondsey",51.49785559,-0.081608045,8140.25
"Palissy Street, Shoreditch",51.526293,-0.073955,2086.5
"Clifton Street, Shoreditch",51.523196,-0.083067,1645
"Ontario Street, Elephant & Castle",51.49652013,-0.101384068,7430.25
"St. Martin's Street, West End",51.50908747,-0.129697889,5986.75
"Graham Street, Angel",51.53266186,-0.099981142,9087.25
"New North Road 1, Hoxton",51.53095,-0.085603,1816.25
"New North Road 2, Hoxton",51.53114,-0.086016,2327.5
"Prince Albert Road, The Regent's Park",51.53589283,-0.160854428,9487.5
"Eastbourne Mews, Paddington",51.51641749,-0.179135079,4252.75
"Bunhill Row, Moorgate",51.52085887,-0.089887855,6352.75
"Nevern Place, Earl's Court",51.49334336,-0.194757949,7007.25
"Palace Gardens Terrace, Notting Hill",51.50860544,-0.193764092,8061
"Concert Hall Approach 1, South Bank",51.505044,-0.115851,8794.25
"Tavistock Street, Covent Garden",51.51196803,-0.120718759,11714.75
"Concert Hall Approach 2, South Bank",51.504942,-0.115533,5936.25
"Pembridge Villas, Notting Hill",51.51108452,-0.197524944,8353.5
"Wellington Street , Strand",51.51175646,-0.119643424,12411
"Risinghill Street, Angel",51.5333196,-0.1117812,3096.5
"Bank of England Museum, Bank",51.51444134,-0.087587447,4448.5
"Craven Street, Strand",51.50810309,-0.12602103,13779.5
"London Zoo Car Park, The Regent's Park",51.53692216,-0.150181444,6125.5
"Goswell Road (City Uni), Finsbury",51.528246,-0.10102611,2670.5
"Flood Street, Chelsea",51.48802358,-0.166878535,14128.75
"Lower Marsh, Waterloo",51.50013942,-0.113936001,4615.25
"Grosvenor Square, Mayfair",51.51217033,-0.150481272,7697.75
"St. George Street, Mayfair",51.51196,-0.142783033,6954.5
"Queen's Gate, Kensington Gardens",51.5017154373867,-0.1798541843891,11581.5
"Macclesfield Rd, St Lukes",51.529423,-0.097122,5493.25
"Vauxhall Street, Vauxhall",51.486965,-0.116625,4507
"Greycoat Street , Westminster",51.49459148,-0.134234258,1529.5
"Northumberland Avenue, Strand",51.506767,-0.123702,10301
"Clapham Common Station, Clapham Common",51.461388,-0.13922146,NA
"South Kensington Station, South Kensington",51.494412,-0.173881,17549.25
"Howland Street, Fitzrovia",51.520994,-0.139016,4991.25
"High Holborn , Covent Garden",51.516226,-0.124826,6979.75
"Butler Place, Westminster",51.49782999,-0.135440826,NA
"Howick Place, Westminster",51.49675303,-0.138733562,6268.25
"Waterloo Station 2, Waterloo",51.50391973,-0.11342629,8009.5
"Royal College Street, Camden Town",51.536264,-0.133952,2927
"Lord's, St. John's Wood",51.5291212008901,-0.171185284853,2186
"Store Street, Bloomsbury",51.519572,-0.13214036,NA
"City Road, Angel",51.530344,-0.100168,5392
"Millennium Hotel, Mayfair",51.5109192966489,-0.1511263847351,2046.75
"Harrowby Street, Marylebone",51.5173721,-0.1642075,5454.25
"Harriet Street, Knightsbridge",51.50024195,-0.15934065,11497.25
"Paddington Green, Paddington",51.520205,-0.174593,1412
"King Edward Walk, Waterloo",51.49775,-0.10988,1223
"Sardinia Street, Holborn",51.515208,-0.117863,3617.75
"Prince Consort Road, Knightsbridge",51.49980661,-0.176415994,5102
"Waterloo Station 1, Waterloo",51.50402794,-0.11386436,10519.25
"Kensington Town Hall, Kensington",51.50194596,-0.194392952,3015
"Millbank Tower, Pimlico",51.49188409,-0.125674815,12901
"Waterloo Bridge, South Bank",51.50535447,-0.113656543,5095.75
"Natural History Museum, South Kensington",51.49559291,-0.179077626,8900.5
"Turquoise Island, Notting Hill",51.51431171,-0.200838199,10990
"Stanhope Gate, Mayfair",51.50686435,-0.150666888,1745.25
"Charlotte Street, Fitzrovia",51.51953043,-0.13577731,6838.75
"Farm Street, Mayfair",51.50935171,-0.14744969,2120
"Frith Street, Soho",51.51310333,-0.13121385,11354.25
"Marloes Road, Kensington",51.496481,-0.192404,1527.25
"Moor Street, Soho",51.51352755,-0.130110822,15929
"Fire Brigade Pier, Vauxhall",51.49369988,-0.121394101,7695.25
"Southampton Street, Strand",51.51070161,-0.121723604,11284.5
"Upper Grosvenor Street, Mayfair",51.51013066,-0.155757901,2857
"Buxton Street 1, Shoreditch",51.521776,-0.068856,4272.75
"Clifford Street, Mayfair",51.51066202,-0.142345694,NA
"Imperial College, Knightsbridge",51.49942855,-0.179702476,6328.5
"Snow Hill, Farringdon",51.51733427,-0.103604248,1035
"Aberdeen Place, St. John's Wood",51.524826,-0.176268,3157.25
"Cadogan Gardens, Chelsea",51.492462,-0.159919,12130
"Shouldham Street, Marylebone",51.51809,-0.163609,3853.5
"Devonshire Terrace, Bayswater",51.51348,-0.17977,10375
"Holland Park, Kensington",51.502319,-0.200742,7125.5
"Brick Lane Market, Shoreditch",51.52261762,-0.071653961,8814.75
"George Street, Marylebone",51.517703,-0.154106,6621.75
"Columbia Road, Shoreditch",51.528187,-0.075375,10528
"Penfold Street, Marylebone",51.52289229,-0.171681991,3476
"George Place Mews, Marylebone",51.51689296,-0.158249929,7415.25
"Palace Gate, Kensington Gardens",51.50204238,-0.184400221,16086.25
"Gloucester Road Station, South Kensington",51.49418566,-0.18267094,15162.25
"Strata, Elephant & Castle",51.493146,-0.099828,10297.5
"Edgware Road Station, Marylebone",51.519968,-0.169774,5501.25
"Rotherhithe Roundabout, Rotherhithe",51.499169,-0.055846029,NA
"Cleaver Street, Kennington",51.488105,-0.110121,4360.75
"Chelsea Bridge, Pimlico",51.485821,-0.149004,8166.25
"Southwark Station 1, Southwark",51.504043,-0.105312,4556.5
"Southwark Station 2, Southwark",51.504044,-0.104778,7183.5
"Eaton Square (South), Belgravia",51.49456127,-0.15393398,4487
"Ebury Bridge, Pimlico",51.490491,-0.149186,7472.5
"Harrington Square 2, Camden Town",51.533379,-0.139159,5619.75
"Vincent Street, Pimlico",51.493072,-0.129925,3883.25
"Cheapside, Bank",51.51397065,-0.09294031,13399
"Exhibition Road, Knightsbridge",51.499917,-0.174554,15106.75
"South Parade, Chelsea",51.48902,-0.17524,4268
"Crinan Street, King's Cross",51.534474,-0.122203,4240.25
"Exhibition Road Museums 1, South Kensington",51.496468,-0.17379696,NA
"Wren Street, Holborn",51.524564,-0.116279,6935
"Kennington Station, Kennington",51.488852,-0.105593,7869.75
"Red Lion Street, Holborn",51.51824,-0.11655,5455.5
"Vauxhall Walk, Vauxhall",51.488124,-0.120903,5868.5
"Killick Street, King's Cross",51.5338,-0.118677,2496.75
"Kennington Oval, Oval",51.483145,-0.113134,4443.5
"Sail Street, Vauxhall",51.495656,-0.114605,5263
"Walmer Road, Avondale",51.510101,-0.211358,4893.5
"Philpot Street, Whitechapel",51.515256,-0.058641,9213.75
"Bethnal Green Garden, Bethnal Green",51.52568,-0.055312,8402
"Cheshire Street, Bethnal Green",51.52388,-0.065076,8187.5
"York Hall, Bethnal Green",51.528936,-0.055894,11052.75
"Jubilee Crescent, Cubitt Town",51.493381,-0.007542,2018.25
"Fisherman's Walk West, Canary Wharf",51.50623,-0.02296,4557.5
"Shadwell Station, Shadwell",51.511088,-0.057159,8293.25
"Jubilee Street, Stepney",51.515975,-0.053177,5104.25
"Hermitage Court, Wapping",51.504719,-0.063531,4980.25
"St. Katharine's Way, Tower",51.505697,-0.070542,9725.25
"Garnet Street, Shadwell",51.508447,-0.055167,5681.5
"Napier Avenue, Millwall",51.487679,-0.021582,3468.5
"East Ferry Road, Cubitt Town",51.49447,-0.014409,2653.25
"Parkway, Camden Town",51.538071,-0.144664,6266.25
"Castlehaven Road, Camden Town",51.542138,-0.145393,10494.25
"Wapping Lane, Wapping",51.504749,-0.057544,5130.75
"Gunmakers Lane, Old Ford",51.535179,-0.03338,12571.25
"Burdett Road, Mile End",51.516196,-0.029138,6601.25
"Aston Street, Stepney",51.516,-0.038775,3515.5
"Bonny Street, Camden Town",51.541603,-0.138853,7928.5
"Thurtle Road, Haggerston",51.534776,-0.071881,NA
"St. Mary & St. Michael Church, Stepney",51.51417,-0.052099,3119.25
"Pitfield Street North,Hoxton",51.53558,-0.08249,9485
"Whiston Road, Haggerston",51.534464,-0.076341,5423.75
"Southern Grove, Bow",51.523538,-0.030556,3323
"Cantrell Road, Bow",51.521564,-0.022694,2300.25
"Lindfield Street, Poplar",51.513757,-0.020467,5438.75
"Mostyn Grove, Bow",51.530535,-0.025492,5480
"Hewison Street, Old Ford",51.533283,-0.028155,6498.5
"Malmesbury Road, Bow",51.529452,-0.027616,1986.75
"Millharbour, Millwall",51.496137,-0.019355,2407.25
"Gascoyne Road, Victoria Park",51.541515,-0.038557746,NA
"Lightermans Road, Millwall",51.499041,-0.020157,4069.25
"Stebondale Street, Cubitt Town",51.489096,-0.009205,3502.25
"Spindrift Avenue, Millwall",51.49109,-0.018716,2435.25
"Stepney Green Station, Stepney",51.521889,-0.04667,14256.5
"Pott Street, Bethnal Green",51.527152,-0.058005,11301
"Flamborough Street, Limehouse",51.5128711,-0.0389866,15686
"Saunders Ness Road, Cubitt Town",51.487129,-0.0090011,10080
"Exhibition Road Museums 2, South Kensington",51.495947,-0.17368958,NA
"Albert Gardens, Stepney",51.51328,-0.047784,7513.75
"Bromley High Street, Bow",51.528828,-0.013258,5388.5
"Old Ford Road, Bethnal Green",51.531127,-0.048017,12954.5
"Granby Street, Shoreditch",51.525645,-0.069543,14240.25
"Canton Street, Poplar",51.511811,-0.025626,5793.25
"Reardon Street, Wapping",51.506946,-0.058681,4998.25
"Christian Street, Whitechapel",51.513074,-0.064094,8281.25
"Pennington Street, Wapping",51.508622,-0.065006,2848.5
"Queen Mary's, Mile End",51.522507,-0.041378,4805
"Maplin Street, Mile End",51.525501,-0.032267204,NA
"South Quay East, Canary Wharf",51.50196,-0.016251,511.25
"Bow Church Station, Bow",51.528169,-0.018703,8896.5
"Devons Road, Bow",51.52512,-0.015578,5929.5
"Merchant Street, Bow",51.526578,-0.027581,6279.5
"Bow Road Station, Bow",51.527058,-0.025296,4479.25
"Furze Green, Bow",51.519265,-0.021345,6353.25
"Ansell House, Stepney",51.520019,-0.05438,9556.75
"Cephas Street, Bethnal Green",51.522561,-0.054883,6743.5
"Bonner Gate, Victoria Park",51.53341,-0.049591815,NA
"Cleveland Way, Stepney",51.520893,-0.051394,14564.5
"St. John's Park, Cubitt Town",51.496454,-0.009506,572.75
"Ackroyd Drive, Bow",51.520398,-0.026768,4568
"Bell Lane, Liverpool Street",51.517475,-0.075855,9112.75
"Clarkson Street, Bethnal Green",51.528692,-0.059091,5179.5
"Fournier Street, Whitechapel",51.519362,-0.074431,16346.5
"Fore Street, Guildhall",51.517842,-0.090075,2142
"Westferry DLR, Limehouse",51.509303,-0.025996,10814.75
"Sutton Street, Shadwell",51.511066,-0.053558,11300.25
"Pritchard's Road, Bethnal Green",51.532091,-0.06142,10848.25
"Watney Market, Stepney",51.5142228,-0.055656,8795.5
"Portman Square, Marylebone",51.516204,-0.155525,5647.25
"Russell Gardens, Olympia",51.500088,-0.211316,4086.5
"Chrisp Street Market, Poplar",51.5112,-0.014438,3957.75
"Ford Road, Old Ford",51.532513,-0.033085,7578.75
"Antill Road, Mile End",51.528224,-0.037471,9056
"Teviot Street, Poplar",51.518811,-0.011662,2555
"Bancroft Road, Bethnal Green",51.526041,-0.047218,7764
"Driffield Road, Old Ford",51.534137,-0.037366,11956
"Clinton Road, Mile End",51.525941,-0.036017,8377
"Langdon Park, Poplar",51.51549,-0.013475,3385.25
"Lancaster Gate , Bayswater",51.511654,-0.179668,12326.75
"Lancaster Drive, Blackwall",51.503143,-0.008428,5336.25
"Hansard Mews, Holland Park",51.503802,-0.215808,8401.25
"Clarges Street, Mayfair",51.507326,-0.145827,2279.5
"Manresa Road, Chelsea",51.486892,-0.170983,9705.25
"Newby Place, Poplar",51.508896,-0.012413,2248.75
"Twig Folly Bridge, Mile End",51.530326,-0.042744,12772
"Jubilee Plaza, Canary Wharf",51.50357,-0.020068,9846.25
"Wellington Row, Bethnal Green",51.528222,-0.069743,11609
"Goldsmith's Row, Haggerston",51.531864,-0.066035,12961.75
"Gloucester Avenue, Camden Town",51.537349,-0.147154,9801.75
"Queensbridge Road, Haggerston",51.53385,-0.06992,6586.5
"Old Montague Street, Whitechapel",51.51793,-0.067937,9161
"Naval Row, Blackwall",51.508981,-0.00699,2869.25
"Hoxton Station, Hoxton",51.531091,-0.075901,9106.75
"Albany Street, The Regent's Park",51.528302,-0.144466,9663.75
"Green Park Station, Mayfair",51.506613,-0.142844,21998.75
"Salmon Lane, Limehouse",51.514115,-0.033828,7926
"Lansdowne Walk, Ladbroke Grove",51.509591,-0.204666,3471.5
"Percival Street, Finsbury",51.526153,-0.102208,5421.5
"Arlington Road, Camden Town",51.539957,-0.145246,6909
"New Fetter Lane, Holborn",51.517428,-0.107987,6727.5
"East India DLR, Blackwall",51.509474,-0.002275,5415.25
"Westminster Bridge Road, Elephant & Castle",51.498386,-0.107913,1959.75
"Gaywood  Street, Elephant & Castle",51.49605,-0.104193,9188.5
"Harford Street, Mile End",51.521564,-0.039264,5944
"Import Dock, Canary Wharf",51.505772,-0.016460175,3009.25
"Watney Street, Shadwell",51.511542,-0.056667,10664.75
"Regent's Row , Haggerston",51.535678,-0.062546,30579.25
"Aberfeldy Street, Poplar",51.513548,-0.005659,2124
"Heron Quays DLR, Canary Wharf",51.502661,-0.021596,3144.75
"King Edward Street, St Pauls",51.51601,-0.0985,3214.75
"Page Street, Westminster",51.493978,-0.127554,7944.5
"Abbotsbury Road, Holland Park",51.501391,-0.205991,4519
"Ladbroke Grove Central, Ladbroke Grove",51.511624,-0.205921,3435.75
"Rectory Square, Stepney",51.518369,-0.043371,5450
"Bury Place, Holborn",51.51746,-0.12335,5554.75
"Preston's Road, Cubitt Town",51.499286,-0.009152,3075.5
"Somerset House, Strand",51.509943,-0.117619,10230.25
"Selby Street, Whitechapel",51.521905,-0.063386,4217
"Westfield Ariel Way, White City",51.509158,-0.224103,6412.75
"Bishop's Bridge Road West, Bayswater",51.51616,-0.18697,12500.25
"Pitfield Street Central, Hoxton",51.53213,-0.08299,7604
"Upper Bank Street, Canary Wharf",51.503083,-0.017676,6134
"Westfield Southern Terrace ,Shepherd's Bush",51.506256,-0.218337,6293.5
"Greenland Road, Camden Town",51.539099,-0.141728,14235.5
"Limerston Street, West Chelsea",51.485587,-0.18119,17670.5
"Eagle Wharf Road, Hoxton",51.53356,-0.09315,13998.75
"Alpha Grove, Millwall",51.497304,-0.022793,2490
"Globe Town Market, Bethnal Green",51.528869,-0.047548,8655.5
"Hollybush Gardens, Bethnal Green",51.527607,-0.057133,5771.5
"Queen Street 2, Bank",51.511246,-0.093051,15451.5
"Doddington Grove, Kennington",51.48692917,-0.102996299,9725.25
"New Cavendish Street, Marylebone",51.519167,-0.147983,6245.25
"Ilchester Gardens, Bayswater",51.51244,-0.19096,11933
"Mudchute DLR, Cubitt Town",51.490645,-0.014582,2560.25
"Monument Street, Monument",51.50964,-0.08497,13284.75
"Hoxton Street, Hoxton",51.52959,-0.0801,4611
"Drayton Gardens, West Chelsea",51.487196,-0.179369,15669
"Greenberry Street, St.John's Wood",51.53256,-0.16862,4304.25
"Bishop's Bridge Road East, Bayswater",51.5171,-0.18377,4872.25
"Northdown Street, King's Cross",51.531066,-0.11934,4860.5
"Kingsway Southbound, Strand",51.513875,-0.117774,7744.5
"Hammersmith Road, Hammersmith",51.493267,-0.21985,9718.5
"Parson's Green , Parson's Green",51.472817,-0.199783,21580
"Fulham Park Road, Fulham",51.473471,-0.20782,14668.5
"Southerton Road, Hammersmith",51.494499,-0.228188,10594
"Manbre Road, Hammersmith",51.485743,-0.223616,3416.75
"South Lambeth Road, Vauxhall",51.481747,-0.124642,13252.25
"BBC White City, White City",51.514767,-0.225787,5024
"Union Grove, Wandsworth Road",51.472993,-0.133972,9238.25
"Caldwell Street, Stockwell",51.477839,-0.116493,8472.75
"St Martins Close, Camden Town",51.538792,-0.138535,4557.5
"Seymour Place, Marylebone",51.520331,-0.163667,4944.5
"Addison Road, Holland Park",51.504199,-0.210941,6575.5
"Putney Bridge Station, Fulham",51.468814,-0.210279,16005.25
"Colet Gardens, Hammersmith",51.491093,-0.216493,790.5
"Sugden Road, Clapham",51.46512358,-0.157788279,8141.5
"Danvers Street, West Chelsea",51.48256792,-0.172078187,11488.25
"Princedale Road , Holland Park",51.50646524,-0.208486599,7240.25
"Wandsworth Rd, Isley Court, Wandsworth Road",51.46925984,-0.141812513,11217
"Woodstock Grove, Shepherd's Bush",51.50403821,-0.217400093,13674.25
"London Fields, Hackney Central",51.54119,-0.058826101,NA
"Finlay Street, Fulham",51.4768851,-0.215895601,11975.75
"Aintree Street, Fulham",51.48102131,-0.209973497,12271.75
"Elysium Place, Fulham",51.47107905,-0.207842908,6444.5
"Eel Brook Common, Walham Green",51.47625965,-0.193254007,12392.5
"Irene Road, Parsons Green",51.4737636,-0.197010096,10184.25
"Surrey Lane, Battersea",51.47518024,-0.167160736,4707.75
"Wandsworth Town Station, Wandsworth",51.46086446,-0.187427294,12047.5
"Lansdowne Road, Ladbroke Grove",51.50748124,-0.205535908,11989
"Nantes Close, Wandsworth",51.46193072,-0.180791784,7302.5
"Courland Grove, Wandsworth Road",51.4729184,-0.132102704,6636.75
"Queen's Circus, Battersea Park",51.47761941,-0.149551631,NA
"Normand Park, West Kensington",51.48438657,-0.20481514,14419.5
"Holden Street, Battersea",51.4687905,-0.158230901,2803.5
"William Morris Way, Sands End",51.46881971,-0.184318843,9710.5
"Morie Street, Wandsworth",51.45995384,-0.190184054,3304.5
"Clarence Walk, Stockwell",51.47073264,-0.126994068,5816.5
"Battersea Park Road, Nine Elms",51.4795017,-0.141770709,11478.75
"Sheepcote Lane, Battersea",51.47053858,-0.163041605,8210.5
"Vereker Road, West Kensington",51.48959104,-0.209378594,12759.75
"Brook Green South, Brook Green",51.49434708,-0.215804559,6801
"Greyhound Road, Hammersmith",51.48606206,-0.214428378,10366.25
"South Park, Sands End",51.46706414,-0.193502076,6790
"Spencer Park, Wandsworth Common",51.45787019,-0.174691623,3363.25
"Falcon Road, Clapham Junction",51.46663393,-0.169821175,14491.5
"Coomer Place, West Kensington",51.48357068,-0.202038682,12241
"Silverthorne Road, Battersea",51.47286577,-0.148059277,7951
"Archbishop's Park, Waterloo",51.49824168,-0.117495865,4928.25
"Fawcett Close, Battersea",51.46916161,-0.174485792,3693
"All Saints' Road, Portobello",51.5190427,-0.204764421,4964.5
"Rainville Road, Hammersmith",51.48373225,-0.223852256,9905.25
"Great Suffolk Street, The Borough",51.50173215,-0.100292412,5745
"Buckingham Gate, Westminster",51.49886563,-0.137424571,15264.25
"Richmond Way, Shepherd's Bush",51.50035306,-0.217515071,11601
"Peterborough Road, Sands End",51.46904022,-0.19627483,6726.5
"World's End Place, West Chelsea",51.48180515,-0.18027465,10901.5
"St. Mark's Road, North Kensington",51.51687069,-0.213872396,8464.25
"Thorndike Close, West Chelsea",51.48089844,-0.183853573,10345.25
"Evesham Street, Avondale",51.51148696,-0.218190203,4588.75
"Simpson Street, Clapham Junction",51.47084722,-0.17070367,12574.25
"Ashmole Estate, Oval",51.48267821,-0.117661574,7280
"Crabtree Lane, Fulham",51.48294452,-0.219346128,9321.75
"Broomhouse Lane, Parsons Green",51.46841875,-0.199135704,6085.25
"Blythe Road West, Shepherd's Bush",51.4996806,-0.221791552,6508.25
"Ethelburga Estate, Battersea Park",51.47729232,-0.16478637,22532.75
"Blackfriars Station, St. Paul's",51.511934,-0.10307894,NA
"West Kensington Station, West Kensington",51.49087074,-0.206029743,10050.25
"All Saints Church, Portobello",51.51632095,-0.202608612,16897
"Phene Street, Chelsea",51.48498496,-0.167919869,13108
"Clarendon Road, Avondale",51.51323001,-0.211593602,3506.25
"Austin Road, Battersea Park",51.474376,-0.155442787,14249.25
"Smugglers Way, Wandsworth",51.46108367,-0.191722864,11332.75
"Shepherd's Bush Road North, Shepherd's Bush",51.5015946,-0.222293381,9219.5
"Ravenscourt Park Station, Hammersmith",51.49422354,-0.236769936,9226.25
"Teversham Lane, Stockwell",51.47614939,-0.1232585,5674.25
"Ashley Crescent, Battersea",51.46718562,-0.152248582,7942.5
"Parsons Green Station, Parsons Green",51.475089,-0.201968,14829.25
"Hibbert Street, Battersea",51.46517078,-0.18038939,7812.5
"Carnegie Street, King's Cross",51.53546778,-0.11619105,6044.75
"Usk Road, Clapham Junction",51.46348914,-0.182126248,6357.25
"Hartington Road, Stockwell",51.47787084,-0.126874471,8877.25
"Heath Road, Battersea",51.46866929,-0.146544642,5886.25
"Esmond Street, Putney",51.46231278,-0.211468596,3866
"Orbel Street, Battersea",51.47453545,-0.170210533,8108
"Westbridge Road, Battersea",51.47768469,-0.170329317,14913
"Bishop's Avenue, Fulham",51.47303687,-0.214749808,18042.5
"Crisp Road, Hammersmith",51.48810829,-0.22660621,19615.5
"Dorothy Road, Clapham Junction",51.46506424,-0.163750945,12651
"Neville Gill Close, Wandsworth",51.45475251,-0.195197203,6265
"Osiers Road, Wandsworth",51.46067005,-0.198735357,9400.25
"Beryl Road, Hammersmith",51.48814438,-0.222456468,9485.5
"Northfields, Wandsworth",51.46095151,-0.20066766,5666.25
"Spanish Road, Clapham Junction",51.45922541,-0.180884959,2689
"Stanley Grove, Battersea",51.47047503,-0.152130083,5179
"Erin Close, Walham Green",51.47946386,-0.195777222,15002.75
"Cadogan Close, Victoria Park",51.54211855,-0.028941601,15551.75
"Felsham Road, Putney",51.464786,-0.215618902,13481
"Putney Rail Station, Putney",51.46071722,-0.216526155,9284.25
"Islington Green, Angel",51.53638435,-0.102757578,22473.75
"Charing Cross Hospital, Hammersmith",51.48728535,-0.217995921,5826
"Charlotte Terrace, Angel",51.53639219,-0.112721065,5962.75
"Shoreditch Court, Haggerston",51.53908372,-0.070329419,7293
"Belford House, Haggerston",51.5366541,-0.07023031,5909.5
"Battersea Church Road, Battersea",51.47696496,-0.174347066,11593.25
"Vicarage Crescent, Battersea",51.47287627,-0.176267008,14306.25
"Durant Street, Bethnal Green",51.52868155,-0.065550321,11066.5
"St. Bride Street, Holborn",51.51505991,-0.10534448,9436.75
"Mexfield Road, East Putney",51.45682071,-0.202802098,6227
"Upper Richmond Road, Putney",51.45971528,-0.212145939,NA
"Snowsfields, London Bridge",51.50215353,-0.083632928,8095.75
"Barons Court Station, West Kensington",51.49021762,-0.215087092,9440.75
"Disraeli Road, Putney",51.46161068,-0.21614583,8833.5
"Montserrat Road , Putney",51.46321128,-0.215550761,9416.25
"Albert Bridge Road, Battersea Park",51.47439218,-0.163347594,13520.5
"Everington Street, Fulham",51.48335692,-0.216305546,8626.5
"Mile End Stadium, Mile End",51.51854104,-0.034903714,10155
"Hawley Crescent, Camden Town",51.54100708,-0.14326094,4453.25
"Stewart's Road, Wandsworth Road",51.47311696,-0.137235175,6276.5
"Aylward Street, Stepney",51.51563007,-0.049067243,8496.25
"Stainsby Road , Poplar",51.51542791,-0.02356501,5853.25
"Dunston Road , Haggerston",51.53658514,-0.075885686,20985
"Ada Street, Hackney Central",51.53571683,-0.060291813,9941.75
"Victoria Park Road, Hackney Central",51.53642464,-0.054162264,21334.25
"Star Road, West Kensington",51.48724429,-0.205279052,10935.75
"Wendon Street, Old Ford",51.53603947,-0.026262677,8873.25
"Finnis Street, Bethnal Green",51.52458353,-0.058631453,6030.75
"Stephendale Road, Sands End",51.46822047,-0.190346493,16255
"Alma Road, Wandsworth",51.45799126,-0.184806157,6479
"Walworth Square, Walworth",51.491327,-0.096518684,NA
"Alfreda Street, Battersea Park",51.47505096,-0.150908371,10690.25
"Chesilton Road, Fulham",51.47569809,-0.20587627,17012
"Putney Bridge Road, East Putney",51.46199911,-0.206240805,4193
"St. Peter's Terrace, Fulham",51.47893931,-0.208485293,14063.75
"Bridge Avenue, Hammersmith",51.49208492,-0.229116862,15433.5
"Duke Street Hill, London Bridge",51.50630441,-0.087262995,25510.75
"Park Lane, Mayfair",51.50542628,-0.150817316,7115.25
"Plough Terrace, Clapham Junction",51.46230566,-0.175407201,7534.5
"Grant Road East, Clapham Junction",51.46489445,-0.17302926,11091.75
"Queensdale Road, Shepherd's Bush",51.50659035,-0.216104479,5450.25
"Fulham Broadway, Walham Green",51.47993289,-0.19411695,26638
"Imperial Road, Sands End",51.47514228,-0.187278987,6917.75
"Sirdar Road, Avondale",51.51092871,-0.214594781,969.75
"Freston Road, Avondale",51.5129814,-0.219486603,3386
"Blenheim Crescent, Ladbroke Grove",51.51510818,-0.208565479,14645.5
"Oxford Road, Putney",51.46079243,-0.212607684,8320
"Ingrave Street, Clapham Junction",51.46745485,-0.172293499,3799.75
"Upcerne Road, West Chelsea",51.47816972,-0.18243547,4910.5
"Lots Road, West Chelsea",51.4795738,-0.17903854,10870.75
"Ormonde Gate, Chelsea",51.48796408,-0.161765173,9991
"Hertford Road, De Beauvoir Town",51.53727795,-0.079201849,15420.75
"Haggerston Road, Haggerston",51.53932857,-0.074284675,12192
"Culvert Road, Battersea",51.4710956,-0.157850096,5666
"Newton Street, Covent Garden",51.51612862,-0.120909408,3562.5
"Grenfell Road, Avondale",51.5129006,-0.214762686,5536
"The Vale, Chelsea",51.48512191,-0.174971902,15491.5
"Prince of Wales Drive, Battersea Park",51.47515398,-0.159169801,14809.75
"Harcourt Terrace, West Brompton",51.48795853,-0.187404506,12282.25
"Westbourne Park Road, Portobello",51.51787005,-0.201005397,13035.25
"Broadley Terrace, Marylebone",51.52456169,-0.165668686,1823.25
"Humbolt Road, Fulham",51.48321729,-0.211860644,8050
"Storey's Gate, Westminster",51.50070305,-0.129698963,35120.25
"Mile End Park Leisure Centre, Mile End",51.52059714,-0.032566533,11549.25
"St. John's Road, Clapham Junction",51.46239255,-0.16829214,16040
"Ranelagh Gardens, Fulham",51.46760141,-0.20682737,7956
"Ram Street, Wandsworth",51.45752945,-0.192165613,16853.75
"Santos Road, Wandsworth",51.45705988,-0.200806304,3683.25
"Clapham Common North Side, Clapham Common",51.46134382,-0.159322467,10061.5
"Sandilands Road, Walham Green",51.473611,-0.191803,12245.75
"Gwendwr Road, West Kensington",51.491026,-0.209121,8986.75
"Rifle Place, Avondale",51.509224,-0.216016,4179
"Binfield Road, Stockwell",51.47250956,-0.122831913,12272.5
"Tallis Street, Temple",51.511891,-0.107349,13075.25
"Hurlingham Park, Parsons Green",51.470131,-0.20464,7573.5
"Little Brook Green, Brook Green",51.496664,-0.223868,8376.75
"Abyssinia Close, Clapham Junction",51.460333,-0.167029,10837.75
"Limburg Road, Clapham Junction",51.4619230679,-0.165297856693,5396
"Houndsditch, Aldgate",51.514449,-0.077178979,5942
"Imperial Wharf Station, Sands End",51.474665,-0.18316517,16819
"Victoria & Albert Museum, South Kensington",51.495898,-0.173009,9096
"Halford Road, West Kensington",51.483911,-0.19760944,16298.5
"Monier Road, Hackney Wick",51.5403115,-0.021630359,14851
"East Village, Queen Elizabeth Olympic Park",51.546326,-0.00993526,7312.75
"Aquatic Centre, Queen Elizabeth Olympic Park",51.54094,-0.010510565,14015
"Lee Valley VeloPark, Queen Elizabeth Olympic Park",51.549369,-0.015717614,7559.5
"Timber Lodge, Queen Elizabeth Olympic Park",51.546805,-0.01469126,7266.75
"Podium, Queen Elizabeth Olympic Park",51.538718,-0.011889482,9618
"Stratford Station, Stratford",51.541793,-0.00481,10657
"Blackfriars Road, Southwark",51.505461,-0.10454093,11461.5
"Cromer Street, Bloomsbury",51.528279,-0.11955857,2805.25
"Victoria Rise, Clapham Common",51.461376,-0.14780467,NA
"Euston Square Gardens, Euston",51.527068,-0.13186102,6801
"Coram Street, Bloomsbury",51.524,-0.12640984,4443.5
"Ossulston Street, Somers Town",51.5293,-0.12827903,7058.5
"Birkenhead Street, King's Cross",51.5301998755,-0.122299440803,11262.75
"Kings Gate House, Westminster",51.4976984561,-0.137598896295,5188.5
"Sopwith Way, Battersea Park",51.4811219398,-0.149035374873,26836.5
"Lavington Street, Bankside",51.5052241745,-0.0980318118664,8599.5
"Albert Square, Stockwell",51.4765900593,-0.118256789081,11225
"Southwark Street, Bankside",51.5054099403,-0.0983410884509,5689
"Good's Way, King's Cross",51.5346677396,-0.125078652873,16694.75
"The Metropolitan, Portobello",51.520509,-0.20080483,NA
"Handyside Street, King's Cross",51.5372405623,-0.124807385707,8951.25
"Bevington Road West, North Kensington",51.5212,-0.208888173,14599.75
"Gauden Road, Clapham",51.464995,-0.13090885,NA
"Lincoln's Inn Fields, Holborn",51.5162778834,-0.118272991635,5390.5
"Tate Modern, Bankside",51.5067252868,-0.0988072461627,17122.75
"Westferry Circus, Canary Wharf",51.5057030357,-0.0277727426235,13341.5
"Here East North, Queen Elizabeth Olympic Park",51.5487311915,-0.0226065549321,6558.75
"New Spring Gardens Walk, Vauxhall",51.4878074485,-0.122759625866,8005.75
"Clapham Road, Lingham Street, Stockwell",51.4714330677,-0.123670735702,10486.5
"Lambeth Palace Road, Waterloo",51.5000891978,-0.116628700672,22323
"Here East South, Queen Elizabeth Olympic Park",51.5465327935,-0.0205975904647,2244
"Riverlight South, Nine Elms",51.4813354746,-0.138212295869,12953.25
"Westminster Pier, Westminster",51.501513,-0.12382322,NA
"Belvedere Road 2, South Bank",51.50621,-0.114842,19098.25
"Victory Place, Walworth",51.492807,-0.091938,9360.5
"Battersea Power Station, Battersea Park",51.4835074867,-0.147714557371,21996.25
"Allington Street, Victoria",51.496863,-0.1429434,24837.5
"Cranmer Road, Stockwell",51.479601,-0.11147178,14345.75
"Normandy Road, Stockwell",51.473874,-0.11258096,8327
"Wynne Road, Stockwell",51.469217,-0.11268674,3103.75
"Sidney Road, Stockwell",51.469202,-0.11902256,6239.75
"St John's Crescent, Brixton",51.466232,-0.11317995,9637.25
"Ferndale Road, Brixton",51.464019,-0.11578197,NA
"Saltoun Road, Brixton",51.460232,-0.11537509,13217
"Gas Holders, Battersea Park",51.477966,-0.14785703,16805.75
"Farringdon Street, Holborn",51.516785,-0.10494775,5844.25
"York Way, Kings Cross",51.541596,-0.12544145,8185
"Fore Street Avenue, Guildhall",51.518093,-0.0914017,1764.75
"Sea Containers, South Bank",51.508033,-0.10682363,9565.75
"George Row, Bermondsey",51.498585,-0.068981764,NA
"Tower Wharf, Bermondsey",51.500845,-0.074704305,NA
"Temple Gardens, Temple",51.510981,-0.10832249,NA
"Canada Water Station, Rotherhithe",51.498439,-0.049150215,NA
"Bermondsey Station, Bermondsey",51.497995,-0.063471392,NA
