"name","lat","long","k"
"River Street , Clerkenwell",51.52916347,-0.109970527,2047.75
"Phillimore Gardens, Kensington",51.49960695,-0.197574246,6901.5
"Christopher Street, Liverpool Street",51.52128377,-0.084605692,943
"St. Chad's Street, King's Cross",51.53005939,-0.120973687,1735.75
"Sedding Street, Sloane Square",51.49313,-0.156876,4508.5
"Broadcasting House, Marylebone",51.51811784,-0.144228881,3112.5
"Charlbert Street, St. John's Wood",51.53430039,-0.1680743,3358.5
"Maida Vale, Maida Vale",51.529857,-0.18348604,5754.5
"New Globe Walk, Bankside",51.5073853,-0.096440751,3457
"Park Street, Bankside",51.50597426,-0.092754157,3888.75
"Brunswick Square, Bloomsbury",51.52395143,-0.122502346,4279.25
"Malet Street, Bloomsbury",51.52168078,-0.130431727,2915
"Scala Street, Fitzrovia",51.51991453,-0.136039674,1580.25
"Belgrove Street , King's Cross",51.52994371,-0.123616824,6903
"Great Russell Street, Bloomsbury",51.51772703,-0.127854211,1755.75
"Cartwright Gardens , Bloomsbury",51.52635795,-0.125979294,4494.25
"Hatton Wall, Holborn",51.5216612,-0.109006325,4026.75
"Drury Lane, Covent Garden",51.51477076,-0.12221963,3849.5
"Taviton Street, Bloomsbury",51.52505093,-0.131161087,3060.75
"Drummond Street , Euston",51.527326,-0.13605286,746.75
"Northington Street , Holborn",51.5222641,-0.114079481,2840
"Red Lion Square, Holborn",51.51943538,-0.119123345,1879.75
"British Museum, Bloomsbury",51.51908011,-0.124678402,2511
"Doric Way , Somers Town",51.5288338,-0.132250369,2402.5
"Ampton Street , Clerkenwell",51.52728093,-0.11829517,4613
"Bouverie Street, Temple",51.51382102,-0.107927706,1705
"Bolsover Street, Fitzrovia",51.52351808,-0.143613641,6074.75
"Hereford Road, Bayswater",51.513735,-0.193487,4883.75
"Windsor Terrace, Hoxton",51.52915444,-0.093421615,3100
"Fanshaw Street, Hoxton",51.52953709,-0.083353323,6202.25
"Leonard Circus , Shoreditch",51.52469624,-0.084439283,5782
"Central House, Aldgate",51.515231,-0.07015,7528.5
"Pancras Road, King's Cross",51.5341235,-0.129386874,2819.25
"De Vere Gardens, Kensington",51.50173726,-0.184980612,6084
"Penywern Road, Earl's Court",51.49159394,-0.192369256,6850.25
"Abingdon Villas, Kensington",51.4973875,-0.197245586,2595
"Shoreditch High Street, Shoreditch",51.5263778,-0.078130921,8387.25
"Commercial Street, Shoreditch",51.52127071,-0.0755789,4611.5
"Pindar Street, Liverpool Street",51.520955,-0.083493552,280
"Wenlock Road , Hoxton",51.53099181,-0.093903825,3549.25
"Crawford Street, Marylebone",51.52026,-0.157183945,6071.25
"Bruton Street, Mayfair",51.51073687,-0.144165239,NA
"Boston Place, Marylebone",51.522511,-0.162298,1093.25
"Nesham Street, Wapping",51.507131,-0.06691,7254
"Warwick Avenue Station, Maida Vale",51.52334476,-0.183846408,8439.5
"Godliman Street, St. Paul's",51.51248445,-0.099141408,4922.75
"Curzon Street, Mayfair",51.50706909,-0.145904427,2278.5
"East Road, Hoxton",51.52867339,-0.087459376,3709.75
"Finsbury Library , Finsbury",51.52671796,-0.104298194,3488.25
"Roscoe Street, St. Luke's",51.52295439,-0.094934859,3354.5
"Grafton Street, Mayfair",51.5099923,-0.143495266,1078.75
"Golden Lane, Barbican",51.52174785,-0.094475072,5614.5
"Finsbury Circus, Liverpool Street",51.51707521,-0.086685542,2525
"Paddington Street, Marylebone",51.52058381,-0.154701411,5466
"Guilford Street , Bloomsbury",51.52334672,-0.120202614,3943
"New Inn Yard, Shoreditch",51.52452699,-0.079248081,3964.75
"Lisson Grove, St. John's Wood",51.52644828,-0.172190727,3095.75
"Great Dover Street, The Borough",51.49738251,-0.089446947,5921.25
"Cotton Garden Estate, Kennington",51.4907579,-0.106323685,4539
"Murray Grove , Hoxton",51.53089041,-0.089782579,2831.75
"William IV Street, Strand",51.50946212,-0.124749274,4808.75
"Holborn Circus, Holborn",51.51795029,-0.108657431,2909.25
"Hatton Garden, Holborn",51.51882555,-0.108028472,2667.75
"Theobald's Road , Holborn",51.52059681,-0.116688468,2550.75
"Euston Road, Euston",51.5262363,-0.134407652,2743
"Calshot Street , King's Cross",51.53136059,-0.117069978,3028
"Newgate Street , St. Paul's",51.5154186,-0.098850915,3913
"Farringdon Lane, Clerkenwell",51.52352001,-0.108340165,4336.25
"Old Street Station, St. Luke's",51.52548,-0.089659871,NA
"Vauxhall Cross, Vauxhall",51.48591714,-0.124469948,14741.5
"Torrens Street, Angel",51.53219984,-0.105480698,3277.25
"Longford Street, The Regent's Park",51.52559505,-0.144083893,4477
"Russell Square Station, Bloomsbury",51.52341837,-0.124121774,4906
"Sadlers Sports Centre, Finsbury",51.52486887,-0.099489485,3545.25
"Arundel Street, Temple",51.511726,-0.11385596,2403.5
"Webber Street , Southwark",51.50069361,-0.102091246,5043.25
"Great Titchfield Street, Fitzrovia",51.52025302,-0.141327271,4106.5
"Chancery Lane, Holborn",51.514274,-0.111257,1085
"Panton Street, West End",51.50963938,-0.131510949,9849.25
"Breams Buildings, Holborn",51.51593725,-0.111778348,1581.5
"Tanner Street, Bermondsey",51.50064702,-0.078600401,9553.75
"Sancroft Street, Vauxhall",51.48947903,-0.115156562,3464
"Devonshire Square, Liverpool Street",51.51646835,-0.079684557,2748.5
"Bayley Street , Bloomsbury",51.51858757,-0.132053392,2944.5
"Tavistock Place, Bloomsbury",51.5262503,-0.123509611,4529.75
"Harrington Square 1, Camden Town",51.53301907,-0.139174593,1232
"Walnut Tree Walk, Vauxhall",51.49368637,-0.111014912,3960.75
"Borough Road, Elephant & Castle",51.49889832,-0.100440521,3713.75
"Cloudesley Road, Angel",51.53440868,-0.109025404,4617.5
"Bricklayers Arms, Borough",51.49506109,-0.085814489,7493.25
"Aldersgate Street, Barbican",51.5208417,-0.097340162,6343.75
"Falkirk Street, Hoxton",51.53095071,-0.078505384,3873.5
"Gloucester Road (North), Kensington",51.49792478,-0.183834706,6917.25
"Hampstead Road, Euston",51.52554222,-0.138231303,5154.75
"Old Quebec Street, Marylebone",51.51457763,-0.158264483,11498.5
"Albert Embankment, Vauxhall",51.49043573,-0.122806861,5321.75
"Queen Street 1, Bank",51.51155322,-0.0929401,5973.5
"Jewry Street, Aldgate",51.51340693,-0.076793375,5567
"Vicarage Gate, Kensington",51.50472376,-0.192538767,3064
"Crosswall, Tower",51.51159481,-0.077121322,4887
"Westbourne Grove, Bayswater",51.51552971,-0.190240716,6425.25
"Woodstock Street, Mayfair",51.51410514,-0.147301667,4884.5
"Finsbury Leisure Centre, St. Luke's",51.52600832,-0.096317627,7558.25
"Abbey Orchard Street, Westminster",51.49812559,-0.132102166,4232
"Soho Square , Soho",51.51563144,-0.132328837,6668.5
"Wellington Road, St. John's Wood",51.53304322,-0.172528678,5663.75
"Park Lane , Hyde Park",51.5100172,-0.157275636,13924.5
"Stonecutter Street, Holborn",51.51580998,-0.105270275,1738.75
"Gloucester Road (Central), South Kensington",51.49646288,-0.183289032,6147
"Park Road (Baker Street), The Regent's Park",51.52451738,-0.158963647,9722
"Braham Street, Aldgate",51.51423368,-0.073537654,10643.5
"Little Argyll Street, West End",51.51449962,-0.141423695,8900.25
"Lollard Street, Vauxhall",51.49288067,-0.114934001,3731.25
"Rochester Row, Westminster",51.49582705,-0.13547809,2974
"Bath Street, St. Luke's",51.52589324,-0.090847761,7327.5
"The Guildhall, Guildhall",51.51573534,-0.093080779,1554.75
"Baker Street, Marylebone",51.51891348,-0.156166631,2874.25
"Norton Folgate, Liverpool Street",51.52111369,-0.078869751,4934.25
"St. John Street, Finsbury",51.52836014,-0.104724625,2514.25
"Eaton Square, Belgravia",51.49654462,-0.150905245,1792
"Borough High Street, The Borough",51.50069491,-0.094524319,7553.75
"Museum of London, Barbican",51.51782144,-0.096496865,2357.25
"Wood Street, Guildhall",51.51700801,-0.09388536,1359.75
"Emperor's Gate, South Kensington",51.49536226,-0.185296516,5357.75
"Golden Square, Soho",51.5118973,-0.137043852,5411
"Tower Gardens , Tower",51.50950627,-0.075459482,21326.25
"Eversholt Street , Camden Town",51.53300545,-0.136792671,3099.75
"Bethnal Green Road, Shoreditch",51.52364804,-0.074754872,10410.25
"Derry Street, Kensington",51.50136494,-0.191462381,10969.25
"Wapping High Street, Wapping",51.504904,-0.06797,5960.75
"Clerkenwell Green, Clerkenwell",51.52326004,-0.104708922,6372.75
"Queen Victoria Street, St. Paul's",51.51196176,-0.097441687,9322.25
"Green Street, Mayfair",51.51227622,-0.157436972,9229.75
"Lambeth Road, Vauxhall",51.49488108,-0.117974901,4843.25
"Finsbury Square , Moorgate",51.52096262,-0.085634242,2228
"Chapel Place, Marylebone",51.51530805,-0.147203711,3420.5
"West Cromwell Road, Earl's Court",51.49372451,-0.198286569,6129.75
"Pont Street, Knightsbridge",51.4968865,-0.161203828,5088
"Kennington Cross, Kennington",51.48894022,-0.111435796,9051.25
"Ilchester Place, Kensington",51.50074359,-0.202759212,3722.25
"Vauxhall Bridge , Pimlico",51.48836528,-0.129361842,6672.5
"Tachbrook Street, Victoria",51.49211134,-0.138364847,6837
"Kennington Road Post Office, Oval",51.48478899,-0.110683213,8477
"Holy Trinity Brompton, Knightsbridge",51.49705603,-0.168917077,5234
"Chepstow Villas, Notting Hill",51.51213691,-0.201554966,7169.5
"Hampton Street, Walworth",51.49217002,-0.101536865,7855
"Bayswater Road, Hyde Park",51.511933,-0.174411,15893
"Waterloo Station 3, Waterloo",51.50379168,-0.11282408,5024.75
"Lexham Gardens, Kensington",51.49586666,-0.191933711,4763.5
"New Kent Road, The Borough",51.49443626,-0.092921165,NA
"Wright's Lane, Kensington",51.50039792,-0.193068385,6786.5
"Trebovir Road, Earl's Court",51.49085368,-0.196170309,6332.75
"Waterloo Place, St. James's",51.50663341,-0.131773845,6744.5
"Guildhouse Street, Victoria",51.49234577,-0.141334487,5160.75
"Southampton Place, Holborn",51.51760685,-0.121328408,5178.25
"Sloane Avenue, Knightsbridge",51.4931848,-0.167894973,7303.5
"Cleveland Gardens, Bayswater",51.515607,-0.183118788,2955
"Orsett Terrace, Bayswater",51.517932,-0.183716959,2222.75
"Seville Street, Knightsbridge",51.50185512,-0.159237081,41.5
"Eccleston Place, Victoria",51.49395092,-0.147624377,3371.5
"Argyll Road, Kensington",51.50040123,-0.195455928,6940
"Porchester Place, Paddington",51.51474612,-0.165164288,NA
"Hardwick Street, Clerkenwell",51.52784273,-0.108068155,1424.25
"Collingham Gardens, Earl's Court",51.4916156,-0.186753859,6266.25
"Sumner Place, South Kensington",51.49121192,-0.173715911,6494.25
"Waterloo Road, South Bank",51.50486,-0.113001,5402.5
"Worship Street, Shoreditch",51.521668,-0.079608554,2039.25
"Gloucester Terrace, Bayswater",51.51791921,-0.188098863,5195.25
"Ashley Place, Victoria",51.49616092,-0.140947636,5881.5
"Warwick Square, Pimlico",51.48985626,-0.141923621,9260
"North Audley Street, Mayfair",51.5129118,-0.153645496,5907.5
"Belgrave Square, Belgravia",51.49941247,-0.152317537,4368.25
"Bell Street , Marylebone",51.52202903,-0.165842551,3219.5
"Riverlight North, Nine Elms",51.482362,-0.13612398,13109
"Portland Place, Marylebone",51.52071513,-0.14521173,4614
"Alderney Street, Pimlico",51.48805753,-0.140741432,6492.5
"South Wharf Road, Paddington",51.51733558,-0.175810943,6835.25
"Queen's Gate (South), South Kensington",51.49247977,-0.178433004,7328.5
"Nutford Place, Marylebone",51.5165179,-0.164393768,4888.5
"Claremont Square, Angel",51.53166681,-0.109914711,3382.75
"Rampayne Street, Pimlico",51.48997562,-0.132845681,7449
"Hyde Park Corner, Hyde Park",51.50311799,-0.153520935,28469.75
"Wardour Street, Soho",51.51251523,-0.133201961,9339
"Bankside Mix, Bankside",51.50581776,-0.100186337,7387.25
"Hop Exchange, The Borough",51.50462759,-0.091773776,25443.5
"Milroy Walk, South Bank",51.50724437,-0.106237501,8257
"Union Street, The Borough",51.50368837,-0.098497684,4604.5
"Stamford Street, South Bank",51.50556905,-0.111606696,3445.75
"Great Tower Street, Monument",51.51048489,-0.082989638,11082.75
"LMU Commercial Road, Whitechapel",51.51492456,-0.066078037,6462
"Dorset Square, Marylebone",51.5225965,-0.161113413,5559.75
"Leman Street, Aldgate",51.51236389,-0.06954201,12878.75
"West Smithfield Rotunda, Farringdon",51.51821864,-0.100791005,5720
"Margery Street, Clerkenwell",51.52659961,-0.112432615,3017.25
"New Road 1 , Whitechapel",51.518154,-0.062697,8138.25
"Grosvenor Crescent, Belgravia",51.50135267,-0.153194766,4304
"Mallory Street, Marylebone",51.52505151,-0.166304359,2002.75
"Denyer Street, Knightsbridge",51.49358391,-0.165101392,4667.25
"Hinde Street, Marylebone",51.51681444,-0.151926305,5902.5
"Cadogan Place, Knightsbridge",51.49464523,-0.158105512,6117.75
"Wellington Arch, Hyde Park",51.50274025,-0.149569201,27624.5
"Endsleigh Gardens, Euston",51.52683806,-0.130504336,4590
"Moorfields, Moorgate",51.51906932,-0.088285377,4389
"Old Brompton Road, South Kensington",51.49094565,-0.181190899,7496.75
"Wormwood Street, Liverpool Street",51.51615461,-0.082422399,9375.75
"St. Luke's Church, Chelsea",51.48971651,-0.170194408,5435.5
"Bramham Gardens, Earl's Court",51.49016361,-0.19039362,9670.25
"Chelsea Green, Chelsea",51.49066456,-0.166485083,6433.75
"Horseferry Road, Westminster",51.49481649,-0.13045856,6724.25
"Knightsbridge, Hyde Park",51.50275704,-0.155349725,14100.5
"Rodney Road , Walworth",51.49148474,-0.090220911,9037
"Queensway, Kensington Gardens",51.51031,-0.18740235,13179.5
"Notting Hill Gate Station, Notting Hill",51.50935342,-0.196422,8561.75
"Charles II Street, West End",51.50844614,-0.131961389,7518.25
"Great Percy Street, Clerkenwell",51.52891573,-0.115480888,4647.5
"St. James's Square, St. James's",51.50742485,-0.134621209,7665.5
"Whitehall Place, Strand",51.50654321,-0.123179697,13967
"Poured Lines, Bankside",51.50669284,-0.103137426,4061.25
"Queen's Gate (Central), South Kensington",51.49396755,-0.17873226,6932
"Carey Street, Holborn",51.51501025,-0.112753217,743.75
"Pall Mall East, West End",51.50777049,-0.130699733,12113.75
"Liverpool Road (N1 Centre), Angel",51.53450449,-0.106992706,8428.75
"Kennington Road  , Vauxhall",51.49571828,-0.110889274,5712.5
"Fashion Street, Whitechapel",51.51838043,-0.073438925,3771
"Dock Street, Wapping",51.5097860151,-0.0681619805156,7528.25
"Frampton Street, Paddington",51.5233534,-0.175116099,4497.75
"Warren Street Station, Euston",51.52443845,-0.138019439,12779.75
"Colombo Street, Southwark",51.50545935,-0.10569204,498.25
"Beaumont Street, Marylebone",51.52200801,-0.151359288,6280
"Gloucester Street, Pimlico",51.49096258,-0.139625122,8072.75
"Earnshaw Street , Covent Garden",51.51611887,-0.128585022,5468.25
"Grosvenor Road, Pimlico",51.4853572,-0.142207481,6927
"Berry Street, Clerkenwell",51.52285301,-0.099994052,5401.75
"St. John's Wood Church, The Regent's Park",51.530529,-0.167515,7534.75
"Triangle Car Park, Hyde Park",51.50645179,-0.170279555,20298.5
"Harper Road, The Borough",51.49859784,-0.096191134,3648.25
"Royal Avenue 1, Chelsea",51.489932,-0.162727,5634.75
"Brushfield Street, Liverpool Street",51.518908,-0.079249,14103.25
"Jubilee Gardens, South Bank",51.5046364,-0.116542278,17749.5
"Shoreditch Park, Hoxton",51.53404294,-0.086379717,9205.5
"Chadwell Street, Angel",51.53051587,-0.106408455,5830.75
"Clifton Road, Maida Vale",51.52557531,-0.179592915,5824
"Houghton Street, Strand",51.51362054,-0.116764211,3177.25
"Westminster University, Marylebone",51.52248185,-0.154907218,6357.75
"Kensington Gore, Knightsbridge",51.50143293,-0.178656971,3984.5
"Bourne Street, Belgravia",51.490959,-0.1532331,7894.75
"Broadwick Street, Soho",51.5136846,-0.135580879,6109.5
"Princes Square, Bayswater",51.5134891,-0.191351186,4586
"LSBU (Borough Road), Elephant & Castle",51.49874469,-0.103132904,5643.75
"St. Mary Axe, Aldgate",51.51422502,-0.080660083,4696.5
"Tysoe Street, Clerkenwell",51.52644342,-0.109256828,10056.75
"Southwick Street, Paddington",51.51595344,-0.169249375,6872.5
"Queen's Gate (North), Kensington",51.50102668,-0.180246101,10646.75
"Regency Street, Westminster",51.49206037,-0.132224622,6482.25
"Belgrave Road, Victoria",51.49320445,-0.144132875,6678.5
"Empire Square, The Borough",51.50082346,-0.089740764,8954.25
"Kennington Lane Rail Bridge, Vauxhall",51.4863434,-0.122492418,14957.5
"London Zoo,  The Regent's Park",51.53583617,-0.156285395,7460
"Baylis Road, Waterloo",51.50144456,-0.110699309,11146.75
"Belvedere Road 1, South Bank",51.50613324,-0.114686385,5510.5
"Warwick Road, Olympia",51.49671237,-0.20528437,10229.75
"Barbican Centre, Barbican",51.52004497,-0.092176447,6523.75
"Lower Thames Street, Monument",51.50930161,-0.084985356,4033.25
"Kensington Church Street, Kensington",51.50315739,-0.191496313,6488.25
"Tooley Street, Bermondsey",51.5034938,-0.07962099,20281
"North Wharf Road, Paddington",51.51862243,-0.176645823,3577.75
"Royal Avenue 2, Chelsea",51.490083,-0.162418,9246.25
"Smith Square, Westminster",51.49580589,-0.127575233,6252.5
"Royal London Hospital, Whitechapel",51.518675,-0.06111,12477.75
"Kingsway, Covent Garden",51.51440928,-0.118478757,719.25
"Lambeth North Station, Waterloo",51.49914063,-0.112031483,4368
"St. John's Wood Road, St. John's Wood",51.5272947,-0.174653609,3909.5
"Bedford Way, Bloomsbury",51.52367314,-0.128377673,1805.75
"Elizabeth Bridge, Victoria",51.49236962,-0.147478734,7094.25
"South Audley Street, Mayfair",51.50923022,-0.151296092,3696
"St Mary's Hospital, Paddington",51.518268,-0.17110323,9734
"Claverton Street, Pimlico",51.48483991,-0.138089062,12616.25
"Montpelier Street, Knightsbridge",51.49888404,-0.165471605,6615.5
"Kensington Olympia Station, Olympia",51.49815779,-0.209494128,3725.5
"St. George's Square, Pimlico",51.488226,-0.135635511,12284
"Swan Street, The Borough",51.50029631,-0.092762704,7110.75
"Knaresborough Place, Earl's Court",51.49363156,-0.190603326,7479.5
"Geraldine Street, Elephant & Castle",51.49612799,-0.106000855,4811
"Curlew Street, Shad Thames",51.50227992,-0.074189225,11381
"Vincent Square, Westminster",51.49398524,-0.136928582,3236
"Serpentine Car Park, Hyde Park",51.505014,-0.17306032,23974.25
"Marylebone Lane, Marylebone",51.51475963,-0.148105415,7522.75
"Putney Pier, Wandsworth",51.466907,-0.216573,9088.5
"Albert Gate, Hyde Park",51.50295379,-0.158456089,18964.25
"Rathbone Street, Fitzrovia",51.51816295,-0.135025698,1910
"Black Lion Gate, Kensington Gardens",51.50990837,-0.187842717,25952.25
"Long Lane , Bermondsey",51.49907558,-0.085666316,7611.5
"Embankment (Savoy), Strand",51.50963123,-0.119047563,8645.5
"Black Prince Road, Vauxhall",51.4908679,-0.116911864,5554.75
"Foley Street, Fitzrovia",51.51918144,-0.140485596,4093
"Grove End Road, St. John's Wood",51.53088935,-0.176770502,7447
"Wells Street, Fitzrovia",51.51734403,-0.138072691,3332.75
"Tyers Gate, Bermondsey",51.50088934,-0.083159352,10351.5
"The Tennis Courts, The Regent's Park",51.52536703,-0.153463612,12834.75
"Warwick Row, Westminster",51.497998,-0.14296064,11475.25
"Dickens Square, Borough",51.49679128,-0.093913472,6179.5
"Sackville Street, Mayfair",51.51004801,-0.138846453,5750.75
"Baldwin Street, St. Luke's",51.52702563,-0.088542771,8016.25
"Queen Mother Sports Centre, Victoria",51.49357351,-0.139956043,8160.75
"Bermondsey Street, Bermondsey",51.49785559,-0.081608045,11881.5
"Palissy Street, Shoreditch",51.526293,-0.073955,5162.5
"Clifton Street, Shoreditch",51.523196,-0.083067,2021.5
"Ontario Street, Elephant & Castle",51.49652013,-0.101384068,11463.75
"St. Martin's Street, West End",51.50908747,-0.129697889,5181.5
"Graham Street, Angel",51.53266186,-0.099981142,8879.75
"New North Road 1, Hoxton",51.53095,-0.085603,1773.5
"New North Road 2, Hoxton",51.53114,-0.086016,4550
"Prince Albert Road, The Regent's Park",51.53589283,-0.160854428,16192.75
"Eastbourne Mews, Paddington",51.51641749,-0.179135079,5743
"Bunhill Row, Moorgate",51.52085887,-0.089887855,3336.5
"Nevern Place, Earl's Court",51.49334336,-0.194757949,6791.5
"Palace Gardens Terrace, Notting Hill",51.50860544,-0.193764092,9789
"Concert Hall Approach 1, South Bank",51.505044,-0.115851,6216.75
"Tavistock Street, Covent Garden",51.51196803,-0.120718759,7402.25
"Concert Hall Approach 2, South Bank",51.504942,-0.115533,5816.5
"Pembridge Villas, Notting Hill",51.51108452,-0.197524944,8221
"Wellington Street , Strand",51.51175646,-0.119643424,10730.5
"Risinghill Street, Angel",51.5333196,-0.1117812,3680.25
"Bank of England Museum, Bank",51.51444134,-0.087587447,5100.75
"Craven Street, Strand",51.50810309,-0.12602103,13623
"London Zoo Car Park, The Regent's Park",51.53692216,-0.150181444,8502.5
"Goswell Road (City Uni), Finsbury",51.528246,-0.10102611,4154.5
"Flood Street, Chelsea",51.48802358,-0.166878535,11281.5
"Lower Marsh, Waterloo",51.50013942,-0.113936001,6850
"Grosvenor Square, Mayfair",51.51217033,-0.150481272,5760.75
"St. George Street, Mayfair",51.51196,-0.142783033,3002.25
"Queen's Gate, Kensington Gardens",51.5017154373867,-0.1798541843891,22386.25
"Macclesfield Rd, St Lukes",51.529423,-0.097122,6068
"Vauxhall Street, Vauxhall",51.486965,-0.116625,6269
"Greycoat Street , Westminster",51.49459148,-0.134234258,2236
"Northumberland Avenue, Strand",51.506767,-0.123702,13108.25
"Clapham Common Station, Clapham Common",51.461388,-0.13922146,22665.5
"South Kensington Station, South Kensington",51.494412,-0.173881,16501.25
"Howland Street, Fitzrovia",51.520994,-0.139016,6754.25
"High Holborn , Covent Garden",51.516226,-0.124826,4051.75
"Butler Place, Westminster",51.49782999,-0.135440826,4189.5
"Howick Place, Westminster",51.49675303,-0.138733562,5552.25
"Waterloo Station 2, Waterloo",51.50391973,-0.11342629,9134.5
"Royal College Street, Camden Town",51.536264,-0.133952,7262
"Lord's, St. John's Wood",51.5291212008901,-0.171185284853,3557.5
"Store Street, Bloomsbury",51.519572,-0.13214036,4590.25
"City Road, Angel",51.530344,-0.100168,6044.5
"Millennium Hotel, Mayfair",51.5109192966489,-0.1511263847351,2610
"Harrowby Street, Marylebone",51.5173721,-0.1642075,8005.5
"Harriet Street, Knightsbridge",51.50024195,-0.15934065,12746.5
"Paddington Green, Paddington",51.520205,-0.174593,1032.5
"King Edward Walk, Waterloo",51.49775,-0.10988,1709.75
"Sardinia Street, Holborn",51.515208,-0.117863,3225
"Prince Consort Road, Knightsbridge",51.49980661,-0.176415994,6652.75
"Waterloo Station 1, Waterloo",51.50402794,-0.11386436,14190.5
"Kensington Town Hall, Kensington",51.50194596,-0.194392952,6265.75
"Millbank Tower, Pimlico",51.49188409,-0.125674815,10432.75
"Waterloo Bridge, South Bank",51.50535447,-0.113656543,3723.25
"Natural History Museum, South Kensington",51.49559291,-0.179077626,5122.25
"Turquoise Island, Notting Hill",51.51431171,-0.200838199,8659.75
"Stanhope Gate, Mayfair",51.50686435,-0.150666888,4739
"Charlotte Street, Fitzrovia",51.51953043,-0.13577731,6531
"Farm Street, Mayfair",51.50935171,-0.14744969,4400.75
"Frith Street, Soho",51.51310333,-0.13121385,12177.25
"Marloes Road, Kensington",51.496481,-0.192404,4575.5
"Moor Street, Soho",51.51352755,-0.130110822,16438.25
"Fire Brigade Pier, Vauxhall",51.49369988,-0.121394101,12189.75
"Southampton Street, Strand",51.51070161,-0.121723604,9060.25
"Upper Grosvenor Street, Mayfair",51.51013066,-0.155757901,4609.75
"Buxton Street 1, Shoreditch",51.521776,-0.068856,5451.5
"Clifford Street, Mayfair",51.51066202,-0.142345694,4135
"Imperial College, Knightsbridge",51.49942855,-0.179702476,9595.75
"Snow Hill, Farringdon",51.51733427,-0.103604248,2257.25
"Aberdeen Place, St. John's Wood",51.524826,-0.176268,3211.5
"Cadogan Gardens, Chelsea",51.492462,-0.159919,11455.5
"Shouldham Street, Marylebone",51.51809,-0.163609,6802.75
"Devonshire Terrace, Bayswater",51.51348,-0.17977,13775
"Holland Park, Kensington",51.502319,-0.200742,10585
"Brick Lane Market, Shoreditch",51.52261762,-0.071653961,10526.75
"George Street, Marylebone",51.517703,-0.154106,5054.75
"Columbia Road, Shoreditch",51.528187,-0.075375,10350
"Penfold Street, Marylebone",51.52289229,-0.171681991,3411
"George Place Mews, Marylebone",51.51689296,-0.158249929,7598.5
"Palace Gate, Kensington Gardens",51.50204238,-0.184400221,21572.5
"Gloucester Road Station, South Kensington",51.49418566,-0.18267094,13288.25
"Strata, Elephant & Castle",51.493146,-0.099828,11082.5
"Edgware Road Station, Marylebone",51.519968,-0.169774,10791.25
"Rotherhithe Roundabout, Rotherhithe",51.499169,-0.055846029,13077.5
"Cleaver Street, Kennington",51.488105,-0.110121,6349.25
"Chelsea Bridge, Pimlico",51.485821,-0.149004,20371.5
"Southwark Station 1, Southwark",51.504043,-0.105312,8730.25
"Southwark Station 2, Southwark",51.504044,-0.104778,5055.75
"Eaton Square (South), Belgravia",51.49456127,-0.15393398,8249
"Ebury Bridge, Pimlico",51.490491,-0.149186,9005.5
"Harrington Square 2, Camden Town",51.533379,-0.139159,6459
"Vincent Street, Pimlico",51.493072,-0.129925,7284.75
"Cheapside, Bank",51.51397065,-0.09294031,12474.25
"Exhibition Road, Knightsbridge",51.499917,-0.174554,15268
"South Parade, Chelsea",51.48902,-0.17524,5937.5
"Crinan Street, King's Cross",51.534474,-0.122203,5268.25
"Exhibition Road Museums 1, South Kensington",51.496468,-0.17379696,9495.25
"Wren Street, Holborn",51.524564,-0.116279,7293.75
"Kennington Station, Kennington",51.488852,-0.105593,9321
"Red Lion Street, Holborn",51.51824,-0.11655,8052.75
"Vauxhall Walk, Vauxhall",51.488124,-0.120903,7885.25
"Killick Street, King's Cross",51.5338,-0.118677,2621.5
"Kennington Oval, Oval",51.483145,-0.113134,7090.5
"Sail Street, Vauxhall",51.495656,-0.114605,7269.25
"Walmer Road, Avondale",51.510101,-0.211358,3771
"Philpot Street, Whitechapel",51.515256,-0.058641,8354.75
"Bethnal Green Garden, Bethnal Green",51.52568,-0.055312,5233.75
"Cheshire Street, Bethnal Green",51.52388,-0.065076,6418
"York Hall, Bethnal Green",51.528936,-0.055894,8788.5
"Jubilee Crescent, Cubitt Town",51.493381,-0.007542,3630.25
"Fisherman's Walk West, Canary Wharf",51.50623,-0.02296,11636
"Shadwell Station, Shadwell",51.511088,-0.057159,12959.75
"Jubilee Street, Stepney",51.515975,-0.053177,6159
"Hermitage Court, Wapping",51.504719,-0.063531,7495.25
"St. Katharine's Way, Tower",51.505697,-0.070542,12877.5
"Garnet Street, Shadwell",51.508447,-0.055167,9995
"Napier Avenue, Millwall",51.487679,-0.021582,5337.25
"East Ferry Road, Cubitt Town",51.49447,-0.014409,5351.5
"Parkway, Camden Town",51.538071,-0.144664,8276.75
"Castlehaven Road, Camden Town",51.542138,-0.145393,17123.75
"Wapping Lane, Wapping",51.504749,-0.057544,10778.5
"Gunmakers Lane, Old Ford",51.535179,-0.03338,11518.75
"Burdett Road, Mile End",51.516196,-0.029138,10947.5
"Aston Street, Stepney",51.516,-0.038775,6301
"Bonny Street, Camden Town",51.541603,-0.138853,10732.25
"Thurtle Road, Haggerston",51.534776,-0.071881,NA
"St. Mary & St. Michael Church, Stepney",51.51417,-0.052099,2313.5
"Pitfield Street North,Hoxton",51.53558,-0.08249,5846.5
"Whiston Road, Haggerston",51.534464,-0.076341,5338
"Southern Grove, Bow",51.523538,-0.030556,7130.75
"Cantrell Road, Bow",51.521564,-0.022694,3874.5
"Lindfield Street, Poplar",51.513757,-0.020467,8135.25
"Mostyn Grove, Bow",51.530535,-0.025492,6330.75
"Hewison Street, Old Ford",51.533283,-0.028155,8112.5
"Malmesbury Road, Bow",51.529452,-0.027616,1808
"Millharbour, Millwall",51.496137,-0.019355,3744.5
"Gascoyne Road, Victoria Park",51.541515,-0.038557746,7361.75
"Lightermans Road, Millwall",51.499041,-0.020157,8733
"Stebondale Street, Cubitt Town",51.489096,-0.009205,5186.5
"Spindrift Avenue, Millwall",51.49109,-0.018716,5481.25
"Stepney Green Station, Stepney",51.521889,-0.04667,12827.5
"Pott Street, Bethnal Green",51.527152,-0.058005,8796.25
"Flamborough Street, Limehouse",51.5128711,-0.0389866,18951.75
"Saunders Ness Road, Cubitt Town",51.487129,-0.0090011,18250
"Exhibition Road Museums 2, South Kensington",51.495947,-0.17368958,8365.25
"Albert Gardens, Stepney",51.51328,-0.047784,7697.75
"Bromley High Street, Bow",51.528828,-0.013258,8501.25
"Old Ford Road, Bethnal Green",51.531127,-0.048017,9672.75
"Granby Street, Shoreditch",51.525645,-0.069543,11814
"Canton Street, Poplar",51.511811,-0.025626,5463.75
"Reardon Street, Wapping",51.506946,-0.058681,8989.25
"Christian Street, Whitechapel",51.513074,-0.064094,9270.25
"Pennington Street, Wapping",51.508622,-0.065006,4671.25
"Queen Mary's, Mile End",51.522507,-0.041378,8357.5
"Maplin Street, Mile End",51.525501,-0.032267204,9652.75
"South Quay East, Canary Wharf",51.50196,-0.016251,1275
"Bow Church Station, Bow",51.528169,-0.018703,9890
"Devons Road, Bow",51.52512,-0.015578,8781.5
"Merchant Street, Bow",51.526578,-0.027581,5631.75
"Bow Road Station, Bow",51.527058,-0.025296,7794
"Furze Green, Bow",51.519265,-0.021345,9174.75
"Ansell House, Stepney",51.520019,-0.05438,15098.25
"Cephas Street, Bethnal Green",51.522561,-0.054883,10367.75
"Bonner Gate, Victoria Park",51.53341,-0.049591815,21728
"Cleveland Way, Stepney",51.520893,-0.051394,17248.75
"St. John's Park, Cubitt Town",51.496454,-0.009506,3136
"Ackroyd Drive, Bow",51.520398,-0.026768,7044
"Bell Lane, Liverpool Street",51.517475,-0.075855,7665.5
"Clarkson Street, Bethnal Green",51.528692,-0.059091,5547.25
"Fournier Street, Whitechapel",51.519362,-0.074431,14433.75
"Fore Street, Guildhall",51.517842,-0.090075,905.5
"Westferry DLR, Limehouse",51.509303,-0.025996,15695
"Sutton Street, Shadwell",51.511066,-0.053558,17099
"Pritchard's Road, Bethnal Green",51.532091,-0.06142,13396.25
"Watney Market, Stepney",51.5142228,-0.055656,9218
"Portman Square, Marylebone",51.516204,-0.155525,8269.75
"Russell Gardens, Olympia",51.500088,-0.211316,3986
"Chrisp Street Market, Poplar",51.5112,-0.014438,7164
"Ford Road, Old Ford",51.532513,-0.033085,6960.25
"Antill Road, Mile End",51.528224,-0.037471,7885.5
"Teviot Street, Poplar",51.518811,-0.011662,2567.5
"Bancroft Road, Bethnal Green",51.526041,-0.047218,6067
"Driffield Road, Old Ford",51.534137,-0.037366,14615
"Clinton Road, Mile End",51.525941,-0.036017,13551.5
"Langdon Park, Poplar",51.51549,-0.013475,5319.75
"Lancaster Gate , Bayswater",51.511654,-0.179668,7198.5
"Lancaster Drive, Blackwall",51.503143,-0.008428,5621.5
"Hansard Mews, Holland Park",51.503802,-0.215808,6594.5
"Clarges Street, Mayfair",51.507326,-0.145827,1983
"Manresa Road, Chelsea",51.486892,-0.170983,8620.25
"Newby Place, Poplar",51.508896,-0.012413,5643.5
"Twig Folly Bridge, Mile End",51.530326,-0.042744,16178.75
"Jubilee Plaza, Canary Wharf",51.50357,-0.020068,12614.75
"Wellington Row, Bethnal Green",51.528222,-0.069743,6921
"Goldsmith's Row, Haggerston",51.531864,-0.066035,12992.75
"Gloucester Avenue, Camden Town",51.537349,-0.147154,10714.75
"Queensbridge Road, Haggerston",51.53385,-0.06992,10812.25
"Old Montague Street, Whitechapel",51.51793,-0.067937,9489.75
"Naval Row, Blackwall",51.508981,-0.00699,6810.25
"Hoxton Station, Hoxton",51.531091,-0.075901,4200.25
"Albany Street, The Regent's Park",51.528302,-0.144466,12782.5
"Green Park Station, Mayfair",51.506613,-0.142844,32212.25
"Salmon Lane, Limehouse",51.514115,-0.033828,9270.75
"Lansdowne Walk, Ladbroke Grove",51.509591,-0.204666,4263.25
"Percival Street, Finsbury",51.526153,-0.102208,7116.5
"Arlington Road, Camden Town",51.539957,-0.145246,8042
"New Fetter Lane, Holborn",51.517428,-0.107987,4102
"East India DLR, Blackwall",51.509474,-0.002275,10451.25
"Westminster Bridge Road, Elephant & Castle",51.498386,-0.107913,3166.25
"Gaywood  Street, Elephant & Castle",51.49605,-0.104193,10065.5
"Harford Street, Mile End",51.521564,-0.039264,7116.75
"Import Dock, Canary Wharf",51.505772,-0.016460175,6463
"Watney Street, Shadwell",51.511542,-0.056667,9611
"Regent's Row , Haggerston",51.535678,-0.062546,30069.25
"Aberfeldy Street, Poplar",51.513548,-0.005659,3993
"Heron Quays DLR, Canary Wharf",51.502661,-0.021596,2583
"King Edward Street, St Pauls",51.51601,-0.0985,3651.5
"Page Street, Westminster",51.493978,-0.127554,7214.25
"Abbotsbury Road, Holland Park",51.501391,-0.205991,7080.25
"Ladbroke Grove Central, Ladbroke Grove",51.511624,-0.205921,3295.5
"Rectory Square, Stepney",51.518369,-0.043371,7376.25
"Bury Place, Holborn",51.51746,-0.12335,5231.25
"Preston's Road, Cubitt Town",51.499286,-0.009152,4782.75
"Somerset House, Strand",51.509943,-0.117619,25145.5
"Selby Street, Whitechapel",51.521905,-0.063386,5218.25
"Westfield Ariel Way, White City",51.509158,-0.224103,10790.5
"Bishop's Bridge Road West, Bayswater",51.51616,-0.18697,12887.75
"Pitfield Street Central, Hoxton",51.53213,-0.08299,4161.75
"Upper Bank Street, Canary Wharf",51.503083,-0.017676,8729
"Westfield Southern Terrace ,Shepherd's Bush",51.506256,-0.218337,5281.5
"Greenland Road, Camden Town",51.539099,-0.141728,17216.5
"Limerston Street, West Chelsea",51.485587,-0.18119,16207.5
"Eagle Wharf Road, Hoxton",51.53356,-0.09315,15470.75
"Alpha Grove, Millwall",51.497304,-0.022793,6805.25
"Globe Town Market, Bethnal Green",51.528869,-0.047548,12196
"Hollybush Gardens, Bethnal Green",51.527607,-0.057133,5470.25
"Queen Street 2, Bank",51.511246,-0.093051,21657.75
"Doddington Grove, Kennington",51.48692917,-0.102996299,12373
"New Cavendish Street, Marylebone",51.519167,-0.147983,11925.25
"Ilchester Gardens, Bayswater",51.51244,-0.19096,8573.5
"Mudchute DLR, Cubitt Town",51.490645,-0.014582,5253.25
"Monument Street, Monument",51.50964,-0.08497,22152
"Hoxton Street, Hoxton",51.52959,-0.0801,6609.25
"Drayton Gardens, West Chelsea",51.487196,-0.179369,14591.75
"Greenberry Street, St.John's Wood",51.53256,-0.16862,3113.75
"Bishop's Bridge Road East, Bayswater",51.5171,-0.18377,6155.75
"Northdown Street, King's Cross",51.531066,-0.11934,4381.5
"Kingsway Southbound, Strand",51.513875,-0.117774,4583.25
"Hammersmith Road, Hammersmith",51.493267,-0.21985,13850.75
"Parson's Green , Parson's Green",51.472817,-0.199783,15518.25
"Fulham Park Road, Fulham",51.473471,-0.20782,12025.25
"Southerton Road, Hammersmith",51.494499,-0.228188,9230.5
"Manbre Road, Hammersmith",51.485743,-0.223616,6349.75
"South Lambeth Road, Vauxhall",51.481747,-0.124642,17396.75
"BBC White City, White City",51.514767,-0.225787,8665
"Union Grove, Wandsworth Road",51.472993,-0.133972,11265.25
"Caldwell Street, Stockwell",51.477839,-0.116493,13417.5
"St Martins Close, Camden Town",51.538792,-0.138535,5901
"Seymour Place, Marylebone",51.520331,-0.163667,9060
"Addison Road, Holland Park",51.504199,-0.210941,7045.5
"Putney Bridge Station, Fulham",51.468814,-0.210279,14630
"Colet Gardens, Hammersmith",51.491093,-0.216493,1944.5
"Sugden Road, Clapham",51.46512358,-0.157788279,10895.75
"Danvers Street, West Chelsea",51.48256792,-0.172078187,19989.25
"Princedale Road , Holland Park",51.50646524,-0.208486599,8961
"Wandsworth Rd, Isley Court, Wandsworth Road",51.46925984,-0.141812513,11657.5
"Woodstock Grove, Shepherd's Bush",51.50403821,-0.217400093,14130
"London Fields, Hackney Central",51.54119,-0.058826101,NA
"Finlay Street, Fulham",51.4768851,-0.215895601,9024.25
"Aintree Street, Fulham",51.48102131,-0.209973497,12524.75
"Elysium Place, Fulham",51.47107905,-0.207842908,6310
"Eel Brook Common, Walham Green",51.47625965,-0.193254007,16669.75
"Irene Road, Parsons Green",51.4737636,-0.197010096,8405.75
"Surrey Lane, Battersea",51.47518024,-0.167160736,8884.75
"Wandsworth Town Station, Wandsworth",51.46086446,-0.187427294,12767.5
"Lansdowne Road, Ladbroke Grove",51.50748124,-0.205535908,9893.5
"Nantes Close, Wandsworth",51.46193072,-0.180791784,4201.5
"Courland Grove, Wandsworth Road",51.4729184,-0.132102704,8749.5
"Queen's Circus, Battersea Park",51.47761941,-0.149551631,34883.25
"Normand Park, West Kensington",51.48438657,-0.20481514,17707
"Holden Street, Battersea",51.4687905,-0.158230901,4578.75
"William Morris Way, Sands End",51.46881971,-0.184318843,11957.75
"Morie Street, Wandsworth",51.45995384,-0.190184054,4674
"Clarence Walk, Stockwell",51.47073264,-0.126994068,8525.5
"Battersea Park Road, Nine Elms",51.4795017,-0.141770709,13773.25
"Sheepcote Lane, Battersea",51.47053858,-0.163041605,8930.75
"Vereker Road, West Kensington",51.48959104,-0.209378594,15485
"Brook Green South, Brook Green",51.49434708,-0.215804559,8937.25
"Greyhound Road, Hammersmith",51.48606206,-0.214428378,9628
"South Park, Sands End",51.46706414,-0.193502076,7464
"Spencer Park, Wandsworth Common",51.45787019,-0.174691623,9757.5
"Falcon Road, Clapham Junction",51.46663393,-0.169821175,14183.5
"Coomer Place, West Kensington",51.48357068,-0.202038682,12984.75
"Silverthorne Road, Battersea",51.47286577,-0.148059277,11431.25
"Archbishop's Park, Waterloo",51.49824168,-0.117495865,9273.25
"Fawcett Close, Battersea",51.46916161,-0.174485792,5452.75
"All Saints' Road, Portobello",51.5190427,-0.204764421,7990.5
"Rainville Road, Hammersmith",51.48373225,-0.223852256,11553.75
"Great Suffolk Street, The Borough",51.50173215,-0.100292412,6268.5
"Buckingham Gate, Westminster",51.49886563,-0.137424571,17914.5
"Richmond Way, Shepherd's Bush",51.50035306,-0.217515071,12005.5
"Peterborough Road, Sands End",51.46904022,-0.19627483,6903
"World's End Place, West Chelsea",51.48180515,-0.18027465,11230.5
"St. Mark's Road, North Kensington",51.51687069,-0.213872396,9970
"Thorndike Close, West Chelsea",51.48089844,-0.183853573,9548.25
"Evesham Street, Avondale",51.51148696,-0.218190203,4134.5
"Simpson Street, Clapham Junction",51.47084722,-0.17070367,15508.75
"Ashmole Estate, Oval",51.48267821,-0.117661574,17559
"Crabtree Lane, Fulham",51.48294452,-0.219346128,7088.25
"Broomhouse Lane, Parsons Green",51.46841875,-0.199135704,5823.5
"Blythe Road West, Shepherd's Bush",51.4996806,-0.221791552,7919
"Ethelburga Estate, Battersea Park",51.47729232,-0.16478637,32217.75
"Blackfriars Station, St. Paul's",51.511934,-0.10307894,16729.25
"West Kensington Station, West Kensington",51.49087074,-0.206029743,11200
"All Saints Church, Portobello",51.51632095,-0.202608612,20304.5
"Phene Street, Chelsea",51.48498496,-0.167919869,15773
"Clarendon Road, Avondale",51.51323001,-0.211593602,5597.75
"Austin Road, Battersea Park",51.474376,-0.155442787,13876
"Smugglers Way, Wandsworth",51.46108367,-0.191722864,9892.75
"Shepherd's Bush Road North, Shepherd's Bush",51.5015946,-0.222293381,12478.75
"Ravenscourt Park Station, Hammersmith",51.49422354,-0.236769936,19535.5
"Teversham Lane, Stockwell",51.47614939,-0.1232585,9234.75
"Ashley Crescent, Battersea",51.46718562,-0.152248582,8902
"Parsons Green Station, Parsons Green",51.475089,-0.201968,12061.75
"Hibbert Street, Battersea",51.46517078,-0.18038939,13293.5
"Carnegie Street, King's Cross",51.53546778,-0.11619105,7783
"Usk Road, Clapham Junction",51.46348914,-0.182126248,11590.25
"Hartington Road, Stockwell",51.47787084,-0.126874471,13922.75
"Heath Road, Battersea",51.46866929,-0.146544642,6043
"Esmond Street, Putney",51.46231278,-0.211468596,4045.25
"Orbel Street, Battersea",51.47453545,-0.170210533,8516
"Westbridge Road, Battersea",51.47768469,-0.170329317,21944
"Bishop's Avenue, Fulham",51.47303687,-0.214749808,17920
"Crisp Road, Hammersmith",51.48810829,-0.22660621,16214.5
"Dorothy Road, Clapham Junction",51.46506424,-0.163750945,10520.5
"Neville Gill Close, Wandsworth",51.45475251,-0.195197203,13404.75
"Osiers Road, Wandsworth",51.46067005,-0.198735357,9727.75
"Beryl Road, Hammersmith",51.48814438,-0.222456468,9169.75
"Northfields, Wandsworth",51.46095151,-0.20066766,9663.5
"Spanish Road, Clapham Junction",51.45922541,-0.180884959,6555.5
"Stanley Grove, Battersea",51.47047503,-0.152130083,9980.75
"Erin Close, Walham Green",51.47946386,-0.195777222,18008.25
"Cadogan Close, Victoria Park",51.54211855,-0.028941601,15913.25
"Felsham Road, Putney",51.464786,-0.215618902,10955.25
"Putney Rail Station, Putney",51.46071722,-0.216526155,7356.75
"Islington Green, Angel",51.53638435,-0.102757578,32350.5
"Charing Cross Hospital, Hammersmith",51.48728535,-0.217995921,9936.25
"Charlotte Terrace, Angel",51.53639219,-0.112721065,6542.25
"Shoreditch Court, Haggerston",51.53908372,-0.070329419,9939.25
"Belford House, Haggerston",51.5366541,-0.07023031,5641
"Battersea Church Road, Battersea",51.47696496,-0.174347066,12824
"Vicarage Crescent, Battersea",51.47287627,-0.176267008,18079.5
"Durant Street, Bethnal Green",51.52868155,-0.065550321,11657.5
"St. Bride Street, Holborn",51.51505991,-0.10534448,7637
"Mexfield Road, East Putney",51.45682071,-0.202802098,5306.25
"Upper Richmond Road, Putney",51.45971528,-0.212145939,6504.5
"Snowsfields, London Bridge",51.50215353,-0.083632928,19093
"Barons Court Station, West Kensington",51.49021762,-0.215087092,8261.25
"Disraeli Road, Putney",51.46161068,-0.21614583,11867.75
"Montserrat Road , Putney",51.46321128,-0.215550761,8218
"Albert Bridge Road, Battersea Park",51.47439218,-0.163347594,29663.5
"Everington Street, Fulham",51.48335692,-0.216305546,9791.25
"Mile End Stadium, Mile End",51.51854104,-0.034903714,14678.25
"Hawley Crescent, Camden Town",51.54100708,-0.14326094,6871.25
"Stewart's Road, Wandsworth Road",51.47311696,-0.137235175,3794.25
"Aylward Street, Stepney",51.51563007,-0.049067243,5821.75
"Stainsby Road , Poplar",51.51542791,-0.02356501,9442.25
"Dunston Road , Haggerston",51.53658514,-0.075885686,20080.75
"Ada Street, Hackney Central",51.53571683,-0.060291813,12024
"Victoria Park Road, Hackney Central",51.53642464,-0.054162264,15716.75
"Star Road, West Kensington",51.48724429,-0.205279052,14205.25
"Wendon Street, Old Ford",51.53603947,-0.026262677,8452.25
"Finnis Street, Bethnal Green",51.52458353,-0.058631453,7698.75
"Stephendale Road, Sands End",51.46822047,-0.190346493,12307.25
"Alma Road, Wandsworth",51.45799126,-0.184806157,6645
"Walworth Square, Walworth",51.491327,-0.096518684,20247.5
"Alfreda Street, Battersea Park",51.47505096,-0.150908371,14475.5
"Chesilton Road, Fulham",51.47569809,-0.20587627,13912
"Putney Bridge Road, East Putney",51.46199911,-0.206240805,9484.25
"St. Peter's Terrace, Fulham",51.47893931,-0.208485293,13342.75
"Bridge Avenue, Hammersmith",51.49208492,-0.229116862,15636.75
"Duke Street Hill, London Bridge",51.50630441,-0.087262995,39464.5
"Park Lane, Mayfair",51.50542628,-0.150817316,6075.75
"Plough Terrace, Clapham Junction",51.46230566,-0.175407201,9247.25
"Grant Road East, Clapham Junction",51.46489445,-0.17302926,8798.5
"Queensdale Road, Shepherd's Bush",51.50659035,-0.216104479,6507.75
"Fulham Broadway, Walham Green",51.47993289,-0.19411695,18860.25
"Imperial Road, Sands End",51.47514228,-0.187278987,8849.75
"Sirdar Road, Avondale",51.51092871,-0.214594781,2514
"Freston Road, Avondale",51.5129814,-0.219486603,4635.75
"Blenheim Crescent, Ladbroke Grove",51.51510818,-0.208565479,11775.75
"Oxford Road, Putney",51.46079243,-0.212607684,5375.25
"Ingrave Street, Clapham Junction",51.46745485,-0.172293499,4964
"Upcerne Road, West Chelsea",51.47816972,-0.18243547,8155.25
"Lots Road, West Chelsea",51.4795738,-0.17903854,13743.25
"Ormonde Gate, Chelsea",51.48796408,-0.161765173,14056
"Hertford Road, De Beauvoir Town",51.53727795,-0.079201849,13606.5
"Haggerston Road, Haggerston",51.53932857,-0.074284675,21467.75
"Culvert Road, Battersea",51.4710956,-0.157850096,6934.25
"Newton Street, Covent Garden",51.51612862,-0.120909408,6887.5
"Grenfell Road, Avondale",51.5129006,-0.214762686,2714.25
"The Vale, Chelsea",51.48512191,-0.174971902,16100.5
"Prince of Wales Drive, Battersea Park",51.47515398,-0.159169801,20095.75
"Harcourt Terrace, West Brompton",51.48795853,-0.187404506,15441.75
"Westbourne Park Road, Portobello",51.51787005,-0.201005397,9546
"Broadley Terrace, Marylebone",51.52456169,-0.165668686,4183.5
"Humbolt Road, Fulham",51.48321729,-0.211860644,10826
"Storey's Gate, Westminster",51.50070305,-0.129698963,36867.75
"Mile End Park Leisure Centre, Mile End",51.52059714,-0.032566533,13078
"St. John's Road, Clapham Junction",51.46239255,-0.16829214,17392.75
"Ranelagh Gardens, Fulham",51.46760141,-0.20682737,7721.5
"Ram Street, Wandsworth",51.45752945,-0.192165613,14023.75
"Santos Road, Wandsworth",51.45705988,-0.200806304,3008.25
"Clapham Common North Side, Clapham Common",51.46134382,-0.159322467,22389.75
"Sandilands Road, Walham Green",51.473611,-0.191803,17502.25
"Gwendwr Road, West Kensington",51.491026,-0.209121,10437.75
"Rifle Place, Avondale",51.509224,-0.216016,6708
"Binfield Road, Stockwell",51.47250956,-0.122831913,14653.75
"Tallis Street, Temple",51.511891,-0.107349,5905.25
"Hurlingham Park, Parsons Green",51.470131,-0.20464,10705.25
"Little Brook Green, Brook Green",51.496664,-0.223868,7758.25
"Abyssinia Close, Clapham Junction",51.460333,-0.167029,13190.5
"Limburg Road, Clapham Junction",51.4619230679,-0.165297856693,6722
"Houndsditch, Aldgate",51.514449,-0.077178979,6692.75
"Imperial Wharf Station, Sands End",51.474665,-0.18316517,14799.5
"Victoria & Albert Museum, South Kensington",51.495898,-0.173009,3554
"Halford Road, West Kensington",51.483911,-0.19760944,20971
"Monier Road, Hackney Wick",51.5403115,-0.021630359,10165.5
"East Village, Queen Elizabeth Olympic Park",51.546326,-0.00993526,10746.25
"Aquatic Centre, Queen Elizabeth Olympic Park",51.54094,-0.010510565,17370.25
"Lee Valley VeloPark, Queen Elizabeth Olympic Park",51.549369,-0.015717614,8041
"Timber Lodge, Queen Elizabeth Olympic Park",51.546805,-0.01469126,14962.75
"Podium, Queen Elizabeth Olympic Park",51.538718,-0.011889482,14698.25
"Stratford Station, Stratford",51.541793,-0.00481,12628
"Blackfriars Road, Southwark",51.505461,-0.10454093,12096.75
"Cromer Street, Bloomsbury",51.528279,-0.11955857,8899
"Victoria Rise, Clapham Common",51.461376,-0.14780467,17540.25
"Euston Square Gardens, Euston",51.527068,-0.13186102,2502.75
"Coram Street, Bloomsbury",51.524,-0.12640984,5730
"Ossulston Street, Somers Town",51.5293,-0.12827903,6309.75
"Birkenhead Street, King's Cross",51.5301998755,-0.122299440803,14318.25
"Kings Gate House, Westminster",51.4976984561,-0.137598896295,5234.25
"Sopwith Way, Battersea Park",51.4811219398,-0.149035374873,34199.75
"Lavington Street, Bankside",51.5052241745,-0.0980318118664,9225.5
"Albert Square, Stockwell",51.4765900593,-0.118256789081,14580.75
"Southwark Street, Bankside",51.5054099403,-0.0983410884509,10085.75
"Good's Way, King's Cross",51.5346677396,-0.125078652873,18465.75
"The Metropolitan, Portobello",51.520509,-0.20080483,14326.25
"Handyside Street, King's Cross",51.5372405623,-0.124807385707,9818
"Bevington Road West, North Kensington",51.5212,-0.208888173,17682.75
"Gauden Road, Clapham",51.464995,-0.13090885,23384
"Lincoln's Inn Fields, Holborn",51.5162778834,-0.118272991635,4342
"Tate Modern, Bankside",51.5067252868,-0.0988072461627,13059
"Westferry Circus, Canary Wharf",51.5057030357,-0.0277727426235,18100
"Here East North, Queen Elizabeth Olympic Park",51.5487311915,-0.0226065549321,9542
"New Spring Gardens Walk, Vauxhall",51.4878074485,-0.122759625866,5788.5
"Clapham Road, Lingham Street, Stockwell",51.4714330677,-0.123670735702,8787
"Lambeth Palace Road, Waterloo",51.5000891978,-0.116628700672,24991.25
"Here East South, Queen Elizabeth Olympic Park",51.5465327935,-0.0205975904647,6617.25
"Riverlight South, Nine Elms",51.4813354746,-0.138212295869,14563.75
"Westminster Pier, Westminster",51.501513,-0.12382322,50263.75
"Belvedere Road 2, South Bank",51.50621,-0.114842,15403.25
"Victory Place, Walworth",51.492807,-0.091938,13265.75
"Battersea Power Station, Battersea Park",51.4835074867,-0.147714557371,33079.5
"Allington Street, Victoria",51.496863,-0.1429434,19749
"Cranmer Road, Stockwell",51.479601,-0.11147178,21176.75
"Normandy Road, Stockwell",51.473874,-0.11258096,14628
"Wynne Road, Stockwell",51.469217,-0.11268674,7348
"Sidney Road, Stockwell",51.469202,-0.11902256,12646.5
"St John's Crescent, Brixton",51.466232,-0.11317995,14112.75
"Ferndale Road, Brixton",51.464019,-0.11578197,19639.25
"Saltoun Road, Brixton",51.460232,-0.11537509,19866.25
"Gas Holders, Battersea Park",51.477966,-0.14785703,21144.5
"Farringdon Street, Holborn",51.516785,-0.10494775,5791.75
"York Way, Kings Cross",51.541596,-0.12544145,9697.25
"Fore Street Avenue, Guildhall",51.518093,-0.0914017,6203.5
"Sea Containers, South Bank",51.508033,-0.10682363,18848.25
"George Row, Bermondsey",51.498585,-0.068981764,18997.5
"Tower Wharf, Bermondsey",51.500845,-0.074704305,16643.5
"Temple Gardens, Temple",51.510981,-0.10832249,30609
"Canada Water Station, Rotherhithe",51.498439,-0.049150215,17953.5
"Bermondsey Station, Bermondsey",51.497995,-0.063471392,11865.5
