"name","lat","long","k"
"River Street , Clerkenwell",51.52916347,-0.109970527,1364.5
"Phillimore Gardens, Kensington",51.49960695,-0.197574246,8962.25
"Christopher Street, Liverpool Street",51.52128377,-0.084605692,1583.25
"St. Chad's Street, King's Cross",51.53005939,-0.120973687,1769.5
"Sedding Street, Sloane Square",51.49313,-0.156876,6634.75
"Broadcasting House, Marylebone",51.51811784,-0.144228881,3231.5
"Charlbert Street, St. John's Wood",51.53430039,-0.1680743,2075.25
"Maida Vale, Maida Vale",51.529857,-0.18348604,4471
"New Globe Walk, Bankside",51.5073853,-0.096440751,3175.75
"Park Street, Bankside",51.50597426,-0.092754157,3237
"Brunswick Square, Bloomsbury",51.52395143,-0.122502346,2264.75
"Malet Street, Bloomsbury",51.52168078,-0.130431727,3163.5
"Scala Street, Fitzrovia",51.51991453,-0.136039674,968
"Belgrove Street , King's Cross",51.52994371,-0.123616824,6950.75
"Great Russell Street, Bloomsbury",51.51772703,-0.127854211,3717.25
"Cartwright Gardens , Bloomsbury",51.52635795,-0.125979294,2323.25
"Hatton Wall, Holborn",51.5216612,-0.109006325,3393.25
"Drury Lane, Covent Garden",51.51477076,-0.12221963,5115
"Taviton Street, Bloomsbury",51.52505093,-0.131161087,1744
"Drummond Street , Euston",51.527326,-0.13605286,663.25
"Northington Street , Holborn",51.5222641,-0.114079481,2014.5
"Red Lion Square, Holborn",51.51943538,-0.119123345,1720.25
"British Museum, Bloomsbury",51.51908011,-0.124678402,3938.75
"Doric Way , Somers Town",51.5288338,-0.132250369,3392
"Ampton Street , Clerkenwell",51.52728093,-0.11829517,1624.25
"Bouverie Street, Temple",51.51382102,-0.107927706,1963.25
"Bolsover Street, Fitzrovia",51.52351808,-0.143613641,3755.25
"Hereford Road, Bayswater",51.513735,-0.193487,1087.5
"Windsor Terrace, Hoxton",51.52915444,-0.093421615,2535.75
"Fanshaw Street, Hoxton",51.52953709,-0.083353323,4766.5
"Leonard Circus , Shoreditch",51.52469624,-0.084439283,5819.25
"Central House, Aldgate",51.515231,-0.07015,8491.5
"Pancras Road, King's Cross",51.5341235,-0.129386874,1391.25
"De Vere Gardens, Kensington",51.50173726,-0.184980612,5819.25
"Penywern Road, Earl's Court",51.49159394,-0.192369256,8662.5
"Abingdon Villas, Kensington",51.4973875,-0.197245586,3812
"Shoreditch High Street, Shoreditch",51.5263778,-0.078130921,9460
"Commercial Street, Shoreditch",51.52127071,-0.0755789,5091.5
"Pindar Street, Liverpool Street",51.520955,-0.083493552,954.75
"Wenlock Road , Hoxton",51.53099181,-0.093903825,3660.75
"Crawford Street, Marylebone",51.52026,-0.157183945,4132.25
"Bruton Street, Mayfair",51.51073687,-0.144165239,3184
"Boston Place, Marylebone",51.522511,-0.162298,3001.75
"Nesham Street, Wapping",51.507131,-0.06691,6009.25
"Warwick Avenue Station, Maida Vale",51.52334476,-0.183846408,5602.75
"Godliman Street, St. Paul's",51.51248445,-0.099141408,5616.75
"Curzon Street, Mayfair",51.50706909,-0.145904427,3311.5
"East Road, Hoxton",51.52867339,-0.087459376,1797.75
"Finsbury Library , Finsbury",51.52671796,-0.104298194,1411.5
"Roscoe Street, St. Luke's",51.52295439,-0.094934859,2042.25
"Grafton Street, Mayfair",51.5099923,-0.143495266,1816.75
"Golden Lane, Barbican",51.52174785,-0.094475072,2150.25
"Finsbury Circus, Liverpool Street",51.51707521,-0.086685542,2782.5
"Paddington Street, Marylebone",51.52058381,-0.154701411,2866.5
"Guilford Street , Bloomsbury",51.52334672,-0.120202614,3257.25
"New Inn Yard, Shoreditch",51.52452699,-0.079248081,4011.5
"Lisson Grove, St. John's Wood",51.52644828,-0.172190727,2463.25
"Great Dover Street, The Borough",51.49738251,-0.089446947,2887.25
"Cotton Garden Estate, Kennington",51.4907579,-0.106323685,2756.25
"Murray Grove , Hoxton",51.53089041,-0.089782579,2997.25
"William IV Street, Strand",51.50946212,-0.124749274,6588.75
"Holborn Circus, Holborn",51.51795029,-0.108657431,3802.25
"Hatton Garden, Holborn",51.51882555,-0.108028472,1257
"Theobald's Road , Holborn",51.52059681,-0.116688468,2306.5
"Euston Road, Euston",51.5262363,-0.134407652,2890
"Calshot Street , King's Cross",51.53136059,-0.117069978,555.75
"Newgate Street , St. Paul's",51.5154186,-0.098850915,4609.5
"Farringdon Lane, Clerkenwell",51.52352001,-0.108340165,2803.75
"Old Street Station, St. Luke's",51.52548,-0.089659871,7502.75
"Vauxhall Cross, Vauxhall",51.48591714,-0.124469948,11753
"Torrens Street, Angel",51.53219984,-0.105480698,4269.25
"Longford Street, The Regent's Park",51.52559505,-0.144083893,2442.25
"Russell Square Station, Bloomsbury",51.52341837,-0.124121774,3472.75
"Sadlers Sports Centre, Finsbury",51.52486887,-0.099489485,2962.5
"Arundel Street, Temple",51.511726,-0.11385596,1772.5
"Webber Street , Southwark",51.50069361,-0.102091246,3738
"Great Titchfield Street, Fitzrovia",51.52025302,-0.141327271,1628.5
"Chancery Lane, Holborn",51.514274,-0.111257,1880
"Panton Street, West End",51.50963938,-0.131510949,9470.25
"Breams Buildings, Holborn",51.51593725,-0.111778348,847.5
"Tanner Street, Bermondsey",51.50064702,-0.078600401,7000.5
"Sancroft Street, Vauxhall",51.48947903,-0.115156562,2973
"Devonshire Square, Liverpool Street",51.51646835,-0.079684557,3547
"Bayley Street , Bloomsbury",51.51858757,-0.132053392,5674.5
"Tavistock Place, Bloomsbury",51.5262503,-0.123509611,3224.5
"Harrington Square 1, Camden Town",51.53301907,-0.139174593,831.25
"Walnut Tree Walk, Vauxhall",51.49368637,-0.111014912,3627.5
"Borough Road, Elephant & Castle",51.49889832,-0.100440521,3381.25
"Cloudesley Road, Angel",51.53440868,-0.109025404,3074.75
"Bricklayers Arms, Borough",51.49506109,-0.085814489,7304.75
"Aldersgate Street, Barbican",51.5208417,-0.097340162,4530
"Falkirk Street, Hoxton",51.53095071,-0.078505384,4485.75
"Gloucester Road (North), Kensington",51.49792478,-0.183834706,4477.75
"Hampstead Road, Euston",51.52554222,-0.138231303,4663
"Old Quebec Street, Marylebone",51.51457763,-0.158264483,9417.5
"Albert Embankment, Vauxhall",51.49043573,-0.122806861,5079.25
"Queen Street 1, Bank",51.51155322,-0.0929401,3584.5
"Jewry Street, Aldgate",51.51340693,-0.076793375,4200.75
"Vicarage Gate, Kensington",51.50472376,-0.192538767,3494
"Crosswall, Tower",51.51159481,-0.077121322,6489.75
"Westbourne Grove, Bayswater",51.51552971,-0.190240716,6150
"Woodstock Street, Mayfair",51.51410514,-0.147301667,1655.25
"Finsbury Leisure Centre, St. Luke's",51.52600832,-0.096317627,5258.75
"Abbey Orchard Street, Westminster",51.49812559,-0.132102166,3872.75
"Soho Square , Soho",51.51563144,-0.132328837,10658.25
"Wellington Road, St. John's Wood",51.53304322,-0.172528678,3941
"Park Lane , Hyde Park",51.5100172,-0.157275636,9489.75
"Stonecutter Street, Holborn",51.51580998,-0.105270275,NA
"Gloucester Road (Central), South Kensington",51.49646288,-0.183289032,5957
"Park Road (Baker Street), The Regent's Park",51.52451738,-0.158963647,7640.5
"Braham Street, Aldgate",51.51423368,-0.073537654,5969.25
"Little Argyll Street, West End",51.51449962,-0.141423695,9969.75
"Lollard Street, Vauxhall",51.49288067,-0.114934001,4444
"Rochester Row, Westminster",51.49582705,-0.13547809,2953
"Bath Street, St. Luke's",51.52589324,-0.090847761,4868.25
"The Guildhall, Guildhall",51.51573534,-0.093080779,682.25
"Baker Street, Marylebone",51.51891348,-0.156166631,2373.75
"Norton Folgate, Liverpool Street",51.52111369,-0.078869751,4789
"St. John Street, Finsbury",51.52836014,-0.104724625,2181.25
"Eaton Square, Belgravia",51.49654462,-0.150905245,2064.75
"Borough High Street, The Borough",51.50069491,-0.094524319,6632.25
"Museum of London, Barbican",51.51782144,-0.096496865,4455
"Wood Street, Guildhall",51.51700801,-0.09388536,809.75
"Emperor's Gate, South Kensington",51.49536226,-0.185296516,5984
"Golden Square, Soho",51.5118973,-0.137043852,5874
"Tower Gardens , Tower",51.50950627,-0.075459482,13786.25
"Eversholt Street , Camden Town",51.53300545,-0.136792671,2691.75
"Bethnal Green Road, Shoreditch",51.52364804,-0.074754872,13543.75
"Derry Street, Kensington",51.50136494,-0.191462381,13263.75
"Wapping High Street, Wapping",51.504904,-0.06797,3099
"Clerkenwell Green, Clerkenwell",51.52326004,-0.104708922,3886
"Queen Victoria Street, St. Paul's",51.51196176,-0.097441687,3712.5
"Green Street, Mayfair",51.51227622,-0.157436972,7636.75
"Lambeth Road, Vauxhall",51.49488108,-0.117974901,4760.75
"Finsbury Square , Moorgate",51.52096262,-0.085634242,3193.75
"Chapel Place, Marylebone",51.51530805,-0.147203711,4230.5
"West Cromwell Road, Earl's Court",51.49372451,-0.198286569,4114.25
"Pont Street, Knightsbridge",51.4968865,-0.161203828,5415.75
"Kennington Cross, Kennington",51.48894022,-0.111435796,8926.25
"Ilchester Place, Kensington",51.50074359,-0.202759212,3612.5
"Vauxhall Bridge , Pimlico",51.48836528,-0.129361842,4889.25
"Tachbrook Street, Victoria",51.49211134,-0.138364847,3999
"Kennington Road Post Office, Oval",51.48478899,-0.110683213,5925.5
"Holy Trinity Brompton, Knightsbridge",51.49705603,-0.168917077,6719
"Chepstow Villas, Notting Hill",51.51213691,-0.201554966,932.25
"Hampton Street, Walworth",51.49217002,-0.101536865,5949.25
"Bayswater Road, Hyde Park",51.511933,-0.174411,13909.25
"Waterloo Station 3, Waterloo",51.50379168,-0.11282408,4797.25
"Lexham Gardens, Kensington",51.49586666,-0.191933711,6006.5
"New Kent Road, The Borough",51.49443626,-0.092921165,5185.5
"Wright's Lane, Kensington",51.50039792,-0.193068385,9087.5
"Trebovir Road, Earl's Court",51.49085368,-0.196170309,6287.25
"Waterloo Place, St. James's",51.50663341,-0.131773845,10545.25
"Guildhouse Street, Victoria",51.49234577,-0.141334487,2905
"Southampton Place, Holborn",51.51760685,-0.121328408,3728.75
"Sloane Avenue, Knightsbridge",51.4931848,-0.167894973,9203.75
"Cleveland Gardens, Bayswater",51.515607,-0.183118788,4045.5
"Orsett Terrace, Bayswater",51.517932,-0.183716959,1144.75
"Seville Street, Knightsbridge",51.50185512,-0.159237081,6086.75
"Eccleston Place, Victoria",51.49395092,-0.147624377,8003.5
"Argyll Road, Kensington",51.50040123,-0.195455928,4977
"Porchester Place, Paddington",51.51474612,-0.165164288,7615.75
"Hardwick Street, Clerkenwell",51.52784273,-0.108068155,1731
"Collingham Gardens, Earl's Court",51.4916156,-0.186753859,3632.5
"Sumner Place, South Kensington",51.49121192,-0.173715911,4059.5
"Waterloo Road, South Bank",51.50486,-0.113001,5646.5
"Worship Street, Shoreditch",51.521668,-0.079608554,2215.25
"Gloucester Terrace, Bayswater",51.51791921,-0.188098863,8365.5
"Ashley Place, Victoria",51.49616092,-0.140947636,4866.5
"Warwick Square, Pimlico",51.48985626,-0.141923621,7228.75
"North Audley Street, Mayfair",51.5129118,-0.153645496,6036.75
"Belgrave Square, Belgravia",51.49941247,-0.152317537,1609.25
"Bell Street , Marylebone",51.52202903,-0.165842551,3742.75
"Riverlight North, Nine Elms",51.482362,-0.13612398,8578.25
"Portland Place, Marylebone",51.52071513,-0.14521173,2901
"Alderney Street, Pimlico",51.48805753,-0.140741432,7313
"South Wharf Road, Paddington",51.51733558,-0.175810943,8530.5
"Queen's Gate (South), South Kensington",51.49247977,-0.178433004,6456
"Nutford Place, Marylebone",51.5165179,-0.164393768,3092.5
"Claremont Square, Angel",51.53166681,-0.109914711,2444
"Rampayne Street, Pimlico",51.48997562,-0.132845681,7482.75
"Hyde Park Corner, Hyde Park",51.50311799,-0.153520935,20989.75
"Wardour Street, Soho",51.51251523,-0.133201961,10334.5
"Bankside Mix, Bankside",51.50581776,-0.100186337,7497.75
"Hop Exchange, The Borough",51.50462759,-0.091773776,21080
"Milroy Walk, South Bank",51.50724437,-0.106237501,6264.75
"Union Street, The Borough",51.50368837,-0.098497684,4107.5
"Stamford Street, South Bank",51.50556905,-0.111606696,4213.5
"Great Tower Street, Monument",51.51048489,-0.082989638,11568
"LMU Commercial Road, Whitechapel",51.51492456,-0.066078037,1851.75
"Dorset Square, Marylebone",51.5225965,-0.161113413,6558.75
"Leman Street, Aldgate",51.51236389,-0.06954201,11605.25
"West Smithfield Rotunda, Farringdon",51.51821864,-0.100791005,864.75
"Margery Street, Clerkenwell",51.52659961,-0.112432615,4177.25
"New Road 1 , Whitechapel",51.518154,-0.062697,9671.5
"Grosvenor Crescent, Belgravia",51.50135267,-0.153194766,2434.25
"Mallory Street, Marylebone",51.52505151,-0.166304359,2613.25
"Denyer Street, Knightsbridge",51.49358391,-0.165101392,3440.75
"Hinde Street, Marylebone",51.51681444,-0.151926305,NA
"Cadogan Place, Knightsbridge",51.49464523,-0.158105512,3846.25
"Wellington Arch, Hyde Park",51.50274025,-0.149569201,18424.25
"Endsleigh Gardens, Euston",51.52683806,-0.130504336,4271
"Moorfields, Moorgate",51.51906932,-0.088285377,2005
"Old Brompton Road, South Kensington",51.49094565,-0.181190899,6664.25
"Wormwood Street, Liverpool Street",51.51615461,-0.082422399,11365.5
"St. Luke's Church, Chelsea",51.48971651,-0.170194408,6091.75
"Bramham Gardens, Earl's Court",51.49016361,-0.19039362,8505.75
"Chelsea Green, Chelsea",51.49066456,-0.166485083,4690
"Horseferry Road, Westminster",51.49481649,-0.13045856,5823.25
"Knightsbridge, Hyde Park",51.50275704,-0.155349725,7930
"Rodney Road , Walworth",51.49148474,-0.090220911,6993.75
"Queensway, Kensington Gardens",51.51031,-0.18740235,NA
"Notting Hill Gate Station, Notting Hill",51.50935342,-0.196422,3747.25
"Charles II Street, West End",51.50844614,-0.131961389,9959
"Great Percy Street, Clerkenwell",51.52891573,-0.115480888,4522
"St. James's Square, St. James's",51.50742485,-0.134621209,9556
"Whitehall Place, Strand",51.50654321,-0.123179697,15024.5
"Poured Lines, Bankside",51.50669284,-0.103137426,5553.5
"Queen's Gate (Central), South Kensington",51.49396755,-0.17873226,4380.75
"Carey Street, Holborn",51.51501025,-0.112753217,732
"Pall Mall East, West End",51.50777049,-0.130699733,NA
"Liverpool Road (N1 Centre), Angel",51.53450449,-0.106992706,9321.5
"Kennington Road  , Vauxhall",51.49571828,-0.110889274,5377.5
"Fashion Street, Whitechapel",51.51838043,-0.073438925,2886.75
"Dock Street, Wapping",51.5097860151,-0.0681619805156,4156
"Frampton Street, Paddington",51.5233534,-0.175116099,3947.5
"Warren Street Station, Euston",51.52443845,-0.138019439,5819
"Colombo Street, Southwark",51.50545935,-0.10569204,1104.5
"Beaumont Street, Marylebone",51.52200801,-0.151359288,4422.5
"Gloucester Street, Pimlico",51.49096258,-0.139625122,8168.5
"Earnshaw Street , Covent Garden",51.51611887,-0.128585022,9969.5
"Grosvenor Road, Pimlico",51.4853572,-0.142207481,7189.25
"Berry Street, Clerkenwell",51.52285301,-0.099994052,6419.25
"St. John's Wood Church, The Regent's Park",51.530529,-0.167515,4580.25
"Triangle Car Park, Hyde Park",51.50645179,-0.170279555,18165.5
"Harper Road, The Borough",51.49859784,-0.096191134,7378.75
"Royal Avenue 1, Chelsea",51.489932,-0.162727,4266.25
"Brushfield Street, Liverpool Street",51.518908,-0.079249,16395.25
"Jubilee Gardens, South Bank",51.5046364,-0.116542278,9021.5
"Shoreditch Park, Hoxton",51.53404294,-0.086379717,7161
"Chadwell Street, Angel",51.53051587,-0.106408455,5013.75
"Clifton Road, Maida Vale",51.52557531,-0.179592915,7044.75
"Houghton Street, Strand",51.51362054,-0.116764211,267.25
"Westminster University, Marylebone",51.52248185,-0.154907218,5591.25
"Kensington Gore, Knightsbridge",51.50143293,-0.178656971,3824.5
"Bourne Street, Belgravia",51.490959,-0.1532331,7559
"Broadwick Street, Soho",51.5136846,-0.135580879,7351
"Princes Square, Bayswater",51.5134891,-0.191351186,8427.75
"LSBU (Borough Road), Elephant & Castle",51.49874469,-0.103132904,4057
"St. Mary Axe, Aldgate",51.51422502,-0.080660083,3355.5
"Tysoe Street, Clerkenwell",51.52644342,-0.109256828,6220.25
"Southwick Street, Paddington",51.51595344,-0.169249375,5171.5
"Queen's Gate (North), Kensington",51.50102668,-0.180246101,5931
"Regency Street, Westminster",51.49206037,-0.132224622,5515.75
"Belgrave Road, Victoria",51.49320445,-0.144132875,6207
"Empire Square, The Borough",51.50082346,-0.089740764,3964
"Kennington Lane Rail Bridge, Vauxhall",51.4863434,-0.122492418,13400
"London Zoo,  The Regent's Park",51.53583617,-0.156285395,5291.25
"Baylis Road, Waterloo",51.50144456,-0.110699309,12248
"Belvedere Road 1, South Bank",51.50613324,-0.114686385,7346
"Warwick Road, Olympia",51.49671237,-0.20528437,8445.25
"Barbican Centre, Barbican",51.52004497,-0.092176447,4436.5
"Lower Thames Street, Monument",51.50930161,-0.084985356,5708.5
"Kensington Church Street, Kensington",51.50315739,-0.191496313,7378.5
"Tooley Street, Bermondsey",51.5034938,-0.07962099,18086.5
"North Wharf Road, Paddington",51.51862243,-0.176645823,3936.75
"Royal Avenue 2, Chelsea",51.490083,-0.162418,11082.5
"Smith Square, Westminster",51.49580589,-0.127575233,3397
"Royal London Hospital, Whitechapel",51.518675,-0.06111,10923
"Kingsway, Covent Garden",51.51440928,-0.118478757,1821
"Lambeth North Station, Waterloo",51.49914063,-0.112031483,5439.75
"St. John's Wood Road, St. John's Wood",51.5272947,-0.174653609,4329.75
"Bedford Way, Bloomsbury",51.52367314,-0.128377673,2474.75
"Elizabeth Bridge, Victoria",51.49236962,-0.147478734,11981.5
"South Audley Street, Mayfair",51.50923022,-0.151296092,1223.75
"St Mary's Hospital, Paddington",51.518268,-0.17110323,NA
"Claverton Street, Pimlico",51.48483991,-0.138089062,NA
"Montpelier Street, Knightsbridge",51.49888404,-0.165471605,8794.75
"Kensington Olympia Station, Olympia",51.49815779,-0.209494128,3498.25
"St. George's Square, Pimlico",51.488226,-0.135635511,8076.5
"Swan Street, The Borough",51.50029631,-0.092762704,6069.75
"Knaresborough Place, Earl's Court",51.49363156,-0.190603326,6143.5
"Geraldine Street, Elephant & Castle",51.49612799,-0.106000855,2650.75
"Curlew Street, Shad Thames",51.50227992,-0.074189225,11174.5
"Vincent Square, Westminster",51.49398524,-0.136928582,2827.75
"Serpentine Car Park, Hyde Park",51.505014,-0.17306032,22612.75
"Marylebone Lane, Marylebone",51.51475963,-0.148105415,10411.25
"Putney Pier, Wandsworth",51.466907,-0.216573,9290
"Albert Gate, Hyde Park",51.50295379,-0.158456089,17818.5
"Rathbone Street, Fitzrovia",51.51816295,-0.135025698,4200
"Black Lion Gate, Kensington Gardens",51.50990837,-0.187842717,26437.5
"Long Lane , Bermondsey",51.49907558,-0.085666316,5863
"Embankment (Savoy), Strand",51.50963123,-0.119047563,9094.5
"Black Prince Road, Vauxhall",51.4908679,-0.116911864,6324.75
"Foley Street, Fitzrovia",51.51918144,-0.140485596,5210.5
"Grove End Road, St. John's Wood",51.53088935,-0.176770502,5257.75
"Wells Street, Fitzrovia",51.51734403,-0.138072691,4613
"Tyers Gate, Bermondsey",51.50088934,-0.083159352,3528
"The Tennis Courts, The Regent's Park",51.52536703,-0.153463612,8140.5
"Warwick Row, Westminster",51.497998,-0.14296064,NA
"Dickens Square, Borough",51.49679128,-0.093913472,3598.75
"Sackville Street, Mayfair",51.51004801,-0.138846453,9696.5
"Baldwin Street, St. Luke's",51.52702563,-0.088542771,6970.75
"Queen Mother Sports Centre, Victoria",51.49357351,-0.139956043,8454.5
"Bermondsey Street, Bermondsey",51.49785559,-0.081608045,11880.25
"Palissy Street, Shoreditch",51.526293,-0.073955,5947.25
"Clifton Street, Shoreditch",51.523196,-0.083067,2800.75
"Ontario Street, Elephant & Castle",51.49652013,-0.101384068,6929.5
"St. Martin's Street, West End",51.50908747,-0.129697889,7073.75
"Graham Street, Angel",51.53266186,-0.099981142,9707.75
"New North Road 1, Hoxton",51.53095,-0.085603,2161.75
"New North Road 2, Hoxton",51.53114,-0.086016,3299.25
"Prince Albert Road, The Regent's Park",51.53589283,-0.160854428,7546.75
"Eastbourne Mews, Paddington",51.51641749,-0.179135079,6144
"Bunhill Row, Moorgate",51.52085887,-0.089887855,5384.5
"Nevern Place, Earl's Court",51.49334336,-0.194757949,6828.25
"Palace Gardens Terrace, Notting Hill",51.50860544,-0.193764092,16203.25
"Concert Hall Approach 1, South Bank",51.505044,-0.115851,6964.75
"Tavistock Street, Covent Garden",51.51196803,-0.120718759,13178.75
"Concert Hall Approach 2, South Bank",51.504942,-0.115533,5504.25
"Pembridge Villas, Notting Hill",51.51108452,-0.197524944,3733.75
"Wellington Street , Strand",51.51175646,-0.119643424,12817.75
"Risinghill Street, Angel",51.5333196,-0.1117812,3735.25
"Bank of England Museum, Bank",51.51444134,-0.087587447,6048
"Craven Street, Strand",51.50810309,-0.12602103,18362
"London Zoo Car Park, The Regent's Park",51.53692216,-0.150181444,5039.5
"Goswell Road (City Uni), Finsbury",51.528246,-0.10102611,2167.5
"Flood Street, Chelsea",51.48802358,-0.166878535,13945
"Lower Marsh, Waterloo",51.50013942,-0.113936001,6194.75
"Grosvenor Square, Mayfair",51.51217033,-0.150481272,5538.5
"St. George Street, Mayfair",51.51196,-0.142783033,5301
"Queen's Gate, Kensington Gardens",51.5017154373867,-0.1798541843891,13904.25
"Macclesfield Rd, St Lukes",51.529423,-0.097122,6799.5
"Vauxhall Street, Vauxhall",51.486965,-0.116625,4510.25
"Greycoat Street , Westminster",51.49459148,-0.134234258,1793.75
"Northumberland Avenue, Strand",51.506767,-0.123702,12131
"Clapham Common Station, Clapham Common",51.461388,-0.13922146,NA
"South Kensington Station, South Kensington",51.494412,-0.173881,16684.25
"Howland Street, Fitzrovia",51.520994,-0.139016,3986.25
"High Holborn , Covent Garden",51.516226,-0.124826,8102.25
"Butler Place, Westminster",51.49782999,-0.135440826,4480.75
"Howick Place, Westminster",51.49675303,-0.138733562,6517.25
"Waterloo Station 2, Waterloo",51.50391973,-0.11342629,6595.25
"Royal College Street, Camden Town",51.536264,-0.133952,3893
"Lord's, St. John's Wood",51.5291212008901,-0.171185284853,2243.75
"Store Street, Bloomsbury",51.519572,-0.13214036,NA
"City Road, Angel",51.530344,-0.100168,6814.75
"Millennium Hotel, Mayfair",51.5109192966489,-0.1511263847351,1714
"Harrowby Street, Marylebone",51.5173721,-0.1642075,6834
"Harriet Street, Knightsbridge",51.50024195,-0.15934065,12649.25
"Paddington Green, Paddington",51.520205,-0.174593,2224.25
"King Edward Walk, Waterloo",51.49775,-0.10988,1817
"Sardinia Street, Holborn",51.515208,-0.117863,3312.75
"Prince Consort Road, Knightsbridge",51.49980661,-0.176415994,4554.5
"Waterloo Station 1, Waterloo",51.50402794,-0.11386436,12361.25
"Kensington Town Hall, Kensington",51.50194596,-0.194392952,3488.5
"Millbank Tower, Pimlico",51.49188409,-0.125674815,7131.75
"Waterloo Bridge, South Bank",51.50535447,-0.113656543,5892.25
"Natural History Museum, South Kensington",51.49559291,-0.179077626,7726.25
"Turquoise Island, Notting Hill",51.51431171,-0.200838199,3579.5
"Stanhope Gate, Mayfair",51.50686435,-0.150666888,2663
"Charlotte Street, Fitzrovia",51.51953043,-0.13577731,5457
"Farm Street, Mayfair",51.50935171,-0.14744969,1605.75
"Frith Street, Soho",51.51310333,-0.13121385,11097.25
"Marloes Road, Kensington",51.496481,-0.192404,4501.5
"Moor Street, Soho",51.51352755,-0.130110822,19355.25
"Fire Brigade Pier, Vauxhall",51.49369988,-0.121394101,9149.25
"Southampton Street, Strand",51.51070161,-0.121723604,12377.5
"Upper Grosvenor Street, Mayfair",51.51013066,-0.155757901,3557.25
"Buxton Street 1, Shoreditch",51.521776,-0.068856,4476
"Clifford Street, Mayfair",51.51066202,-0.142345694,NA
"Imperial College, Knightsbridge",51.49942855,-0.179702476,7683.5
"Snow Hill, Farringdon",51.51733427,-0.103604248,4855.75
"Aberdeen Place, St. John's Wood",51.524826,-0.176268,4490
"Cadogan Gardens, Chelsea",51.492462,-0.159919,12597.5
"Shouldham Street, Marylebone",51.51809,-0.163609,6118.5
"Devonshire Terrace, Bayswater",51.51348,-0.17977,10556.5
"Holland Park, Kensington",51.502319,-0.200742,7570
"Brick Lane Market, Shoreditch",51.52261762,-0.071653961,12541
"George Street, Marylebone",51.517703,-0.154106,6880
"Columbia Road, Shoreditch",51.528187,-0.075375,8755.75
"Penfold Street, Marylebone",51.52289229,-0.171681991,2671
"George Place Mews, Marylebone",51.51689296,-0.158249929,5062.25
"Palace Gate, Kensington Gardens",51.50204238,-0.184400221,20300.5
"Gloucester Road Station, South Kensington",51.49418566,-0.18267094,13379.5
"Strata, Elephant & Castle",51.493146,-0.099828,10839
"Edgware Road Station, Marylebone",51.519968,-0.169774,6771.5
"Rotherhithe Roundabout, Rotherhithe",51.499169,-0.055846029,NA
"Cleaver Street, Kennington",51.488105,-0.110121,3699.5
"Chelsea Bridge, Pimlico",51.485821,-0.149004,9087.25
"Southwark Station 1, Southwark",51.504043,-0.105312,4364.25
"Southwark Station 2, Southwark",51.504044,-0.104778,6394.25
"Eaton Square (South), Belgravia",51.49456127,-0.15393398,5648.5
"Ebury Bridge, Pimlico",51.490491,-0.149186,8966.75
"Harrington Square 2, Camden Town",51.533379,-0.139159,5143.75
"Vincent Street, Pimlico",51.493072,-0.129925,5493.5
"Cheapside, Bank",51.51397065,-0.09294031,9974
"Exhibition Road, Knightsbridge",51.499917,-0.174554,15997.5
"South Parade, Chelsea",51.48902,-0.17524,5664.75
"Crinan Street, King's Cross",51.534474,-0.122203,4859.75
"Exhibition Road Museums 1, South Kensington",51.496468,-0.17379696,NA
"Wren Street, Holborn",51.524564,-0.116279,3241.5
"Kennington Station, Kennington",51.488852,-0.105593,8090.25
"Red Lion Street, Holborn",51.51824,-0.11655,8959
"Vauxhall Walk, Vauxhall",51.488124,-0.120903,7390.25
"Killick Street, King's Cross",51.5338,-0.118677,2269
"Kennington Oval, Oval",51.483145,-0.113134,7347.25
"Sail Street, Vauxhall",51.495656,-0.114605,5623.75
"Walmer Road, Avondale",51.510101,-0.211358,NA
"Philpot Street, Whitechapel",51.515256,-0.058641,7648.5
"Bethnal Green Garden, Bethnal Green",51.52568,-0.055312,10242.25
"Cheshire Street, Bethnal Green",51.52388,-0.065076,5823.5
"York Hall, Bethnal Green",51.528936,-0.055894,10983.25
"Jubilee Crescent, Cubitt Town",51.493381,-0.007542,3765.5
"Fisherman's Walk West, Canary Wharf",51.50623,-0.02296,6815.5
"Shadwell Station, Shadwell",51.511088,-0.057159,10460
"Jubilee Street, Stepney",51.515975,-0.053177,5648.5
"Hermitage Court, Wapping",51.504719,-0.063531,4504.75
"St. Katharine's Way, Tower",51.505697,-0.070542,9341.25
"Garnet Street, Shadwell",51.508447,-0.055167,6876.75
"Napier Avenue, Millwall",51.487679,-0.021582,5425.75
"East Ferry Road, Cubitt Town",51.49447,-0.014409,3073.75
"Parkway, Camden Town",51.538071,-0.144664,2264.75
"Castlehaven Road, Camden Town",51.542138,-0.145393,16235.75
"Wapping Lane, Wapping",51.504749,-0.057544,7107
"Gunmakers Lane, Old Ford",51.535179,-0.03338,14047.5
"Burdett Road, Mile End",51.516196,-0.029138,8543.25
"Aston Street, Stepney",51.516,-0.038775,4338.5
"Bonny Street, Camden Town",51.541603,-0.138853,9047.5
"Thurtle Road, Haggerston",51.534776,-0.071881,NA
"St. Mary & St. Michael Church, Stepney",51.51417,-0.052099,2348.75
"Pitfield Street North,Hoxton",51.53558,-0.08249,9416
"Whiston Road, Haggerston",51.534464,-0.076341,7391.75
"Southern Grove, Bow",51.523538,-0.030556,5288.25
"Cantrell Road, Bow",51.521564,-0.022694,2654.5
"Lindfield Street, Poplar",51.513757,-0.020467,3803.5
"Mostyn Grove, Bow",51.530535,-0.025492,7314.5
"Hewison Street, Old Ford",51.533283,-0.028155,7854.75
"Malmesbury Road, Bow",51.529452,-0.027616,2556
"Millharbour, Millwall",51.496137,-0.019355,3091.25
"Gascoyne Road, Victoria Park",51.541515,-0.038557746,NA
"Lightermans Road, Millwall",51.499041,-0.020157,5922.5
"Stebondale Street, Cubitt Town",51.489096,-0.009205,3364.5
"Spindrift Avenue, Millwall",51.49109,-0.018716,4109
"Stepney Green Station, Stepney",51.521889,-0.04667,12834
"Pott Street, Bethnal Green",51.527152,-0.058005,13883.25
"Flamborough Street, Limehouse",51.5128711,-0.0389866,15696.75
"Saunders Ness Road, Cubitt Town",51.487129,-0.0090011,9835.75
"Exhibition Road Museums 2, South Kensington",51.495947,-0.17368958,NA
"Albert Gardens, Stepney",51.51328,-0.047784,8797
"Bromley High Street, Bow",51.528828,-0.013258,5223.75
"Old Ford Road, Bethnal Green",51.531127,-0.048017,10216
"Granby Street, Shoreditch",51.525645,-0.069543,14373.5
"Canton Street, Poplar",51.511811,-0.025626,4622.5
"Reardon Street, Wapping",51.506946,-0.058681,7532.25
"Christian Street, Whitechapel",51.513074,-0.064094,9908.5
"Pennington Street, Wapping",51.508622,-0.065006,3454.25
"Queen Mary's, Mile End",51.522507,-0.041378,6144
"Maplin Street, Mile End",51.525501,-0.032267204,NA
"South Quay East, Canary Wharf",51.50196,-0.016251,1482.25
"Bow Church Station, Bow",51.528169,-0.018703,10520.5
"Devons Road, Bow",51.52512,-0.015578,8936.75
"Merchant Street, Bow",51.526578,-0.027581,6127
"Bow Road Station, Bow",51.527058,-0.025296,6712
"Furze Green, Bow",51.519265,-0.021345,10641.5
"Ansell House, Stepney",51.520019,-0.05438,13022
"Cephas Street, Bethnal Green",51.522561,-0.054883,8105.75
"Bonner Gate, Victoria Park",51.53341,-0.049591815,18078.5
"Cleveland Way, Stepney",51.520893,-0.051394,15050.25
"St. John's Park, Cubitt Town",51.496454,-0.009506,3054.25
"Ackroyd Drive, Bow",51.520398,-0.026768,6859.25
"Bell Lane, Liverpool Street",51.517475,-0.075855,7615.5
"Clarkson Street, Bethnal Green",51.528692,-0.059091,6324.25
"Fournier Street, Whitechapel",51.519362,-0.074431,13058.25
"Fore Street, Guildhall",51.517842,-0.090075,496.5
"Westferry DLR, Limehouse",51.509303,-0.025996,11538
"Sutton Street, Shadwell",51.511066,-0.053558,10666.25
"Pritchard's Road, Bethnal Green",51.532091,-0.06142,14065.75
"Watney Market, Stepney",51.5142228,-0.055656,7386.5
"Portman Square, Marylebone",51.516204,-0.155525,9900.25
"Russell Gardens, Olympia",51.500088,-0.211316,6688.25
"Chrisp Street Market, Poplar",51.5112,-0.014438,7525.25
"Ford Road, Old Ford",51.532513,-0.033085,8040
"Antill Road, Mile End",51.528224,-0.037471,9948.25
"Teviot Street, Poplar",51.518811,-0.011662,4021.75
"Bancroft Road, Bethnal Green",51.526041,-0.047218,7023
"Driffield Road, Old Ford",51.534137,-0.037366,16996.5
"Clinton Road, Mile End",51.525941,-0.036017,9256.75
"Langdon Park, Poplar",51.51549,-0.013475,4778.25
"Lancaster Gate , Bayswater",51.511654,-0.179668,9860.75
"Lancaster Drive, Blackwall",51.503143,-0.008428,4544
"Hansard Mews, Holland Park",51.503802,-0.215808,9227
"Clarges Street, Mayfair",51.507326,-0.145827,2602.25
"Manresa Road, Chelsea",51.486892,-0.170983,10575
"Newby Place, Poplar",51.508896,-0.012413,1971.5
"Twig Folly Bridge, Mile End",51.530326,-0.042744,13751
"Jubilee Plaza, Canary Wharf",51.50357,-0.020068,6773.5
"Wellington Row, Bethnal Green",51.528222,-0.069743,11691.25
"Goldsmith's Row, Haggerston",51.531864,-0.066035,14112.75
"Gloucester Avenue, Camden Town",51.537349,-0.147154,7203.75
"Queensbridge Road, Haggerston",51.53385,-0.06992,7231
"Old Montague Street, Whitechapel",51.51793,-0.067937,9013.25
"Naval Row, Blackwall",51.508981,-0.00699,3931.75
"Hoxton Station, Hoxton",51.531091,-0.075901,NA
"Albany Street, The Regent's Park",51.528302,-0.144466,7225.25
"Green Park Station, Mayfair",51.506613,-0.142844,22866.5
"Salmon Lane, Limehouse",51.514115,-0.033828,9395.25
"Lansdowne Walk, Ladbroke Grove",51.509591,-0.204666,900
"Percival Street, Finsbury",51.526153,-0.102208,6666
"Arlington Road, Camden Town",51.539957,-0.145246,9235
"New Fetter Lane, Holborn",51.517428,-0.107987,6479.75
"East India DLR, Blackwall",51.509474,-0.002275,8225
"Westminster Bridge Road, Elephant & Castle",51.498386,-0.107913,2120
"Gaywood  Street, Elephant & Castle",51.49605,-0.104193,8648.25
"Harford Street, Mile End",51.521564,-0.039264,5636.75
"Import Dock, Canary Wharf",51.505772,-0.016460175,4820.25
"Watney Street, Shadwell",51.511542,-0.056667,10687.25
"Regent's Row , Haggerston",51.535678,-0.062546,25690
"Aberfeldy Street, Poplar",51.513548,-0.005659,3334.5
"Heron Quays DLR, Canary Wharf",51.502661,-0.021596,5645
"King Edward Street, St Pauls",51.51601,-0.0985,5152.75
"Page Street, Westminster",51.493978,-0.127554,8580.25
"Abbotsbury Road, Holland Park",51.501391,-0.205991,6214.5
"Ladbroke Grove Central, Ladbroke Grove",51.511624,-0.205921,633.75
"Rectory Square, Stepney",51.518369,-0.043371,4086.75
"Bury Place, Holborn",51.51746,-0.12335,6123.5
"Preston's Road, Cubitt Town",51.499286,-0.009152,3127.5
"Somerset House, Strand",51.509943,-0.117619,17943.75
"Selby Street, Whitechapel",51.521905,-0.063386,5831.5
"Westfield Ariel Way, White City",51.509158,-0.224103,11159
"Bishop's Bridge Road West, Bayswater",51.51616,-0.18697,17020.75
"Pitfield Street Central, Hoxton",51.53213,-0.08299,7905.5
"Upper Bank Street, Canary Wharf",51.503083,-0.017676,7157.5
"Westfield Southern Terrace ,Shepherd's Bush",51.506256,-0.218337,7376.75
"Greenland Road, Camden Town",51.539099,-0.141728,17715.75
"Limerston Street, West Chelsea",51.485587,-0.18119,20906.5
"Eagle Wharf Road, Hoxton",51.53356,-0.09315,13047.75
"Alpha Grove, Millwall",51.497304,-0.022793,3941.75
"Globe Town Market, Bethnal Green",51.528869,-0.047548,11797.5
"Hollybush Gardens, Bethnal Green",51.527607,-0.057133,5764.75
"Queen Street 2, Bank",51.511246,-0.093051,19405.5
"Doddington Grove, Kennington",51.48692917,-0.102996299,11810.75
"New Cavendish Street, Marylebone",51.519167,-0.147983,6491.5
"Ilchester Gardens, Bayswater",51.51244,-0.19096,17683.5
"Mudchute DLR, Cubitt Town",51.490645,-0.014582,4481
"Monument Street, Monument",51.50964,-0.08497,16929.25
"Hoxton Street, Hoxton",51.52959,-0.0801,5419
"Drayton Gardens, West Chelsea",51.487196,-0.179369,15149
"Greenberry Street, St.John's Wood",51.53256,-0.16862,3752.75
"Bishop's Bridge Road East, Bayswater",51.5171,-0.18377,7776.5
"Northdown Street, King's Cross",51.531066,-0.11934,5283.25
"Kingsway Southbound, Strand",51.513875,-0.117774,7677
"Hammersmith Road, Hammersmith",51.493267,-0.21985,14741.25
"Parson's Green , Parson's Green",51.472817,-0.199783,17307.25
"Fulham Park Road, Fulham",51.473471,-0.20782,10914.25
"Southerton Road, Hammersmith",51.494499,-0.228188,9884
"Manbre Road, Hammersmith",51.485743,-0.223616,5357.5
"South Lambeth Road, Vauxhall",51.481747,-0.124642,15961.75
"BBC White City, White City",51.514767,-0.225787,9130.25
"Union Grove, Wandsworth Road",51.472993,-0.133972,12330.25
"Caldwell Street, Stockwell",51.477839,-0.116493,3821.5
"St Martins Close, Camden Town",51.538792,-0.138535,4096.75
"Seymour Place, Marylebone",51.520331,-0.163667,6409
"Addison Road, Holland Park",51.504199,-0.210941,6118.25
"Putney Bridge Station, Fulham",51.468814,-0.210279,13952
"Colet Gardens, Hammersmith",51.491093,-0.216493,1951.75
"Sugden Road, Clapham",51.46512358,-0.157788279,6077.5
"Danvers Street, West Chelsea",51.48256792,-0.172078187,10788.5
"Princedale Road , Holland Park",51.50646524,-0.208486599,11599.25
"Wandsworth Rd, Isley Court, Wandsworth Road",51.46925984,-0.141812513,9884
"Woodstock Grove, Shepherd's Bush",51.50403821,-0.217400093,13986.75
"London Fields, Hackney Central",51.54119,-0.058826101,NA
"Finlay Street, Fulham",51.4768851,-0.215895601,15630.25
"Aintree Street, Fulham",51.48102131,-0.209973497,12519.25
"Elysium Place, Fulham",51.47107905,-0.207842908,4530.5
"Eel Brook Common, Walham Green",51.47625965,-0.193254007,7902
"Irene Road, Parsons Green",51.4737636,-0.197010096,8613.5
"Surrey Lane, Battersea",51.47518024,-0.167160736,8542
"Wandsworth Town Station, Wandsworth",51.46086446,-0.187427294,17638.5
"Lansdowne Road, Ladbroke Grove",51.50748124,-0.205535908,20986.5
"Nantes Close, Wandsworth",51.46193072,-0.180791784,6386.25
"Courland Grove, Wandsworth Road",51.4729184,-0.132102704,7280.25
"Queen's Circus, Battersea Park",51.47761941,-0.149551631,22929.75
"Normand Park, West Kensington",51.48438657,-0.20481514,14739.25
"Holden Street, Battersea",51.4687905,-0.158230901,4469.75
"William Morris Way, Sands End",51.46881971,-0.184318843,13112
"Morie Street, Wandsworth",51.45995384,-0.190184054,2390.25
"Clarence Walk, Stockwell",51.47073264,-0.126994068,10144.75
"Battersea Park Road, Nine Elms",51.4795017,-0.141770709,10832.25
"Sheepcote Lane, Battersea",51.47053858,-0.163041605,7862.75
"Vereker Road, West Kensington",51.48959104,-0.209378594,12560.25
"Brook Green South, Brook Green",51.49434708,-0.215804559,7128.75
"Greyhound Road, Hammersmith",51.48606206,-0.214428378,10614.5
"South Park, Sands End",51.46706414,-0.193502076,4915.75
"Spencer Park, Wandsworth Common",51.45787019,-0.174691623,3789.25
"Falcon Road, Clapham Junction",51.46663393,-0.169821175,13460.25
"Coomer Place, West Kensington",51.48357068,-0.202038682,13438.5
"Silverthorne Road, Battersea",51.47286577,-0.148059277,7259.25
"Archbishop's Park, Waterloo",51.49824168,-0.117495865,8814.25
"Fawcett Close, Battersea",51.46916161,-0.174485792,5195
"All Saints' Road, Portobello",51.5190427,-0.204764421,NA
"Rainville Road, Hammersmith",51.48373225,-0.223852256,13651.25
"Great Suffolk Street, The Borough",51.50173215,-0.100292412,8290.75
"Buckingham Gate, Westminster",51.49886563,-0.137424571,15872
"Richmond Way, Shepherd's Bush",51.50035306,-0.217515071,10146.25
"Peterborough Road, Sands End",51.46904022,-0.19627483,6360
"World's End Place, West Chelsea",51.48180515,-0.18027465,9958
"St. Mark's Road, North Kensington",51.51687069,-0.213872396,3247.75
"Thorndike Close, West Chelsea",51.48089844,-0.183853573,6981.75
"Evesham Street, Avondale",51.51148696,-0.218190203,5419.75
"Simpson Street, Clapham Junction",51.47084722,-0.17070367,11904
"Ashmole Estate, Oval",51.48267821,-0.117661574,9540
"Crabtree Lane, Fulham",51.48294452,-0.219346128,11578.25
"Broomhouse Lane, Parsons Green",51.46841875,-0.199135704,6316.25
"Blythe Road West, Shepherd's Bush",51.4996806,-0.221791552,NA
"Ethelburga Estate, Battersea Park",51.47729232,-0.16478637,22753
"Blackfriars Station, St. Paul's",51.511934,-0.10307894,NA
"West Kensington Station, West Kensington",51.49087074,-0.206029743,12222
"All Saints Church, Portobello",51.51632095,-0.202608612,6072
"Phene Street, Chelsea",51.48498496,-0.167919869,10557.25
"Clarendon Road, Avondale",51.51323001,-0.211593602,17923.5
"Austin Road, Battersea Park",51.474376,-0.155442787,11930
"Smugglers Way, Wandsworth",51.46108367,-0.191722864,10673.5
"Shepherd's Bush Road North, Shepherd's Bush",51.5015946,-0.222293381,11465.5
"Ravenscourt Park Station, Hammersmith",51.49422354,-0.236769936,11865
"Teversham Lane, Stockwell",51.47614939,-0.1232585,6227.25
"Ashley Crescent, Battersea",51.46718562,-0.152248582,8558
"Parsons Green Station, Parsons Green",51.475089,-0.201968,12634.75
"Hibbert Street, Battersea",51.46517078,-0.18038939,11052.25
"Carnegie Street, King's Cross",51.53546778,-0.11619105,6796.25
"Usk Road, Clapham Junction",51.46348914,-0.182126248,10707.25
"Hartington Road, Stockwell",51.47787084,-0.126874471,12157.75
"Heath Road, Battersea",51.46866929,-0.146544642,7560.75
"Esmond Street, Putney",51.46231278,-0.211468596,2402.25
"Orbel Street, Battersea",51.47453545,-0.170210533,5012.75
"Westbridge Road, Battersea",51.47768469,-0.170329317,17000.75
"Bishop's Avenue, Fulham",51.47303687,-0.214749808,13988.75
"Crisp Road, Hammersmith",51.48810829,-0.22660621,17042.25
"Dorothy Road, Clapham Junction",51.46506424,-0.163750945,10182
"Neville Gill Close, Wandsworth",51.45475251,-0.195197203,10863.5
"Osiers Road, Wandsworth",51.46067005,-0.198735357,8312.75
"Beryl Road, Hammersmith",51.48814438,-0.222456468,8917.25
"Northfields, Wandsworth",51.46095151,-0.20066766,6719.75
"Spanish Road, Clapham Junction",51.45922541,-0.180884959,4317.5
"Stanley Grove, Battersea",51.47047503,-0.152130083,5712.25
"Erin Close, Walham Green",51.47946386,-0.195777222,16498
"Cadogan Close, Victoria Park",51.54211855,-0.028941601,17774.25
"Felsham Road, Putney",51.464786,-0.215618902,10672.75
"Putney Rail Station, Putney",51.46071722,-0.216526155,9099.75
"Islington Green, Angel",51.53638435,-0.102757578,24263.25
"Charing Cross Hospital, Hammersmith",51.48728535,-0.217995921,6568
"Charlotte Terrace, Angel",51.53639219,-0.112721065,4237.75
"Shoreditch Court, Haggerston",51.53908372,-0.070329419,13543
"Belford House, Haggerston",51.5366541,-0.07023031,11430.75
"Battersea Church Road, Battersea",51.47696496,-0.174347066,12440.25
"Vicarage Crescent, Battersea",51.47287627,-0.176267008,13806.75
"Durant Street, Bethnal Green",51.52868155,-0.065550321,12425.5
"St. Bride Street, Holborn",51.51505991,-0.10534448,9160.5
"Mexfield Road, East Putney",51.45682071,-0.202802098,5639.5
"Upper Richmond Road, Putney",51.45971528,-0.212145939,4901.25
"Snowsfields, London Bridge",51.50215353,-0.083632928,12195.25
"Barons Court Station, West Kensington",51.49021762,-0.215087092,11442.25
"Disraeli Road, Putney",51.46161068,-0.21614583,7156.25
"Montserrat Road , Putney",51.46321128,-0.215550761,10478.25
"Albert Bridge Road, Battersea Park",51.47439218,-0.163347594,20008.5
"Everington Street, Fulham",51.48335692,-0.216305546,6148.25
"Mile End Stadium, Mile End",51.51854104,-0.034903714,9032.5
"Hawley Crescent, Camden Town",51.54100708,-0.14326094,6777.75
"Stewart's Road, Wandsworth Road",51.47311696,-0.137235175,6116
"Aylward Street, Stepney",51.51563007,-0.049067243,6334
"Stainsby Road , Poplar",51.51542791,-0.02356501,8969.75
"Dunston Road , Haggerston",51.53658514,-0.075885686,22541.5
"Ada Street, Hackney Central",51.53571683,-0.060291813,25676.25
"Victoria Park Road, Hackney Central",51.53642464,-0.054162264,18656.5
"Star Road, West Kensington",51.48724429,-0.205279052,12727.75
"Wendon Street, Old Ford",51.53603947,-0.026262677,10757
"Finnis Street, Bethnal Green",51.52458353,-0.058631453,8692
"Stephendale Road, Sands End",51.46822047,-0.190346493,14961.25
"Alma Road, Wandsworth",51.45799126,-0.184806157,6082.75
"Walworth Square, Walworth",51.491327,-0.096518684,10583
"Alfreda Street, Battersea Park",51.47505096,-0.150908371,11937.25
"Chesilton Road, Fulham",51.47569809,-0.20587627,12682.5
"Putney Bridge Road, East Putney",51.46199911,-0.206240805,6629.25
"St. Peter's Terrace, Fulham",51.47893931,-0.208485293,14097.5
"Bridge Avenue, Hammersmith",51.49208492,-0.229116862,12733.75
"Duke Street Hill, London Bridge",51.50630441,-0.087262995,18833.5
"Park Lane, Mayfair",51.50542628,-0.150817316,7908.25
"Plough Terrace, Clapham Junction",51.46230566,-0.175407201,7230
"Grant Road East, Clapham Junction",51.46489445,-0.17302926,10386.5
"Queensdale Road, Shepherd's Bush",51.50659035,-0.216104479,6043.5
"Fulham Broadway, Walham Green",51.47993289,-0.19411695,26467
"Imperial Road, Sands End",51.47514228,-0.187278987,7222.25
"Sirdar Road, Avondale",51.51092871,-0.214594781,4964.75
"Freston Road, Avondale",51.5129814,-0.219486603,5674
"Blenheim Crescent, Ladbroke Grove",51.51510818,-0.208565479,3598.25
"Oxford Road, Putney",51.46079243,-0.212607684,7137
"Ingrave Street, Clapham Junction",51.46745485,-0.172293499,2544
"Upcerne Road, West Chelsea",51.47816972,-0.18243547,4258.75
"Lots Road, West Chelsea",51.4795738,-0.17903854,9438
"Ormonde Gate, Chelsea",51.48796408,-0.161765173,8878.25
"Hertford Road, De Beauvoir Town",51.53727795,-0.079201849,8578.25
"Haggerston Road, Haggerston",51.53932857,-0.074284675,15758.75
"Culvert Road, Battersea",51.4710956,-0.157850096,3121.5
"Newton Street, Covent Garden",51.51612862,-0.120909408,3388
"Grenfell Road, Avondale",51.5129006,-0.214762686,6671.5
"The Vale, Chelsea",51.48512191,-0.174971902,17159.75
"Prince of Wales Drive, Battersea Park",51.47515398,-0.159169801,14907.5
"Harcourt Terrace, West Brompton",51.48795853,-0.187404506,10427.5
"Westbourne Park Road, Portobello",51.51787005,-0.201005397,1953.25
"Broadley Terrace, Marylebone",51.52456169,-0.165668686,2192
"Humbolt Road, Fulham",51.48321729,-0.211860644,11430.5
"Storey's Gate, Westminster",51.50070305,-0.129698963,34234.5
"Mile End Park Leisure Centre, Mile End",51.52059714,-0.032566533,11400.75
"St. John's Road, Clapham Junction",51.46239255,-0.16829214,17153.25
"Ranelagh Gardens, Fulham",51.46760141,-0.20682737,6779.25
"Ram Street, Wandsworth",51.45752945,-0.192165613,16485
"Santos Road, Wandsworth",51.45705988,-0.200806304,2452
"Clapham Common North Side, Clapham Common",51.46134382,-0.159322467,23764.75
"Sandilands Road, Walham Green",51.473611,-0.191803,10996.75
"Gwendwr Road, West Kensington",51.491026,-0.209121,10317.5
"Rifle Place, Avondale",51.509224,-0.216016,9549.25
"Binfield Road, Stockwell",51.47250956,-0.122831913,14393.75
"Tallis Street, Temple",51.511891,-0.107349,8311.5
"Hurlingham Park, Parsons Green",51.470131,-0.20464,4241.75
"Little Brook Green, Brook Green",51.496664,-0.223868,4982.75
"Abyssinia Close, Clapham Junction",51.460333,-0.167029,10811.5
"Limburg Road, Clapham Junction",51.4619230679,-0.165297856693,3693.75
"Houndsditch, Aldgate",51.514449,-0.077178979,6455.5
"Imperial Wharf Station, Sands End",51.474665,-0.18316517,17897.75
"Victoria & Albert Museum, South Kensington",51.495898,-0.173009,13396
"Halford Road, West Kensington",51.483911,-0.19760944,16920.25
"Monier Road, Hackney Wick",51.5403115,-0.021630359,13479.25
"East Village, Queen Elizabeth Olympic Park",51.546326,-0.00993526,10287.25
"Aquatic Centre, Queen Elizabeth Olympic Park",51.54094,-0.010510565,17571
"Lee Valley VeloPark, Queen Elizabeth Olympic Park",51.549369,-0.015717614,6517.25
"Timber Lodge, Queen Elizabeth Olympic Park",51.546805,-0.01469126,10457
"Podium, Queen Elizabeth Olympic Park",51.538718,-0.011889482,11628.25
"Stratford Station, Stratford",51.541793,-0.00481,11968.75
"Blackfriars Road, Southwark",51.505461,-0.10454093,11024.75
"Cromer Street, Bloomsbury",51.528279,-0.11955857,5557.25
"Victoria Rise, Clapham Common",51.461376,-0.14780467,NA
"Euston Square Gardens, Euston",51.527068,-0.13186102,7033.75
"Coram Street, Bloomsbury",51.524,-0.12640984,6315.5
"Ossulston Street, Somers Town",51.5293,-0.12827903,6439
"Birkenhead Street, King's Cross",51.5301998755,-0.122299440803,15064.75
"Kings Gate House, Westminster",51.4976984561,-0.137598896295,4189
"Sopwith Way, Battersea Park",51.4811219398,-0.149035374873,26511
"Lavington Street, Bankside",51.5052241745,-0.0980318118664,9647.5
"Albert Square, Stockwell",51.4765900593,-0.118256789081,16769.75
"Southwark Street, Bankside",51.5054099403,-0.0983410884509,5259.75
"Good's Way, King's Cross",51.5346677396,-0.125078652873,15847
"The Metropolitan, Portobello",51.520509,-0.20080483,NA
"Handyside Street, King's Cross",51.5372405623,-0.124807385707,10651
"Bevington Road West, North Kensington",51.5212,-0.208888173,15769.25
"Gauden Road, Clapham",51.464995,-0.13090885,NA
"Lincoln's Inn Fields, Holborn",51.5162778834,-0.118272991635,5357
"Tate Modern, Bankside",51.5067252868,-0.0988072461627,16748.5
"Westferry Circus, Canary Wharf",51.5057030357,-0.0277727426235,13498
"Here East North, Queen Elizabeth Olympic Park",51.5487311915,-0.0226065549321,8119.25
"New Spring Gardens Walk, Vauxhall",51.4878074485,-0.122759625866,8831.5
"Clapham Road, Lingham Street, Stockwell",51.4714330677,-0.123670735702,8458.5
"Lambeth Palace Road, Waterloo",51.5000891978,-0.116628700672,26631.25
"Here East South, Queen Elizabeth Olympic Park",51.5465327935,-0.0205975904647,5597
"Riverlight South, Nine Elms",51.4813354746,-0.138212295869,12146.5
"Westminster Pier, Westminster",51.501513,-0.12382322,NA
"Belvedere Road 2, South Bank",51.50621,-0.114842,17066.5
"Victory Place, Walworth",51.492807,-0.091938,7967.25
"Battersea Power Station, Battersea Park",51.4835074867,-0.147714557371,32336.75
"Allington Street, Victoria",51.496863,-0.1429434,31296.25
"Cranmer Road, Stockwell",51.479601,-0.11147178,12714.5
"Normandy Road, Stockwell",51.473874,-0.11258096,12559
"Wynne Road, Stockwell",51.469217,-0.11268674,6657.25
"Sidney Road, Stockwell",51.469202,-0.11902256,12849.75
"St John's Crescent, Brixton",51.466232,-0.11317995,9235.75
"Ferndale Road, Brixton",51.464019,-0.11578197,17831.75
"Saltoun Road, Brixton",51.460232,-0.11537509,16486.5
"Gas Holders, Battersea Park",51.477966,-0.14785703,16761.25
"Farringdon Street, Holborn",51.516785,-0.10494775,4830.75
"York Way, Kings Cross",51.541596,-0.12544145,6819.5
"Fore Street Avenue, Guildhall",51.518093,-0.0914017,3275.25
"Sea Containers, South Bank",51.508033,-0.10682363,13177.5
"George Row, Bermondsey",51.498585,-0.068981764,NA
"Tower Wharf, Bermondsey",51.500845,-0.074704305,NA
"Temple Gardens, Temple",51.510981,-0.10832249,NA
"Canada Water Station, Rotherhithe",51.498439,-0.049150215,NA
"Bermondsey Station, Bermondsey",51.497995,-0.063471392,NA
