"id","trip","duration","name","lat","long","nbDocks"
11,21,982.857142857143,"Brunswick Square, Bloomsbury",51.52395143,-0.122502346,24
18,15,2660,"Drury Lane, Covent Garden",51.51477076,-0.12221963,27
36,37,1913.51351351351,"De Vere Gardens, Kensington",51.50173726,-0.184980612,28
57,12,1260,"Guilford Street , Bloomsbury",51.52334672,-0.120202614,32
64,22,1292.72727272727,"William IV Street, Strand",51.50946212,-0.124749274,26
76,21,1537.14285714286,"Longford Street, The Regent's Park",51.52559505,-0.144083893,21
82,8,1567.5,"Chancery Lane, Holborn",51.514274,-0.111257,15
83,23,1896.52173913043,"Panton Street, West End",51.50963938,-0.131510949,21
90,2,1440,"Harrington Square 1, Camden Town",51.53301907,-0.139174593,27
111,46,1656.52173913043,"Park Lane , Hyde Park",51.5100172,-0.157275636,28
130,73,2110.68493150685,"Tower Gardens , Tower",51.50950627,-0.075459482,24
131,7,711.428571428571,"Eversholt Street , Camden Town",51.53300545,-0.136792671,16
138,16,1361.25,"Green Street, Mayfair",51.51227622,-0.157436972,19
139,12,1135,"Lambeth Road, Vauxhall",51.49488108,-0.117974901,18
145,14,964.285714285714,"Ilchester Place, Kensington",51.50074359,-0.202759212,24
149,41,1208.78048780488,"Kennington Road Post Office, Oval",51.48478899,-0.110683213,18
153,56,1945.71428571429,"Bayswater Road, Hyde Park",51.511933,-0.174411,27
160,19,1837.89473684211,"Waterloo Place, St. James's",51.50663341,-0.131773845,20
162,13,1726.15384615385,"Southampton Place, Holborn",51.51760685,-0.121328408,20
166,14,1491.42857142857,"Seville Street, Knightsbridge",51.50185512,-0.159237081,27
173,11,1581.81818181818,"Waterloo Road, South Bank",51.50486,-0.113001,15
191,165,1365.81818181818,"Hyde Park Corner, Hyde Park",51.50311799,-0.153520935,36
213,91,1454.50549450549,"Wellington Arch, Hyde Park",51.50274025,-0.149569201,36
222,10,1008,"Knightsbridge, Hyde Park",51.50275704,-0.155349725,43
224,33,1694.54545454545,"Queensway, Kensington Gardens",51.51031,-0.18740235,17
226,18,1566.66666666667,"Charles II Street, West End",51.50844614,-0.131961389,24
228,15,1508,"St. James's Square, St. James's",51.50742485,-0.134621209,40
229,22,1737.27272727273,"Whitehall Place, Strand",51.50654321,-0.123179697,46
233,21,1517.14285714286,"Pall Mall East, West End",51.50777049,-0.130699733,22
235,17,914.117647058824,"Kennington Road  , Vauxhall",51.49571828,-0.110889274,36
248,111,1372.97297297297,"Triangle Car Park, Hyde Park",51.50645179,-0.170279555,27
252,30,1794,"Jubilee Gardens, South Bank",51.5046364,-0.116542278,30
253,37,2460,"Shoreditch Park, Hoxton",51.53404294,-0.086379717,30
266,32,1275,"Queen's Gate (North), Kensington",51.50102668,-0.180246101,41
270,29,1075.86206896552,"Kennington Lane Rail Bridge, Vauxhall",51.4863434,-0.122492418,31
271,26,1585.38461538462,"London Zoo,  The Regent's Park",51.53583617,-0.156285395,32
273,12,1170,"Belvedere Road 1, South Bank",51.50613324,-0.114686385,38
278,63,1853.33333333333,"Tooley Street, Bermondsey",51.5034938,-0.07962099,27
297,7,2134.28571428571,"Geraldine Street, Elephant & Castle",51.49612799,-0.106000855,17
300,63,1606.66666666667,"Serpentine Car Park, Hyde Park",51.505014,-0.17306032,18
302,56,2242.5,"Putney Pier, Wandsworth",51.466907,-0.216573,28
303,95,1650.94736842105,"Albert Gate, Hyde Park",51.50295379,-0.158456089,34
307,120,1557.5,"Black Lion Gate, Kensington Gardens",51.50990837,-0.187842717,24
309,14,1414.28571428571,"Embankment (Savoy), Strand",51.50963123,-0.119047563,41
315,37,1803.24324324324,"The Tennis Courts, The Regent's Park",51.52536703,-0.153463612,16
325,8,2872.5,"St. Martin's Street, West End",51.50908747,-0.129697889,18
329,51,2018.82352941176,"Prince Albert Road, The Regent's Park",51.53589283,-0.160854428,24
334,4,1170,"Concert Hall Approach 1, South Bank",51.505044,-0.115851,10
335,4,1125,"Tavistock Street, Covent Garden",51.51196803,-0.120718759,33
336,8,1680,"Concert Hall Approach 2, South Bank",51.504942,-0.115533,18
338,16,17475,"Wellington Street , Strand",51.51175646,-0.119643424,24
340,14,1127.14285714286,"Bank of England Museum, Bank",51.51444134,-0.087587447,16
341,30,1382,"Craven Street, Strand",51.50810309,-0.12602103,23
343,21,1525.71428571429,"London Zoo Car Park, The Regent's Park",51.53692216,-0.150181444,36
350,55,1508.72727272727,"Queen's Gate, Kensington Gardens",51.5017154373867,-0.1798541843891,21
354,18,1623.33333333333,"Northumberland Avenue, Strand",51.506767,-0.123702,37
371,6,1580,"King Edward Walk, Waterloo",51.49775,-0.10988,22
377,3,1340,"Waterloo Bridge, South Bank",51.50535447,-0.113656543,15
388,22,1281.81818181818,"Southampton Street, Strand",51.51070161,-0.121723604,14
389,6,820,"Upper Grosvenor Street, Mayfair",51.51013066,-0.155757901,18
398,23,1815.65217391304,"Holland Park, Kensington",51.502319,-0.200742,30
399,22,1581.81818181818,"Brick Lane Market, Shoreditch",51.52261762,-0.071653961,24
404,102,3174.70588235294,"Palace Gate, Kensington Gardens",51.50204238,-0.184400221,13
411,31,5914.83870967742,"Rotherhithe Roundabout, Rotherhithe",51.499169,-0.055846029,19
425,19,1481.05263157895,"Harrington Square 2, Camden Town",51.533379,-0.139159,38
436,19,1329.47368421053,"Red Lion Street, Holborn",51.51824,-0.11655,36
437,17,1143.52941176471,"Vauxhall Walk, Vauxhall",51.488124,-0.120903,27
441,14,1187.14285714286,"Sail Street, Vauxhall",51.495656,-0.114605,24
444,24,2335,"Bethnal Green Garden, Bethnal Green",51.52568,-0.055312,24
445,9,793.333333333333,"Cheshire Street, Bethnal Green",51.52388,-0.065076,28
447,13,2012.30769230769,"Jubilee Crescent, Cubitt Town",51.493381,-0.007542,54
455,20,1509,"East Ferry Road, Cubitt Town",51.49447,-0.014409,17
459,18,1746.66666666667,"Gunmakers Lane, Old Ford",51.535179,-0.03338,17
460,29,4491.72413793103,"Burdett Road, Mile End",51.516196,-0.029138,33
469,11,2312.72727272727,"Lindfield Street, Poplar",51.513757,-0.020467,44
476,9,3393.33333333333,"Stebondale Street, Cubitt Town",51.489096,-0.009205,29
479,33,1469.09090909091,"Pott Street, Bethnal Green",51.527152,-0.058005,20
502,34,1468.23529411765,"Bonner Gate, Victoria Park",51.53341,-0.049591815,21
516,17,1800,"Chrisp Street Market, Poplar",51.5112,-0.014438,18
518,11,1636.36363636364,"Antill Road, Mile End",51.528224,-0.037471,30
521,20,2079,"Driffield Road, Old Ford",51.534137,-0.037366,19
522,47,1466.8085106383,"Clinton Road, Mile End",51.525941,-0.036017,36
531,38,2513.68421052632,"Twig Folly Bridge, Mile End",51.530326,-0.042744,21
534,27,1571.11111111111,"Goldsmith's Row, Haggerston",51.531864,-0.066035,27
535,19,6786.31578947368,"Gloucester Avenue, Camden Town",51.537349,-0.147154,24
536,15,1796,"Queensbridge Road, Haggerston",51.53385,-0.06992,35
540,29,1560,"Albany Street, The Regent's Park",51.528302,-0.144466,27
541,37,1775.67567567568,"Green Park Station, Mayfair",51.506613,-0.142844,28
548,14,2571.42857142857,"Westminster Bridge Road, Elephant & Castle",51.498386,-0.107913,26
559,11,1276.36363636364,"Abbotsbury Road, Holland Park",51.501391,-0.205991,24
564,60,1188,"Somerset House, Strand",51.509943,-0.117619,41
578,8,2310,"Hollybush Gardens, Bethnal Green",51.527607,-0.057133,32
580,25,2080.8,"Doddington Grove, Kennington",51.48692917,-0.102996299,36
586,19,2160,"Mudchute DLR, Cubitt Town",51.490645,-0.014582,31
600,47,1284.25531914894,"South Lambeth Road, Vauxhall",51.481747,-0.124642,21
607,18,1076.66666666667,"Putney Bridge Station, Fulham",51.468814,-0.210279,21
612,22,1821.81818181818,"Wandsworth Rd, Isley Court, Wandsworth Road",51.46925984,-0.141812513,30
614,8,1942.5,"London Fields, Hackney Central",51.54119,-0.058826101,21
618,41,1658.0487804878,"Eel Brook Common, Walham Green",51.47625965,-0.193254007,24
624,24,1880,"Courland Grove, Wandsworth Road",51.4729184,-0.132102704,40
625,119,2187.2268907563,"Queen's Circus, Battersea Park",51.47761941,-0.149551631,28
626,19,896.842105263158,"Normand Park, West Kensington",51.48438657,-0.20481514,24
628,19,1575.78947368421,"William Morris Way, Sands End",51.46881971,-0.184318843,26
632,16,1046.25,"Sheepcote Lane, Battersea",51.47053858,-0.163041605,28
635,25,2366.4,"Greyhound Road, Hammersmith",51.48606206,-0.214428378,37
636,17,1754.11764705882,"South Park, Sands End",51.46706414,-0.193502076,28
641,19,1032.63157894737,"Archbishop's Park, Waterloo",51.49824168,-0.117495865,23
642,14,1032.85714285714,"Fawcett Close, Battersea",51.46916161,-0.174485792,36
648,11,1183.63636363636,"Peterborough Road, Sands End",51.46904022,-0.19627483,30
653,26,1587.69230769231,"Simpson Street, Clapham Junction",51.47084722,-0.17070367,25
655,15,2092,"Crabtree Lane, Fulham",51.48294452,-0.219346128,27
656,7,1740,"Broomhouse Lane, Parsons Green",51.46841875,-0.199135704,29
658,66,1592.72727272727,"Ethelburga Estate, Battersea Park",51.47729232,-0.16478637,30
668,55,3304.36363636364,"Ravenscourt Park Station, Hammersmith",51.49422354,-0.236769936,26
677,11,2083.63636363636,"Heath Road, Battersea",51.46866929,-0.146544642,27
681,49,1971.42857142857,"Bishop's Avenue, Fulham",51.47303687,-0.214749808,46
686,14,1778.57142857143,"Beryl Road, Hammersmith",51.48814438,-0.222456468,26
691,45,1828,"Erin Close, Walham Green",51.47946386,-0.195777222,24
692,39,2007.69230769231,"Cadogan Close, Victoria Park",51.54211855,-0.028941601,22
697,31,2278.06451612903,"Charlotte Terrace, Angel",51.53639219,-0.112721065,25
710,61,2932.13114754098,"Albert Bridge Road, Battersea Park",51.47439218,-0.163347594,20
711,12,2345,"Everington Street, Fulham",51.48335692,-0.216305546,31
712,22,1658.18181818182,"Mile End Stadium, Mile End",51.51854104,-0.034903714,22
722,9,1000,"Finnis Street, Bethnal Green",51.52458353,-0.058631453,19
723,51,1558.82352941176,"Stephendale Road, Sands End",51.46822047,-0.190346493,48
728,17,3042.35294117647,"Putney Bridge Road, East Putney",51.46199911,-0.206240805,29
732,21,1188.57142857143,"Duke Street Hill, London Bridge",51.50630441,-0.087262995,21
733,4,1515,"Park Lane, Mayfair",51.50542628,-0.150817316,18
747,18,2070,"Ormonde Gate, Chelsea",51.48796408,-0.161765173,24
756,52,1894.61538461538,"Prince of Wales Drive, Battersea Park",51.47515398,-0.159169801,21
762,80,1364.25,"Storey's Gate, Westminster",51.50070305,-0.129698963,21
763,25,1490.4,"Mile End Park Leisure Centre, Mile End",51.52059714,-0.032566533,47
765,19,1553.68421052632,"Ranelagh Gardens, Fulham",51.46760141,-0.20682737,39
768,62,2318.70967741935,"Clapham Common North Side, Clapham Common",51.46134382,-0.159322467,37
769,23,1304.34782608696,"Sandilands Road, Walham Green",51.473611,-0.191803,21
774,15,1092,"Hurlingham Park, Parsons Green",51.470131,-0.20464,20
775,18,1780,"Little Brook Green, Brook Green",51.496664,-0.223868,33
776,22,2460,"Abyssinia Close, Clapham Junction",51.460333,-0.167029,20
783,35,1419.42857142857,"Monier Road, Hackney Wick",51.5403115,-0.021630359,27
785,78,2188.46153846154,"Aquatic Centre, Queen Elizabeth Olympic Park",51.54094,-0.010510565,64
786,36,2513.33333333333,"Lee Valley VeloPark, Queen Elizabeth Olympic Park",51.549369,-0.015717614,44
787,69,2326.95652173913,"Timber Lodge, Queen Elizabeth Olympic Park",51.546805,-0.01469126,35
789,74,2922.16216216216,"Podium, Queen Elizabeth Olympic Park",51.538718,-0.011889482,40
812,24,1540,"Here East North, Queen Elizabeth Olympic Park",51.5487311915,-0.0226065549321,28
813,9,1580,"New Spring Gardens Walk, Vauxhall",51.4878074485,-0.122759625866,37
815,37,1375.13513513514,"Lambeth Palace Road, Waterloo",51.5000891978,-0.116628700672,35
816,8,1507.5,"Here East South, Queen Elizabeth Olympic Park",51.5465327935,-0.0205975904647,28
818,73,1332.32876712329,"Westminster Pier, Westminster",51.501513,-0.12382322,27
819,5,840,"Belvedere Road 2, South Bank",51.50621,-0.114842,38
829,11,2165.45454545455,"Wynne Road, Stockwell",51.469217,-0.11268674,25
831,28,10598.5714285714,"St John's Crescent, Brixton",51.466232,-0.11317995,25
832,51,2111.76470588235,"Ferndale Road, Brixton",51.464019,-0.11578197,30
833,71,3862.81690140845,"Saltoun Road, Brixton",51.460232,-0.11537509,42
834,56,1757.14285714286,"Gas Holders, Battersea Park",51.477966,-0.14785703,26
