"id","trip","duration","name","lat","long","nbDocks"
11,50,715.2,"Brunswick Square, Bloomsbury",51.52395143,-0.122502346,24
18,132,1480,"Drury Lane, Covent Garden",51.51477076,-0.12221963,27
36,117,1767.69230769231,"De Vere Gardens, Kensington",51.50173726,-0.184980612,28
57,47,1483.40425531915,"Guilford Street , Bloomsbury",51.52334672,-0.120202614,32
64,120,1803,"William IV Street, Strand",51.50946212,-0.124749274,26
76,33,2705.45454545455,"Longford Street, The Regent's Park",51.52559505,-0.144083893,21
82,22,1112.72727272727,"Chancery Lane, Holborn",51.514274,-0.111257,15
83,123,2184.87804878049,"Panton Street, West End",51.50963938,-0.131510949,21
84,13,1075.38461538462,"Breams Buildings, Holborn",51.51593725,-0.111778348,25
90,10,642,"Harrington Square 1, Camden Town",51.53301907,-0.139174593,27
111,248,2423.22580645161,"Park Lane , Hyde Park",51.5100172,-0.157275636,28
130,200,1773.3,"Tower Gardens , Tower",51.50950627,-0.075459482,24
131,33,1292.72727272727,"Eversholt Street , Camden Town",51.53300545,-0.136792671,16
138,155,2595.87096774194,"Green Street, Mayfair",51.51227622,-0.157436972,19
139,24,937.5,"Lambeth Road, Vauxhall",51.49488108,-0.117974901,18
145,23,1390.4347826087,"Ilchester Place, Kensington",51.50074359,-0.202759212,24
149,48,1032.5,"Kennington Road Post Office, Oval",51.48478899,-0.110683213,18
153,239,2274.4769874477,"Bayswater Road, Hyde Park",51.511933,-0.174411,27
160,113,2897.52212389381,"Waterloo Place, St. James's",51.50663341,-0.131773845,20
162,47,2627.23404255319,"Southampton Place, Holborn",51.51760685,-0.121328408,20
166,119,1630.08403361345,"Seville Street, Knightsbridge",51.50185512,-0.159237081,27
173,55,4176,"Waterloo Road, South Bank",51.50486,-0.113001,15
191,765,2509.96078431373,"Hyde Park Corner, Hyde Park",51.50311799,-0.153520935,36
213,308,2047.4025974026,"Wellington Arch, Hyde Park",51.50274025,-0.149569201,36
222,36,1520,"Knightsbridge, Hyde Park",51.50275704,-0.155349725,43
226,73,2528.21917808219,"Charles II Street, West End",51.50844614,-0.131961389,24
228,139,1656.69064748201,"St. James's Square, St. James's",51.50742485,-0.134621209,40
229,213,2174.3661971831,"Whitehall Place, Strand",51.50654321,-0.123179697,46
233,131,2050.53435114504,"Pall Mall East, West End",51.50777049,-0.130699733,22
235,46,2647.82608695652,"Kennington Road  , Vauxhall",51.49571828,-0.110889274,36
248,375,2069.6,"Triangle Car Park, Hyde Park",51.50645179,-0.170279555,27
252,144,2403.75,"Jubilee Gardens, South Bank",51.5046364,-0.116542278,30
253,71,1543.0985915493,"Shoreditch Park, Hoxton",51.53404294,-0.086379717,30
258,22,1693.63636363636,"Kensington Gore, Knightsbridge",51.50143293,-0.178656971,23
266,93,1770.32258064516,"Queen's Gate (North), Kensington",51.50102668,-0.180246101,41
270,136,957.352941176471,"Kennington Lane Rail Bridge, Vauxhall",51.4863434,-0.122492418,31
271,91,1731.42857142857,"London Zoo,  The Regent's Park",51.53583617,-0.156285395,32
273,75,1563.2,"Belvedere Road 1, South Bank",51.50613324,-0.114686385,38
278,136,1869.26470588235,"Tooley Street, Bermondsey",51.5034938,-0.07962099,27
297,12,640,"Geraldine Street, Elephant & Castle",51.49612799,-0.106000855,17
300,413,1742.46973365617,"Serpentine Car Park, Hyde Park",51.505014,-0.17306032,18
302,92,3149.34782608696,"Putney Pier, Wandsworth",51.466907,-0.216573,28
303,451,1970.15521064302,"Albert Gate, Hyde Park",51.50295379,-0.158456089,34
307,589,2101.83361629881,"Black Lion Gate, Kensington Gardens",51.50990837,-0.187842717,24
309,64,1754.0625,"Embankment (Savoy), Strand",51.50963123,-0.119047563,41
315,107,1547.10280373832,"The Tennis Courts, The Regent's Park",51.52536703,-0.153463612,16
325,63,2312.38095238095,"St. Martin's Street, West End",51.50908747,-0.129697889,18
329,101,1669.90099009901,"Prince Albert Road, The Regent's Park",51.53589283,-0.160854428,24
334,53,1883.77358490566,"Concert Hall Approach 1, South Bank",51.505044,-0.115851,10
335,92,1461.52173913043,"Tavistock Street, Covent Garden",51.51196803,-0.120718759,33
336,33,2138.18181818182,"Concert Hall Approach 2, South Bank",51.504942,-0.115533,18
338,121,1253.55371900826,"Wellington Street , Strand",51.51175646,-0.119643424,24
340,47,942.127659574468,"Bank of England Museum, Bank",51.51444134,-0.087587447,16
341,183,2277.37704918033,"Craven Street, Strand",51.50810309,-0.12602103,23
343,55,1453.09090909091,"London Zoo Car Park, The Regent's Park",51.53692216,-0.150181444,36
350,256,1990.3125,"Queen's Gate, Kensington Gardens",51.5017154373867,-0.1798541843891,21
354,51,2655.29411764706,"Northumberland Avenue, Strand",51.506767,-0.123702,37
355,10,870,"Clapham Common Station, Clapham Common",51.461388,-0.13922146,21
371,16,881.25,"King Edward Walk, Waterloo",51.49775,-0.10988,22
377,54,1483.33333333333,"Waterloo Bridge, South Bank",51.50535447,-0.113656543,15
388,72,1355.83333333333,"Southampton Street, Strand",51.51070161,-0.121723604,14
389,7,2048.57142857143,"Upper Grosvenor Street, Mayfair",51.51013066,-0.155757901,18
398,63,1580.95238095238,"Holland Park, Kensington",51.502319,-0.200742,30
399,85,1272.70588235294,"Brick Lane Market, Shoreditch",51.52261762,-0.071653961,24
404,153,1877.25490196078,"Palace Gate, Kensington Gardens",51.50204238,-0.184400221,13
411,72,1850,"Rotherhithe Roundabout, Rotherhithe",51.499169,-0.055846029,19
425,23,1273.04347826087,"Harrington Square 2, Camden Town",51.533379,-0.139159,38
436,66,1193.63636363636,"Red Lion Street, Holborn",51.51824,-0.11655,36
437,47,1665.95744680851,"Vauxhall Walk, Vauxhall",51.488124,-0.120903,27
441,37,1118.91891891892,"Sail Street, Vauxhall",51.495656,-0.114605,24
444,72,1240.83333333333,"Bethnal Green Garden, Bethnal Green",51.52568,-0.055312,24
445,42,887.142857142857,"Cheshire Street, Bethnal Green",51.52388,-0.065076,28
447,23,5212.17391304348,"Jubilee Crescent, Cubitt Town",51.493381,-0.007542,54
455,35,1618.28571428571,"East Ferry Road, Cubitt Town",51.49447,-0.014409,17
459,105,1464,"Gunmakers Lane, Old Ford",51.535179,-0.03338,17
460,55,1220.72727272727,"Burdett Road, Mile End",51.516196,-0.029138,33
469,34,1990.58823529412,"Lindfield Street, Poplar",51.513757,-0.020467,44
474,10,2322,"Gascoyne Road, Victoria Park",51.541515,-0.038557746,20
476,32,1509.375,"Stebondale Street, Cubitt Town",51.489096,-0.009205,29
479,109,1039.26605504587,"Pott Street, Bethnal Green",51.527152,-0.058005,20
516,33,1132.72727272727,"Chrisp Street Market, Poplar",51.5112,-0.014438,18
518,74,1245.40540540541,"Antill Road, Mile End",51.528224,-0.037471,30
521,122,1566.39344262295,"Driffield Road, Old Ford",51.534137,-0.037366,19
522,57,1424.21052631579,"Clinton Road, Mile End",51.525941,-0.036017,36
531,105,1429.14285714286,"Twig Folly Bridge, Mile End",51.530326,-0.042744,21
534,109,1198.34862385321,"Goldsmith's Row, Haggerston",51.531864,-0.066035,27
535,63,2053.33333333333,"Gloucester Avenue, Camden Town",51.537349,-0.147154,24
536,43,1501.39534883721,"Queensbridge Road, Haggerston",51.53385,-0.06992,35
540,69,1228.69565217391,"Albany Street, The Regent's Park",51.528302,-0.144466,27
541,258,2204.18604651163,"Green Park Station, Mayfair",51.506613,-0.142844,28
548,19,1904.21052631579,"Westminster Bridge Road, Elephant & Castle",51.498386,-0.107913,26
559,41,1000.9756097561,"Abbotsbury Road, Holland Park",51.501391,-0.205991,24
564,175,1868.91428571429,"Somerset House, Strand",51.509943,-0.117619,41
578,66,2817.27272727273,"Hollybush Gardens, Bethnal Green",51.527607,-0.057133,32
580,57,1252.63157894737,"Doddington Grove, Kennington",51.48692917,-0.102996299,36
586,27,1884.44444444444,"Mudchute DLR, Cubitt Town",51.490645,-0.014582,31
600,84,1540,"South Lambeth Road, Vauxhall",51.481747,-0.124642,21
607,67,2042.68656716418,"Putney Bridge Station, Fulham",51.468814,-0.210279,21
612,65,1310.76923076923,"Wandsworth Rd, Isley Court, Wandsworth Road",51.46925984,-0.141812513,30
614,22,867.272727272727,"London Fields, Hackney Central",51.54119,-0.058826101,21
618,48,1022.5,"Eel Brook Common, Walham Green",51.47625965,-0.193254007,24
624,34,1127.64705882353,"Courland Grove, Wandsworth Road",51.4729184,-0.132102704,40
625,146,2015.34246575342,"Queen's Circus, Battersea Park",51.47761941,-0.149551631,28
626,98,1132.04081632653,"Normand Park, West Kensington",51.48438657,-0.20481514,24
628,44,1291.36363636364,"William Morris Way, Sands End",51.46881971,-0.184318843,26
632,30,1406,"Sheepcote Lane, Battersea",51.47053858,-0.163041605,28
635,56,1285.71428571429,"Greyhound Road, Hammersmith",51.48606206,-0.214428378,37
636,40,888,"South Park, Sands End",51.46706414,-0.193502076,28
641,50,1088.4,"Archbishop's Park, Waterloo",51.49824168,-0.117495865,23
642,25,1531.2,"Fawcett Close, Battersea",51.46916161,-0.174485792,36
648,20,1641,"Peterborough Road, Sands End",51.46904022,-0.19627483,30
653,60,2065,"Simpson Street, Clapham Junction",51.47084722,-0.17070367,25
655,46,2792.60869565217,"Crabtree Lane, Fulham",51.48294452,-0.219346128,27
656,30,836,"Broomhouse Lane, Parsons Green",51.46841875,-0.199135704,29
658,161,1478.75776397516,"Ethelburga Estate, Battersea Park",51.47729232,-0.16478637,30
668,70,2497.71428571429,"Ravenscourt Park Station, Hammersmith",51.49422354,-0.236769936,26
677,15,1560,"Heath Road, Battersea",51.46866929,-0.146544642,27
681,82,1468.53658536585,"Bishop's Avenue, Fulham",51.47303687,-0.214749808,46
686,47,1757.87234042553,"Beryl Road, Hammersmith",51.48814438,-0.222456468,26
691,95,937.263157894737,"Erin Close, Walham Green",51.47946386,-0.195777222,24
692,121,1743.96694214876,"Cadogan Close, Victoria Park",51.54211855,-0.028941601,22
697,26,1283.07692307692,"Charlotte Terrace, Angel",51.53639219,-0.112721065,25
710,106,1826.03773584906,"Albert Bridge Road, Battersea Park",51.47439218,-0.163347594,20
711,60,891,"Everington Street, Fulham",51.48335692,-0.216305546,31
712,57,2424.21052631579,"Mile End Stadium, Mile End",51.51854104,-0.034903714,22
722,24,940,"Finnis Street, Bethnal Green",51.52458353,-0.058631453,19
723,88,2282.72727272727,"Stephendale Road, Sands End",51.46822047,-0.190346493,48
728,35,2153.14285714286,"Putney Bridge Road, East Putney",51.46199911,-0.206240805,29
732,183,1643.27868852459,"Duke Street Hill, London Bridge",51.50630441,-0.087262995,21
733,50,1792.8,"Park Lane, Mayfair",51.50542628,-0.150817316,18
747,60,1329,"Ormonde Gate, Chelsea",51.48796408,-0.161765173,24
756,72,2750,"Prince of Wales Drive, Battersea Park",51.47515398,-0.159169801,21
762,256,2177.578125,"Storey's Gate, Westminster",51.50070305,-0.129698963,21
763,28,990,"Mile End Park Leisure Centre, Mile End",51.52059714,-0.032566533,47
765,34,1240.58823529412,"Ranelagh Gardens, Fulham",51.46760141,-0.20682737,39
768,94,1990.85106382979,"Clapham Common North Side, Clapham Common",51.46134382,-0.159322467,37
769,44,1206.81818181818,"Sandilands Road, Walham Green",51.473611,-0.191803,21
774,14,1242.85714285714,"Hurlingham Park, Parsons Green",51.470131,-0.20464,20
775,36,1028.33333333333,"Little Brook Green, Brook Green",51.496664,-0.223868,33
776,35,2569.71428571429,"Abyssinia Close, Clapham Junction",51.460333,-0.167029,20
783,133,1743.60902255639,"Monier Road, Hackney Wick",51.5403115,-0.021630359,27
785,382,2612.51308900524,"Aquatic Centre, Queen Elizabeth Olympic Park",51.54094,-0.010510565,64
786,125,1534.56,"Lee Valley VeloPark, Queen Elizabeth Olympic Park",51.549369,-0.015717614,44
787,143,2485.17482517483,"Timber Lodge, Queen Elizabeth Olympic Park",51.546805,-0.01469126,35
789,206,3102.81553398058,"Podium, Queen Elizabeth Olympic Park",51.538718,-0.011889482,40
794,20,8628,"Victoria Rise, Clapham Common",51.461376,-0.14780467,23
800,129,1630.23255813953,"Sopwith Way, Battersea Park",51.4811219398,-0.149035374873,30
812,61,2555.40983606557,"Here East North, Queen Elizabeth Olympic Park",51.5487311915,-0.0226065549321,28
813,36,1143.33333333333,"New Spring Gardens Walk, Vauxhall",51.4878074485,-0.122759625866,37
815,126,1977.14285714286,"Lambeth Palace Road, Waterloo",51.5000891978,-0.116628700672,35
816,58,1463.79310344828,"Here East South, Queen Elizabeth Olympic Park",51.5465327935,-0.0205975904647,28
818,82,1431.9512195122,"Westminster Pier, Westminster",51.501513,-0.12382322,27
819,85,1562.82352941176,"Belvedere Road 2, South Bank",51.50621,-0.114842,38
829,29,1551.72413793103,"Wynne Road, Stockwell",51.469217,-0.11268674,25
831,38,2793.15789473684,"St John's Crescent, Brixton",51.466232,-0.11317995,25
832,80,2286,"Ferndale Road, Brixton",51.464019,-0.11578197,30
833,81,2368.88888888889,"Saltoun Road, Brixton",51.460232,-0.11537509,42
834,49,1284.48979591837,"Gas Holders, Battersea Park",51.477966,-0.14785703,26
